{
 "name": "Pagaritooted",
 "info": [
  {
   "product": "Leibur Kuldne teraröst 260g",
   "url": "https://ecoop.ee/et/toode/22963225-leibur-kuldne-terarost-260g",
   "hindeur": "0",
   "hindcent": "72 €"
  },
  {
   "product": "Peremehe leib 600g Eesti Pagar",
   "url": "https://ecoop.ee/et/toode/22967914-peremehe-leib-600g-eesti-pagar",
   "hindeur": "0",
   "hindcent": "76 €"
  },
  {
   "product": "Aviko Churros Hispaania pontšik 300g külmutatud",
   "url": "https://ecoop.ee/et/toode/22971426-aviko-churros-hispaania-pontsik-300g-kulmutatud",
   "hindeur": "2",
   "hindcent": "75 €"
  },
  {
   "product": "Eesti Pagar Klassikaline nisutortilla 360g 6tk",
   "url": "https://ecoop.ee/et/toode/22911833-eesti-pagar-klassikaline-nisutortilla-360g-6tk",
   "hindeur": "2",
   "hindcent": "09 €"
  },
  {
   "product": "Pagarini Õuna-laimi tort 700g laktoosivaba",
   "url": "https://ecoop.ee/et/toode/22963017-pagarini-ounalaimi-tort-700g-laktoosivaba",
   "hindeur": "10",
   "hindcent": "99 €"
  },
  {
   "product": "Eesti Pagar Tosca kook rabarberiga 650g laktoosivaba",
   "url": "https://ecoop.ee/et/toode/22953433-eesti-pagar-tosca-kook-rabarberiga-650g-laktoosivaba",
   "hindeur": "6",
   "hindcent": "89 €"
  },
  {
   "product": "Pagarini Juustukook 850g",
   "url": "https://ecoop.ee/et/toode/22905922-pagarini-juustukook-850g",
   "hindeur": "13",
   "hindcent": "79 €"
  },
  {
   "product": "Eesti Pagar Magus muretaigen 500g",
   "url": "https://ecoop.ee/et/toode/19413706-eesti-pagar-magus-muretaigen-500g",
   "hindeur": "1",
   "hindcent": "79 €"
  },
  {
   "product": "Eesti Pagar Pärmi-lehttaigen 4 lehte pakis 400g",
   "url": "https://ecoop.ee/et/toode/18478860-eesti-pagar-parmilehttaigen-4-lehte-pakis-400g",
   "hindeur": "1",
   "hindcent": "55 €"
  },
  {
   "product": "Leibur Linaseemnesepik 360g",
   "url": "https://ecoop.ee/et/toode/22963137-leibur-linaseemnesepik-360g",
   "hindeur": "0",
   "hindcent": "90 €"
  },
  {
   "product": "Eesti Pagar Tume ciabatta 240g",
   "url": "https://ecoop.ee/et/toode/21071275-eesti-pagar-tume-ciabatta-240g",
   "hindeur": "0",
   "hindcent": "67 €"
  },
  {
   "product": "Eesti Pagar Marjatort vaarikatega 850g",
   "url": "https://ecoop.ee/et/toode/22963056-eesti-pagar-marjatort-vaarikatega-850g",
   "hindeur": "10",
   "hindcent": "99 €"
  },
  {
   "product": "Fazer Lapi leib kaeraga Street food 180g",
   "url": "https://ecoop.ee/et/toode/22884836-fazer-lapi-leib-kaeraga-street-food-180g",
   "hindeur": "1",
   "hindcent": "39 €"
  },
  {
   "product": "Hiiumaa Pagar Tosca õuna-rosinakook 290g",
   "url": "https://ecoop.ee/et/toode/17739500-hiiumaa-pagar-tosca-ounarosinakook-290g",
   "hindeur": "3",
   "hindcent": "09 €"
  },
  {
   "product": "Eesti Pagar Kohupiimakook 300g",
   "url": "https://ecoop.ee/et/toode/22057727-eesti-pagar-kohupiimakook-300g",
   "hindeur": "2",
   "hindcent": "79 €"
  },
  {
   "product": "Leibur Rukkipala idandatud teradega 240g",
   "url": "https://ecoop.ee/et/toode/22963142-leibur-rukkipala-idandatud-teradega-240g",
   "hindeur": "1",
   "hindcent": "29 €"
  },
  {
   "product": "Clara Napoleonikook 400g laktoosivaba",
   "url": "https://ecoop.ee/et/toode/22897642-clara-napoleonikook-400g-laktoosivaba",
   "hindeur": "4",
   "hindcent": "59 €"
  },
  {
   "product": "Eesti Leivatööstus Kaera-muretaigen 500g",
   "url": "https://ecoop.ee/et/toode/22671648-eesti-leivatoostus-kaeramuretaigen-500g",
   "hindeur": "2",
   "hindcent": "59 €"
  },
  {
   "product": "Clara Vaarika-brownie tort 1kg",
   "url": "https://ecoop.ee/et/toode/22614971-clara-vaarikabrownie-tort-1kg",
   "hindeur": "14",
   "hindcent": "99 €"
  },
  {
   "product": "Eesti Leivatööstus Lehttaigen 600g jahutatud",
   "url": "https://ecoop.ee/et/toode/17958096-eesti-leivatoostus-lehttaigen-600g-jahutatud",
   "hindeur": "2",
   "hindcent": "59 €"
  },
  {
   "product": "Eesti Pagar Maasika-greibi tort 600g",
   "url": "https://ecoop.ee/et/toode/22961045-eesti-pagar-maasikagreibi-tort-600g",
   "hindeur": "10",
   "hindcent": "69 €"
  },
  {
   "product": "Eesti Pagar Kaerasepik 300g",
   "url": "https://ecoop.ee/et/toode/22949766-eesti-pagar-kaerasepik-300g",
   "hindeur": "0",
   "hindcent": "70 €"
  },
  {
   "product": "Eesti Pagar Haputaina Pehmik 4tk 240g",
   "url": "https://ecoop.ee/et/toode/22946646-eesti-pagar-haputaina-pehmik-4tk-240g",
   "hindeur": "0",
   "hindcent": "86 €"
  },
  {
   "product": "Eesti Leivatööstus Maasika-kohupiimakook 690g",
   "url": "https://ecoop.ee/et/toode/20765536-eesti-leivatoostus-maasikakohupiimakook-690g",
   "hindeur": "5",
   "hindcent": "49 €"
  },
  {
   "product": "Eesti Leivatööstus Täistera amps tüümiani-küüslauguga 4*70g",
   "url": "https://ecoop.ee/et/toode/22923491-eesti-leivatoostus-taistera-amps-tuumianikuuslauguga-470g",
   "hindeur": "1",
   "hindcent": "05 €"
  },
  {
   "product": "Fitcake Kohupiimakook mangoga 400g",
   "url": "https://ecoop.ee/et/toode/22926349-fitcake-kohupiimakook-mangoga-400g",
   "hindeur": "5",
   "hindcent": "69 €"
  },
  {
   "product": "Fitcake Riccota-banaani kook 400g",
   "url": "https://ecoop.ee/et/toode/22920839-fitcake-riccotabanaani-kook-400g",
   "hindeur": "6",
   "hindcent": "19 €"
  },
  {
   "product": "Fazer Rösti Keefiri röstsai kaltsiumiga 450g",
   "url": "https://ecoop.ee/et/toode/22661703-fazer-rosti-keefiri-rostsai-kaltsiumiga-450g",
   "hindeur": "1",
   "hindcent": "10 €"
  },
  {
   "product": "Eesti Pagar Täisteratortilla 6tk 360g",
   "url": "https://ecoop.ee/et/toode/22911837-eesti-pagar-taisteratortilla-6tk-360g",
   "hindeur": "2",
   "hindcent": "39 €"
  },
  {
   "product": "Eesti Pagar Mitmevilja tortilla 6tk 360g",
   "url": "https://ecoop.ee/et/toode/22911835-eesti-pagar-mitmevilja-tortilla-6tk-360g",
   "hindeur": "2",
   "hindcent": "39 €"
  },
  {
   "product": "Mantinga Pärmilehttaigen 500g 5 lehte",
   "url": "https://ecoop.ee/et/toode/22819378-mantinga-parmilehttaigen-500g-5-lehte",
   "hindeur": "1",
   "hindcent": "39 €"
  },
  {
   "product": "Mantinga Filotaigen 450g",
   "url": "https://ecoop.ee/et/toode/22819384-mantinga-filotaigen-450g",
   "hindeur": "3",
   "hindcent": "55 €"
  },
  {
   "product": "Meie Eesti peenleib 370g",
   "url": "https://ecoop.ee/et/toode/19928185-meie-eesti-peenleib-370g",
   "hindeur": "0",
   "hindcent": "92 €"
  },
  {
   "product": "Eesti Pagar Kohupiima-sefiiritort 600g",
   "url": "https://ecoop.ee/et/toode/22013191-eesti-pagar-kohupiimasefiiritort-600g",
   "hindeur": "4",
   "hindcent": "69 €"
  },
  {
   "product": "Eesti Pagar Kodukandi koorikleib 4tk 300g",
   "url": "https://ecoop.ee/et/toode/22903637-eesti-pagar-kodukandi-koorikleib-4tk-300g",
   "hindeur": "0",
   "hindcent": "69 €"
  },
  {
   "product": "Fazer Must Põrandaleib 390g",
   "url": "https://ecoop.ee/et/toode/18587337-fazer-must-porandaleib-390g",
   "hindeur": "0",
   "hindcent": "82 €"
  },
  {
   "product": "Eesti Pagar Tosca kook pähkli-rosina 600g",
   "url": "https://ecoop.ee/et/toode/22831178-eesti-pagar-tosca-kook-pahklirosina-600g",
   "hindeur": "7",
   "hindcent": "49 €"
  },
  {
   "product": "Eesti Pagar Polaartort 550g",
   "url": "https://ecoop.ee/et/toode/22831175-eesti-pagar-polaartort-550g",
   "hindeur": "5",
   "hindcent": "89 €"
  },
  {
   "product": "Clara Õuna-rabarberikook 800g",
   "url": "https://ecoop.ee/et/toode/20402219-clara-ounarabarberikook-800g",
   "hindeur": "5",
   "hindcent": "39 €"
  },
  {
   "product": "Eesti Leivatööstus Rummikoogid 450g",
   "url": "https://ecoop.ee/et/toode/19579311-eesti-leivatoostus-rummikoogid-450g",
   "hindeur": "4",
   "hindcent": "95 €"
  },
  {
   "product": "Eesti Leivatööstus Tort Virmaline 600g",
   "url": "https://ecoop.ee/et/toode/17995963-eesti-leivatoostus-tort-virmaline-600g",
   "hindeur": "6",
   "hindcent": "39 €"
  },
  {
   "product": "Clara Tort Valli 500g",
   "url": "https://ecoop.ee/et/toode/14713608-clara-tort-valli-500g",
   "hindeur": "5",
   "hindcent": "29 €"
  },
  {
   "product": "Clara Hea kohupiimakook 370g",
   "url": "https://ecoop.ee/et/toode/12424532-clara-hea-kohupiimakook-370g",
   "hindeur": "3",
   "hindcent": "95 €"
  },
  {
   "product": "Hiiumaa Pagar Kohupiimakook 270g",
   "url": "https://ecoop.ee/et/toode/17697392-hiiumaa-pagar-kohupiimakook-270g",
   "hindeur": "3",
   "hindcent": "75 €"
  },
  {
   "product": "Eesti Pagar Kulitsh 300g",
   "url": "https://ecoop.ee/et/toode/22023466-eesti-pagar-kulitsh-300g",
   "hindeur": "1",
   "hindcent": "79 €"
  },
  {
   "product": "Eesti Pagar Gruusia rahvusleib 330g",
   "url": "https://ecoop.ee/et/toode/21662991-eesti-pagar-gruusia-rahvusleib-330g",
   "hindeur": "0",
   "hindcent": "63 €"
  },
  {
   "product": "Eesti Pagar Kirsi-kohupiimasaiake võiga 320g",
   "url": "https://ecoop.ee/et/toode/22844636-eesti-pagar-kirsikohupiimasaiake-voiga-320g",
   "hindeur": "3",
   "hindcent": "09 €"
  },
  {
   "product": "Eesti Pagar Pitsarull 400g",
   "url": "https://ecoop.ee/et/toode/22754711-eesti-pagar-pitsarull-400g",
   "hindeur": "2",
   "hindcent": "79 €"
  },
  {
   "product": "Eesti Pagar Peekoni-munapirukas 390g külmutatud",
   "url": "https://ecoop.ee/et/toode/17192364-eesti-pagar-peekonimunapirukas-390g-kulmutatud",
   "hindeur": "2",
   "hindcent": "79 €"
  },
  {
   "product": "7 Days Double croissant 60g vanilje-maasikamaitseline",
   "url": "https://ecoop.ee/et/toode/22703382-7-days-double-croissant-60g-vaniljemaasikamaitseline",
   "hindeur": "0",
   "hindcent": "50 €"
  },
  {
   "product": "Chipita 7 Days Double sarvesai kakao-ja van.täidis 60g",
   "url": "https://ecoop.ee/et/toode/18235363-chipita-7-days-double-sarvesai-kakaoja-vantaidis-60g",
   "hindeur": "0",
   "hindcent": "50 €"
  },
  {
   "product": "Coop Lehttaigen 500g",
   "url": "https://ecoop.ee/et/toode/22826352-coop-lehttaigen-500g",
   "hindeur": "1",
   "hindcent": "75 €"
  },
  {
   "product": "Coop Pärmi-lehttaigen 500g",
   "url": "https://ecoop.ee/et/toode/22826347-coop-parmilehttaigen-500g",
   "hindeur": "1",
   "hindcent": "75 €"
  },
  {
   "product": "Coop Muretaigen 500g",
   "url": "https://ecoop.ee/et/toode/22826342-coop-muretaigen-500g",
   "hindeur": "1",
   "hindcent": "25 €"
  },
  {
   "product": "Eesti Pagar Vaarikasaiake võiga 320g",
   "url": "https://ecoop.ee/et/toode/22665852-eesti-pagar-vaarikasaiake-voiga-320g",
   "hindeur": "2",
   "hindcent": "79 €"
  },
  {
   "product": "Gourmet Club Rosina-pähklileib 200g külmutatud",
   "url": "https://ecoop.ee/et/toode/22637550-gourmet-club-rosinapahklileib-200g-kulmutatud",
   "hindeur": "2",
   "hindcent": "09 €"
  },
  {
   "product": "Eesti Pagar Juusturull 400g külmutatud",
   "url": "https://ecoop.ee/et/toode/22604819-eesti-pagar-juusturull-400g-kulmutatud",
   "hindeur": "2",
   "hindcent": "69 €"
  },
  {
   "product": "Eesti Pagar Mustsõstrapalmik 400g külmutatud",
   "url": "https://ecoop.ee/et/toode/22604815-eesti-pagar-mustsostrapalmik-400g-kulmutatud",
   "hindeur": "2",
   "hindcent": "79 €"
  },
  {
   "product": "Eesti Pagar Viineripirukas 360g külmutatud",
   "url": "https://ecoop.ee/et/toode/22013468-eesti-pagar-viineripirukas-360g-kulmutatud",
   "hindeur": "2",
   "hindcent": "99 €"
  },
  {
   "product": "Eesti Pagar Õuna-pohlasaiake 360g külmutatud",
   "url": "https://ecoop.ee/et/toode/22013397-eesti-pagar-ounapohlasaiake-360g-kulmutatud",
   "hindeur": "2",
   "hindcent": "99 €"
  },
  {
   "product": "Eesti Pagar Croissant võiga 360g külmutatud",
   "url": "https://ecoop.ee/et/toode/20450233-eesti-pagar-croissant-voiga-360g-kulmutatud",
   "hindeur": "2",
   "hindcent": "69 €"
  },
  {
   "product": "Eesti Pagar Pärmi-lehttaigen võiga 400g külmutatud",
   "url": "https://ecoop.ee/et/toode/19358527-eesti-pagar-parmilehttaigen-voiga-400g-kulmutatud",
   "hindeur": "2",
   "hindcent": "35 €"
  },
  {
   "product": "Eesti Pagar Vaniljesaiake 400g külmutatud",
   "url": "https://ecoop.ee/et/toode/18871342-eesti-pagar-vaniljesaiake-400g-kulmutatud",
   "hindeur": "1",
   "hindcent": "99 €"
  },
  {
   "product": "Eesti Pagar Suitsukanapirukas murulauguga 360g külmutatud",
   "url": "https://ecoop.ee/et/toode/18871308-eesti-pagar-suitsukanapirukas-murulauguga-360g-kulmutatud",
   "hindeur": "2",
   "hindcent": "79 €"
  },
  {
   "product": "Eesti Pagar Viineripirukas sinepi-kurgitäidisega 390g külmutatud",
   "url": "https://ecoop.ee/et/toode/18194880-eesti-pagar-viineripirukas-sinepikurgitaidisega-390g-kulmutatud",
   "hindeur": "2",
   "hindcent": "79 €"
  },
  {
   "product": "Eesti Pagar Kaneelisaiake 320g külmutatud",
   "url": "https://ecoop.ee/et/toode/17818021-eesti-pagar-kaneelisaiake-320g-kulmutatud",
   "hindeur": "1",
   "hindcent": "99 €"
  },
  {
   "product": "Eesti Pagar Pärmi-lehttaigen 500g külmutatud",
   "url": "https://ecoop.ee/et/toode/14129099-eesti-pagar-parmilehttaigen-500g-kulmutatud",
   "hindeur": "1",
   "hindcent": "95 €"
  },
  {
   "product": "Eesti Pagar Lihapirukas 400g külmutatud",
   "url": "https://ecoop.ee/et/toode/13983249-eesti-pagar-lihapirukas-400g-kulmutatud",
   "hindeur": "2",
   "hindcent": "79 €"
  },
  {
   "product": "Eesti Pagar Kohupiimasaiake 400g külmutatud",
   "url": "https://ecoop.ee/et/toode/13983189-eesti-pagar-kohupiimasaiake-400g-kulmutatud",
   "hindeur": "2",
   "hindcent": "75 €"
  },
  {
   "product": "Vici pizzapõhjad 2*160g külmutatud",
   "url": "https://ecoop.ee/et/toode/12445624-vici-pizzapohjad-2160g-kulmutatud",
   "hindeur": "1",
   "hindcent": "35 €"
  },
  {
   "product": "Eesti Pagar Pikk sai küüslauguvõidega 175g külmutatud",
   "url": "https://ecoop.ee/et/toode/12132133-eesti-pagar-pikk-sai-kuuslauguvoidega-175g-kulmutatud",
   "hindeur": "1",
   "hindcent": "05 €"
  },
  {
   "product": "Eesti Pagar Pikk sai maitserohelisega 175g külmutatud",
   "url": "https://ecoop.ee/et/toode/12132118-eesti-pagar-pikk-sai-maitserohelisega-175g-kulmutatud",
   "hindeur": "1",
   "hindcent": "19 €"
  },
  {
   "product": "Aleksandrikook 250g Eesti Pagar",
   "url": "https://ecoop.ee/et/toode/22841358-aleksandrikook-250g-eesti-pagar",
   "hindeur": "2",
   "hindcent": "45 €"
  },
  {
   "product": "Hiiumaa Pagar Brita kook 360g",
   "url": "https://ecoop.ee/et/toode/21766904-hiiumaa-pagar-brita-kook-360g",
   "hindeur": "4",
   "hindcent": "95 €"
  },
  {
   "product": "Eesti Pagar Metsmaasikarull 300g",
   "url": "https://ecoop.ee/et/toode/20726628-eesti-pagar-metsmaasikarull-300g",
   "hindeur": "3",
   "hindcent": "29 €"
  },
  {
   "product": "Eesti Pagar Kohupiimarull 350g",
   "url": "https://ecoop.ee/et/toode/20076486-eesti-pagar-kohupiimarull-350g",
   "hindeur": "2",
   "hindcent": "99 €"
  },
  {
   "product": "Eesti Pagar Šokolaadikook 250g",
   "url": "https://ecoop.ee/et/toode/20003576-eesti-pagar-sokolaadikook-250g",
   "hindeur": "3",
   "hindcent": "59 €"
  },
  {
   "product": "Hiiumaa Pagar Rullbiskviit maasikatega 350g",
   "url": "https://ecoop.ee/et/toode/18691783-hiiumaa-pagar-rullbiskviit-maasikatega-350g",
   "hindeur": "3",
   "hindcent": "95 €"
  },
  {
   "product": "Hiiumaa Pagar Porgandikook 360g",
   "url": "https://ecoop.ee/et/toode/18198746-hiiumaa-pagar-porgandikook-360g",
   "hindeur": "3",
   "hindcent": "55 €"
  },
  {
   "product": "Hiiumaa Pagar Teekook 230g",
   "url": "https://ecoop.ee/et/toode/17697359-hiiumaa-pagar-teekook-230g",
   "hindeur": "1",
   "hindcent": "85 €"
  },
  {
   "product": "Hiiumaa Pagar Meekook 280g",
   "url": "https://ecoop.ee/et/toode/17697210-hiiumaa-pagar-meekook-280g",
   "hindeur": "3",
   "hindcent": "19 €"
  },
  {
   "product": "Eesti Pagar Jõhvikarull 300g",
   "url": "https://ecoop.ee/et/toode/17132922-eesti-pagar-johvikarull-300g",
   "hindeur": "3",
   "hindcent": "15 €"
  },
  {
   "product": "Eesti Pagar Britta kook 300g",
   "url": "https://ecoop.ee/et/toode/17132810-eesti-pagar-britta-kook-300g",
   "hindeur": "2",
   "hindcent": "99 €"
  },
  {
   "product": "Hiiumaa Pagar Vaarikarull 280g",
   "url": "https://ecoop.ee/et/toode/16985012-hiiumaa-pagar-vaarikarull-280g",
   "hindeur": "2",
   "hindcent": "85 €"
  },
  {
   "product": "Eesti Pagar Prantsuse kohupiimakook 320g",
   "url": "https://ecoop.ee/et/toode/15583523-eesti-pagar-prantsuse-kohupiimakook-320g",
   "hindeur": "2",
   "hindcent": "69 €"
  },
  {
   "product": "Eesti Pagar Meekook 350g",
   "url": "https://ecoop.ee/et/toode/14233313-eesti-pagar-meekook-350g",
   "hindeur": "3",
   "hindcent": "09 €"
  },
  {
   "product": "Eesti Pagar Napoleoni kook 400g",
   "url": "https://ecoop.ee/et/toode/13863105-eesti-pagar-napoleoni-kook-400g",
   "hindeur": "3",
   "hindcent": "65 €"
  },
  {
   "product": "Eesti Pagar Pealinna kook 1.1kg",
   "url": "https://ecoop.ee/et/toode/13628080-eesti-pagar-pealinna-kook-11kg",
   "hindeur": "5",
   "hindcent": "19 €"
  },
  {
   "product": "Eesti Pagar Piimik šokolaadiga 400g",
   "url": "https://ecoop.ee/et/toode/22863321-eesti-pagar-piimik-sokolaadiga-400g",
   "hindeur": "2",
   "hindcent": "45 €"
  },
  {
   "product": "Eesti Pagar Piimik 400g",
   "url": "https://ecoop.ee/et/toode/22863314-eesti-pagar-piimik-400g",
   "hindeur": "2",
   "hindcent": "45 €"
  },
  {
   "product": "Fazer Südamesepik täistera 300g",
   "url": "https://ecoop.ee/et/toode/22855242-fazer-sudamesepik-taistera-300g",
   "hindeur": "0",
   "hindcent": "79 €"
  },
  {
   "product": "Eesti Pagar Tosta Täistera röstsepik 500g",
   "url": "https://ecoop.ee/et/toode/22830455-eesti-pagar-tosta-taistera-rostsepik-500g",
   "hindeur": "1",
   "hindcent": "09 €"
  },
  {
   "product": "Eesti Pagar Rehe seemneleib 300g viil",
   "url": "https://ecoop.ee/et/toode/22824273-eesti-pagar-rehe-seemneleib-300g-viil",
   "hindeur": "0",
   "hindcent": "59 €"
  },
  {
   "product": "Eesti Pagar Must teraleib viil 300g",
   "url": "https://ecoop.ee/et/toode/22821789-eesti-pagar-must-teraleib-viil-300g",
   "hindeur": "0",
   "hindcent": "77 €"
  },
  {
   "product": "Leibur Rukkileib täisterajuuretisega 380g",
   "url": "https://ecoop.ee/et/toode/22814557-leibur-rukkileib-taisterajuuretisega-380g",
   "hindeur": "0",
   "hindcent": "79 €"
  },
  {
   "product": "Fazer Seemneröst 450g",
   "url": "https://ecoop.ee/et/toode/22812168-fazer-seemnerost-450g",
   "hindeur": "1",
   "hindcent": "45 €"
  },
  {
   "product": "Leibur Burgerikukkel seesamiseemne 448g",
   "url": "https://ecoop.ee/et/toode/22811018-leibur-burgerikukkel-seesamiseemne-448g",
   "hindeur": "1",
   "hindcent": "89 €"
  },
  {
   "product": "Leibur Suur Kirde sai 450g",
   "url": "https://ecoop.ee/et/toode/22797195-leibur-suur-kirde-sai-450g",
   "hindeur": "0",
   "hindcent": "89 €"
  },
  {
   "product": "Leibur Kuldne klassikaline röstsai 250g",
   "url": "https://ecoop.ee/et/toode/22797194-leibur-kuldne-klassikaline-rostsai-250g",
   "hindeur": "0",
   "hindcent": "69 €"
  },
  {
   "product": "Fazer Mini Must leib 450g",
   "url": "https://ecoop.ee/et/toode/22770235-fazer-mini-must-leib-450g",
   "hindeur": "1",
   "hindcent": "19 €"
  },
  {
   "product": "Leibur Rukkipala hõrk ja õhuke 195g",
   "url": "https://ecoop.ee/et/toode/22764353-leibur-rukkipala-hork-ja-ohuke-195g",
   "hindeur": "1",
   "hindcent": "05 €"
  },
  {
   "product": "Coop Juustukukkel 4tk 200g",
   "url": "https://ecoop.ee/et/toode/22762535-coop-juustukukkel-4tk-200g",
   "hindeur": "0",
   "hindcent": "76 €"
  },
  {
   "product": "Coop röstsai 500g viil",
   "url": "https://ecoop.ee/et/toode/22762526-coop-rostsai-500g-viil",
   "hindeur": "0",
   "hindcent": "75 €"
  },
  {
   "product": "Coop sai 500g viil",
   "url": "https://ecoop.ee/et/toode/22762520-coop-sai-500g-viil",
   "hindeur": "0",
   "hindcent": "56 €"
  },
  {
   "product": "Coop Palaleib 6tk 340g",
   "url": "https://ecoop.ee/et/toode/22762517-coop-palaleib-6tk-340g",
   "hindeur": "0",
   "hindcent": "61 €"
  },
  {
   "product": "Coop Peenleib 490g viil",
   "url": "https://ecoop.ee/et/toode/22762515-coop-peenleib-490g-viil",
   "hindeur": "0",
   "hindcent": "65 €"
  },
  {
   "product": "Coop Seemne-tera leib 390g viil",
   "url": "https://ecoop.ee/et/toode/22762510-coop-seemnetera-leib-390g-viil",
   "hindeur": "0",
   "hindcent": "72 €"
  },
  {
   "product": "Coop Vormileib 600g viil",
   "url": "https://ecoop.ee/et/toode/22762508-coop-vormileib-600g-viil",
   "hindeur": "0",
   "hindcent": "65 €"
  },
  {
   "product": "Coop rukkileib 390g viil",
   "url": "https://ecoop.ee/et/toode/22762507-coop-rukkileib-390g-viil",
   "hindeur": "0",
   "hindcent": "61 €"
  },
  {
   "product": "Leibur Kodune sepik 360g",
   "url": "https://ecoop.ee/et/toode/22729236-leibur-kodune-sepik-360g",
   "hindeur": "0",
   "hindcent": "53 €"
  },
  {
   "product": "Leibur Kaerasepik 360g",
   "url": "https://ecoop.ee/et/toode/22729235-leibur-kaerasepik-360g",
   "hindeur": "0",
   "hindcent": "72 €"
  },
  {
   "product": "Leibur Kirde sai 300g",
   "url": "https://ecoop.ee/et/toode/22729234-leibur-kirde-sai-300g",
   "hindeur": "0",
   "hindcent": "63 €"
  },
  {
   "product": "Fazer seemnepala 280g",
   "url": "https://ecoop.ee/et/toode/22726596-fazer-seemnepala-280g",
   "hindeur": "0",
   "hindcent": "99 €"
  },
  {
   "product": "Fazer Seemneleib 400g",
   "url": "https://ecoop.ee/et/toode/22726579-fazer-seemneleib-400g",
   "hindeur": "1",
   "hindcent": "35 €"
  },
  {
   "product": "Leibur Kaeraröst OaTFit 550g",
   "url": "https://ecoop.ee/et/toode/22715085-leibur-kaerarost-oatfit-550g",
   "hindeur": "1",
   "hindcent": "19 €"
  },
  {
   "product": "Fazer Must Pidupäevaleib 500g",
   "url": "https://ecoop.ee/et/toode/22694077-fazer-must-pidupaevaleib-500g",
   "hindeur": "1",
   "hindcent": "25 €"
  },
  {
   "product": "Eesti Pagar Täisterasepik 500g",
   "url": "https://ecoop.ee/et/toode/22664378-eesti-pagar-taisterasepik-500g",
   "hindeur": "1",
   "hindcent": "05 €"
  },
  {
   "product": "Leibur Ruks hele seemneleib 290g",
   "url": "https://ecoop.ee/et/toode/22661195-leibur-ruks-hele-seemneleib-290g",
   "hindeur": "0",
   "hindcent": "83 €"
  },
  {
   "product": "Leibur Kuldne täisterasepik 500g",
   "url": "https://ecoop.ee/et/toode/22639138-leibur-kuldne-taisterasepik-500g",
   "hindeur": "0",
   "hindcent": "99 €"
  },
  {
   "product": "Leibur Ruks seemnepala 260g",
   "url": "https://ecoop.ee/et/toode/22638699-leibur-ruks-seemnepala-260g",
   "hindeur": "0",
   "hindcent": "92 €"
  },
  {
   "product": "Fazer Juurikaröst pastinaagi& porgandi 450g",
   "url": "https://ecoop.ee/et/toode/22632164-fazer-juurikarost-pastinaagi-porgandi-450g",
   "hindeur": "1",
   "hindcent": "35 €"
  },
  {
   "product": "Eesti Pagar Rehe koorikleib 4tk 200g",
   "url": "https://ecoop.ee/et/toode/22603358-eesti-pagar-rehe-koorikleib-4tk-200g",
   "hindeur": "0",
   "hindcent": "57 €"
  },
  {
   "product": "Eesti Pagar Kanepiseemne leib rukkiteradega 240g",
   "url": "https://ecoop.ee/et/toode/22317328-eesti-pagar-kanepiseemne-leib-rukkiteradega-240g",
   "hindeur": "0",
   "hindcent": "76 €"
  },
  {
   "product": "Fazer Keefirisai 350g",
   "url": "https://ecoop.ee/et/toode/22241279-fazer-keefirisai-350g",
   "hindeur": "0",
   "hindcent": "89 €"
  },
  {
   "product": "Eesti Pagar Kanepiseemne leib rukkiteradega 500g",
   "url": "https://ecoop.ee/et/toode/22226083-eesti-pagar-kanepiseemne-leib-rukkiteradega-500g",
   "hindeur": "0",
   "hindcent": "99 €"
  },
  {
   "product": "Fazer Rösti 450g 5-vilja täistera",
   "url": "https://ecoop.ee/et/toode/22013038-fazer-rosti-450g-5vilja-taistera",
   "hindeur": "1",
   "hindcent": "10 €"
  },
  {
   "product": "Hiiumaa Pagar Kaneeli-kohupiima stritsel 480g",
   "url": "https://ecoop.ee/et/toode/21569234-hiiumaa-pagar-kaneelikohupiima-stritsel-480g",
   "hindeur": "3",
   "hindcent": "55 €"
  },
  {
   "product": "Eesti Pagar Hele ciabatta kukkel 3tk 210g",
   "url": "https://ecoop.ee/et/toode/21071227-eesti-pagar-hele-ciabatta-kukkel-3tk-210g",
   "hindeur": "0",
   "hindcent": "67 €"
  },
  {
   "product": "Eesti Pagar Must rukkileib 390g",
   "url": "https://ecoop.ee/et/toode/20772792-eesti-pagar-must-rukkileib-390g",
   "hindeur": "0",
   "hindcent": "81 €"
  },
  {
   "product": "Eesti Pagar Must Pehmik 4tk 240g",
   "url": "https://ecoop.ee/et/toode/20772714-eesti-pagar-must-pehmik-4tk-240g",
   "hindeur": "0",
   "hindcent": "82 €"
  },
  {
   "product": "Eesti Leivatööstus Rukkirääk 600g",
   "url": "https://ecoop.ee/et/toode/20638692-eesti-leivatoostus-rukkiraak-600g",
   "hindeur": "0",
   "hindcent": "87 €"
  },
  {
   "product": "Eesti Pagar Mitmevilja Pehmik 240g",
   "url": "https://ecoop.ee/et/toode/20541195-eesti-pagar-mitmevilja-pehmik-240g",
   "hindeur": "0",
   "hindcent": "82 €"
  },
  {
   "product": "Eesti Pagar Kaera Pehmik 220g",
   "url": "https://ecoop.ee/et/toode/20541179-eesti-pagar-kaera-pehmik-220g",
   "hindeur": "0",
   "hindcent": "82 €"
  },
  {
   "product": "Eesti Pagar Burgerikukkel seesamiseemnetega 4tk 320g",
   "url": "https://ecoop.ee/et/toode/20507036-eesti-pagar-burgerikukkel-seesamiseemnetega-4tk-320g",
   "hindeur": "1",
   "hindcent": "55 €"
  },
  {
   "product": "Eesti Leivatööstus Meie Eesti rukkileib 320g",
   "url": "https://ecoop.ee/et/toode/19973812-eesti-leivatoostus-meie-eesti-rukkileib-320g",
   "hindeur": "0",
   "hindcent": "92 €"
  },
  {
   "product": "Fazer Mini Röst 240g",
   "url": "https://ecoop.ee/et/toode/19696234-fazer-mini-rost-240g",
   "hindeur": "0",
   "hindcent": "49 €"
  },
  {
   "product": "Eesti Pagar Rukkisepik 300g",
   "url": "https://ecoop.ee/et/toode/18871161-eesti-pagar-rukkisepik-300g",
   "hindeur": "0",
   "hindcent": "65 €"
  },
  {
   "product": "Eesti Pagar Must Jassi seemneleib 310g",
   "url": "https://ecoop.ee/et/toode/18805047-eesti-pagar-must-jassi-seemneleib-310g",
   "hindeur": "0",
   "hindcent": "98 €"
  },
  {
   "product": "Leibur Kaerasüda OatFit 250g",
   "url": "https://ecoop.ee/et/toode/18720170-leibur-kaerasuda-oatfit-250g",
   "hindeur": "1",
   "hindcent": "19 €"
  },
  {
   "product": "Leibur Mitmevilja röst 470g",
   "url": "https://ecoop.ee/et/toode/18010966-leibur-mitmevilja-rost-470g",
   "hindeur": "0",
   "hindcent": "96 €"
  },
  {
   "product": "Fazer Must Taskuleib seemnetega 270g",
   "url": "https://ecoop.ee/et/toode/17969233-fazer-must-taskuleib-seemnetega-270g",
   "hindeur": "0",
   "hindcent": "84 €"
  },
  {
   "product": "Eesti Pagar Suur Perenaise sai 500g viilutatud",
   "url": "https://ecoop.ee/et/toode/17709453-eesti-pagar-suur-perenaise-sai-500g-viilutatud",
   "hindeur": "0",
   "hindcent": "66 €"
  },
  {
   "product": "Fazer Kodu rukkileib 700g täistera",
   "url": "https://ecoop.ee/et/toode/17617348-fazer-kodu-rukkileib-700g-taistera",
   "hindeur": "1",
   "hindcent": "55 €"
  },
  {
   "product": "Leibur Röst 100% rukkijahust 470g",
   "url": "https://ecoop.ee/et/toode/17456876-leibur-rost-100-rukkijahust-470g",
   "hindeur": "1",
   "hindcent": "05 €"
  },
  {
   "product": "Hiiumaa Pagar Hiiu Talusai 480g",
   "url": "https://ecoop.ee/et/toode/17428833-hiiumaa-pagar-hiiu-talusai-480g",
   "hindeur": "1",
   "hindcent": "19 €"
  },
  {
   "product": "Eesti Pagar Tosta Rukkiröst 390g viilutatud",
   "url": "https://ecoop.ee/et/toode/17307776-eesti-pagar-tosta-rukkirost-390g-viilutatud",
   "hindeur": "1",
   "hindcent": "05 €"
  },
  {
   "product": "Hiiumaa Pagar Hiiumaa rukkileib 350g pärmita",
   "url": "https://ecoop.ee/et/toode/17090470-hiiumaa-pagar-hiiumaa-rukkileib-350g-parmita",
   "hindeur": "1",
   "hindcent": "65 €"
  },
  {
   "product": "Eesti Pagar Rehe rukkileib vormileib 600g",
   "url": "https://ecoop.ee/et/toode/15783524-eesti-pagar-rehe-rukkileib-vormileib-600g",
   "hindeur": "0",
   "hindcent": "76 €"
  },
  {
   "product": "Eesti Pagar Rehe rukkileib 390g",
   "url": "https://ecoop.ee/et/toode/15783506-eesti-pagar-rehe-rukkileib-390g",
   "hindeur": "0",
   "hindcent": "60 €"
  },
  {
   "product": "Leibur Ruks täisterarukkileib 380g",
   "url": "https://ecoop.ee/et/toode/15512770-leibur-ruks-taisterarukkileib-380g",
   "hindeur": "0",
   "hindcent": "65 €"
  },
  {
   "product": "Leibur Ruks täisterarukkileib 800g",
   "url": "https://ecoop.ee/et/toode/15512737-leibur-ruks-taisterarukkileib-800g",
   "hindeur": "1",
   "hindcent": "39 €"
  },
  {
   "product": "Fazer Suur Kodusai 500g",
   "url": "https://ecoop.ee/et/toode/15388802-fazer-suur-kodusai-500g",
   "hindeur": "0",
   "hindcent": "81 €"
  },
  {
   "product": "Leibur Saib 100% rukkijahust 370g",
   "url": "https://ecoop.ee/et/toode/15354788-leibur-saib-100-rukkijahust-370g",
   "hindeur": "0",
   "hindcent": "89 €"
  },
  {
   "product": "Eesti Leivatööstus Pärnu leib 600g viil",
   "url": "https://ecoop.ee/et/toode/15348017-eesti-leivatoostus-parnu-leib-600g-viil",
   "hindeur": "0",
   "hindcent": "78 €"
  },
  {
   "product": "Leibur Isa peenleib 350g",
   "url": "https://ecoop.ee/et/toode/15188906-leibur-isa-peenleib-350g",
   "hindeur": "0",
   "hindcent": "57 €"
  },
  {
   "product": "Tosta mitmevilja röstsai 500g",
   "url": "https://ecoop.ee/et/toode/14509315-tosta-mitmevilja-rostsai-500g",
   "hindeur": "0",
   "hindcent": "73 €"
  },
  {
   "product": "Tosta röstsai 500g",
   "url": "https://ecoop.ee/et/toode/14509227-tosta-rostsai-500g",
   "hindeur": "0",
   "hindcent": "83 €"
  },
  {
   "product": "Fazer Must seemneleib 280g",
   "url": "https://ecoop.ee/et/toode/14474996-fazer-must-seemneleib-280g",
   "hindeur": "0",
   "hindcent": "83 €"
  },
  {
   "product": "Fazer Rösti 260g Mitmeviljaröstkukkel",
   "url": "https://ecoop.ee/et/toode/14442046-fazer-rosti-260g-mitmeviljarostkukkel",
   "hindeur": "0",
   "hindcent": "89 €"
  },
  {
   "product": "Leibur Tallinna peenleib 475g",
   "url": "https://ecoop.ee/et/toode/12798784-leibur-tallinna-peenleib-475g",
   "hindeur": "0",
   "hindcent": "81 €"
  },
  {
   "product": "Eesti Pagar Must vormileib 600g viilutatud",
   "url": "https://ecoop.ee/et/toode/12787108-eesti-pagar-must-vormileib-600g-viilutatud",
   "hindeur": "0",
   "hindcent": "59 €"
  },
  {
   "product": "Eesti Pagar Must vormileib 280g viilutatud",
   "url": "https://ecoop.ee/et/toode/12787079-eesti-pagar-must-vormileib-280g-viilutatud",
   "hindeur": "0",
   "hindcent": "59 €"
  },
  {
   "product": "Leibur Rukkipala 6tk 330g",
   "url": "https://ecoop.ee/et/toode/12683919-leibur-rukkipala-6tk-330g",
   "hindeur": "0",
   "hindcent": "60 €"
  },
  {
   "product": "Hiiumaa Pagar Sepik Odratolgus 300g",
   "url": "https://ecoop.ee/et/toode/12680910-hiiumaa-pagar-sepik-odratolgus-300g",
   "hindeur": "0",
   "hindcent": "94 €"
  },
  {
   "product": "Eesti Pagar Kodukandi rukkileib viil 800g",
   "url": "https://ecoop.ee/et/toode/12679510-eesti-pagar-kodukandi-rukkileib-viil-800g",
   "hindeur": "1",
   "hindcent": "49 €"
  },
  {
   "product": "Hiiumaa Pagar Hiiumaa leib 400g",
   "url": "https://ecoop.ee/et/toode/12649258-hiiumaa-pagar-hiiumaa-leib-400g",
   "hindeur": "1",
   "hindcent": "35 €"
  },
  {
   "product": "Eesti Pagar Pealinna peenleib 490g viilutatud",
   "url": "https://ecoop.ee/et/toode/12644149-eesti-pagar-pealinna-peenleib-490g-viilutatud",
   "hindeur": "0",
   "hindcent": "75 €"
  },
  {
   "product": "Eesti Pagar Jassi seemneleib 310g viil",
   "url": "https://ecoop.ee/et/toode/12636511-eesti-pagar-jassi-seemneleib-310g-viil",
   "hindeur": "0",
   "hindcent": "79 €"
  },
  {
   "product": "Eesti Pagar Perenaise sai 320g viilutatud",
   "url": "https://ecoop.ee/et/toode/12629565-eesti-pagar-perenaise-sai-320g-viilutatud",
   "hindeur": "0",
   "hindcent": "34 €"
  },
  {
   "product": "Eesti Pagar Õnne sepik 300g viilutatud",
   "url": "https://ecoop.ee/et/toode/12629008-eesti-pagar-onne-sepik-300g-viilutatud",
   "hindeur": "0",
   "hindcent": "65 €"
  },
  {
   "product": "Fazer Juustumuhkel 4*50g",
   "url": "https://ecoop.ee/et/toode/12605507-fazer-juustumuhkel-450g",
   "hindeur": "0",
   "hindcent": "77 €"
  },
  {
   "product": "Fazer Kodusai 320g",
   "url": "https://ecoop.ee/et/toode/12605435-fazer-kodusai-320g",
   "hindeur": "0",
   "hindcent": "54 €"
  },
  {
   "product": "Fazer Must vormileib 300g",
   "url": "https://ecoop.ee/et/toode/12477019-fazer-must-vormileib-300g",
   "hindeur": "0",
   "hindcent": "64 €"
  },
  {
   "product": "Maris Gilden Näkileivad seemnete ja meresoolaga 90g",
   "url": "https://ecoop.ee/et/toode/22797246-maris-gilden-nakileivad-seemnete-ja-meresoolaga-90g",
   "hindeur": "1",
   "hindcent": "55 €"
  },
  {
   "product": "Wasa Näkileib 330g kaneeliga",
   "url": "https://ecoop.ee/et/toode/22770945-wasa-nakileib-330g-kaneeliga",
   "hindeur": "3",
   "hindcent": "09 €"
  },
  {
   "product": "Maris Gilden näkileib 135g seemnetega, tomati-chilli",
   "url": "https://ecoop.ee/et/toode/22751756-maris-gilden-nakileib-135g-seemnetega-tomatichilli",
   "hindeur": "1",
   "hindcent": "69 €"
  },
  {
   "product": "Maris Gilden näkileib 135g seemnetega",
   "url": "https://ecoop.ee/et/toode/22751753-maris-gilden-nakileib-135g-seemnetega",
   "hindeur": "1",
   "hindcent": "69 €"
  },
  {
   "product": "Fazer Must näkileib 150g küüslauk& petersell",
   "url": "https://ecoop.ee/et/toode/22644615-fazer-must-nakileib-150g-kuuslauk-petersell",
   "hindeur": "1",
   "hindcent": "05 €"
  },
  {
   "product": "Danvita Näkileib 130g tomati-basiiliku",
   "url": "https://ecoop.ee/et/toode/22627339-danvita-nakileib-130g-tomatibasiiliku",
   "hindeur": "1",
   "hindcent": "25 €"
  },
  {
   "product": "Fazer Must näkileib 500g päevalilleseemne",
   "url": "https://ecoop.ee/et/toode/22578436-fazer-must-nakileib-500g-paevalilleseemne",
   "hindeur": "5",
   "hindcent": "09 €"
  },
  {
   "product": "Vikstal kuivik 200g tavaline",
   "url": "https://ecoop.ee/et/toode/22000657-vikstal-kuivik-200g-tavaline",
   "hindeur": "0",
   "hindcent": "98 €"
  },
  {
   "product": "Loodusvägi Riisivahvlid 100g piimašokolaadiga",
   "url": "https://ecoop.ee/et/toode/21997327-loodusvagi-riisivahvlid-100g-piimasokolaadiga",
   "hindeur": "1",
   "hindcent": "95 €"
  },
  {
   "product": "Loodusvägi Riisivahvlid 100g meresoolaga. mahe",
   "url": "https://ecoop.ee/et/toode/21997248-loodusvagi-riisivahvlid-100g-meresoolaga-mahe",
   "hindeur": "1",
   "hindcent": "09 €"
  },
  {
   "product": "Roberto Grissiini Krokiinid 250g soolaga",
   "url": "https://ecoop.ee/et/toode/21980704-roberto-grissiini-krokiinid-250g-soolaga",
   "hindeur": "2",
   "hindcent": "55 €"
  },
  {
   "product": "Roberto Grissiini Krokiinid 250g rosmariiniga",
   "url": "https://ecoop.ee/et/toode/21980639-roberto-grissiini-krokiinid-250g-rosmariiniga",
   "hindeur": "2",
   "hindcent": "55 €"
  },
  {
   "product": "Roberto Grissiini Krokiinid 250g seesami",
   "url": "https://ecoop.ee/et/toode/21980426-roberto-grissiini-krokiinid-250g-seesami",
   "hindeur": "2",
   "hindcent": "55 €"
  },
  {
   "product": "Hiiumaa Pagar Küpsis Suvorov 150g",
   "url": "https://ecoop.ee/et/toode/21852220-hiiumaa-pagar-kupsis-suvorov-150g",
   "hindeur": "3",
   "hindcent": "49 €"
  },
  {
   "product": "Hiiumaa Pagar Soolapulk 250g",
   "url": "https://ecoop.ee/et/toode/21850858-hiiumaa-pagar-soolapulk-250g",
   "hindeur": "2",
   "hindcent": "09 €"
  },
  {
   "product": "Wasa Original näkileib 275g",
   "url": "https://ecoop.ee/et/toode/21300663-wasa-original-nakileib-275g",
   "hindeur": "1",
   "hindcent": "59 €"
  },
  {
   "product": "Hüva Juustuküpsis 250g",
   "url": "https://ecoop.ee/et/toode/21062913-huva-juustukupsis-250g",
   "hindeur": "2",
   "hindcent": "19 €"
  },
  {
   "product": "Roberto Minikrokiinid 150g soolaga",
   "url": "https://ecoop.ee/et/toode/20635126-roberto-minikrokiinid-150g-soolaga",
   "hindeur": "1",
   "hindcent": "65 €"
  },
  {
   "product": "Hiiumaa Pagar Täistera-kaeraküpsis 250g",
   "url": "https://ecoop.ee/et/toode/20269692-hiiumaa-pagar-taisterakaerakupsis-250g",
   "hindeur": "2",
   "hindcent": "75 €"
  },
  {
   "product": "Linkosuo Rukkikrõps 150g magusa tšilliga",
   "url": "https://ecoop.ee/et/toode/20207471-linkosuo-rukkikrops-150g-magusa-tsilliga",
   "hindeur": "2",
   "hindcent": "35 €"
  },
  {
   "product": "Fazer Must näkileib 150g päevalilleseemnetega",
   "url": "https://ecoop.ee/et/toode/20114876-fazer-must-nakileib-150g-paevalilleseemnetega",
   "hindeur": "1",
   "hindcent": "05 €"
  },
  {
   "product": "Eesti Leivatööstus Kihiline küpsis 200g",
   "url": "https://ecoop.ee/et/toode/19875620-eesti-leivatoostus-kihiline-kupsis-200g",
   "hindeur": "3",
   "hindcent": "19 €"
  },
  {
   "product": "Hiiumaa Pagar Küpsis Seemnemaius 120g",
   "url": "https://ecoop.ee/et/toode/19778927-hiiumaa-pagar-kupsis-seemnemaius-120g",
   "hindeur": "3",
   "hindcent": "05 €"
  },
  {
   "product": "Linkosuo Rukkikrõps 150g hapukooremaitseline",
   "url": "https://ecoop.ee/et/toode/19759274-linkosuo-rukkikrops-150g-hapukooremaitseline",
   "hindeur": "2",
   "hindcent": "09 €"
  },
  {
   "product": "Linkosuo Rukkikrõps 150g küüslaugumaitseline",
   "url": "https://ecoop.ee/et/toode/19759253-linkosuo-rukkikrops-150g-kuuslaugumaitseline",
   "hindeur": "2",
   "hindcent": "09 €"
  },
  {
   "product": "Linkosuo Rukkikrõps 150g originaal",
   "url": "https://ecoop.ee/et/toode/19759229-linkosuo-rukkikrops-150g-originaal",
   "hindeur": "2",
   "hindcent": "09 €"
  },
  {
   "product": "Clara Küpsis Valeri 200g",
   "url": "https://ecoop.ee/et/toode/19471062-clara-kupsis-valeri-200g",
   "hindeur": "2",
   "hindcent": "65 €"
  },
  {
   "product": "Danvita Näkileib 130g juustu-küüslauguga",
   "url": "https://ecoop.ee/et/toode/18418305-danvita-nakileib-130g-juustukuuslauguga",
   "hindeur": "1",
   "hindcent": "49 €"
  },
  {
   "product": "Racio Cornies maisileib 115g linaseemnetega",
   "url": "https://ecoop.ee/et/toode/17795078-racio-cornies-maisileib-115g-linaseemnetega",
   "hindeur": "1",
   "hindcent": "09 €"
  },
  {
   "product": "Racio Cornies maisileib 115g meresoolga",
   "url": "https://ecoop.ee/et/toode/17794962-racio-cornies-maisileib-115g-meresoolga",
   "hindeur": "1",
   "hindcent": "09 €"
  },
  {
   "product": "Wasa Light delikatess näkileib 270g",
   "url": "https://ecoop.ee/et/toode/17794161-wasa-light-delikatess-nakileib-270g",
   "hindeur": "1",
   "hindcent": "85 €"
  },
  {
   "product": "Hiiumaa Pagar Tootsi keeks 490g",
   "url": "https://ecoop.ee/et/toode/17697471-hiiumaa-pagar-tootsi-keeks-490g",
   "hindeur": "3",
   "hindcent": "85 €"
  },
  {
   "product": "Danvita Näkileib 130g mooni-seesami-linaseemne",
   "url": "https://ecoop.ee/et/toode/17072238-danvita-nakileib-130g-mooniseesamilinaseemne",
   "hindeur": "1",
   "hindcent": "09 €"
  },
  {
   "product": "Säästu Rosinakeeks 300g",
   "url": "https://ecoop.ee/et/toode/15542998-saastu-rosinakeeks-300g",
   "hindeur": "1",
   "hindcent": "75 €"
  },
  {
   "product": "Finn Crisp Original Taste näkileib 200g",
   "url": "https://ecoop.ee/et/toode/12868041-finn-crisp-original-taste-nakileib-200g",
   "hindeur": "1",
   "hindcent": "69 €"
  },
  {
   "product": "Dr.Nature riisigaletid 120g",
   "url": "https://ecoop.ee/et/toode/12851240-drnature-riisigaletid-120g",
   "hindeur": "1",
   "hindcent": "25 €"
  },
  {
   "product": "Wasa Crispn Wheat näkileib 110g",
   "url": "https://ecoop.ee/et/toode/12716706-wasa-crispn-wheat-nakileib-110g",
   "hindeur": "1",
   "hindcent": "45 €"
  },
  {
   "product": "Vikstal kuivik 200g rosina",
   "url": "https://ecoop.ee/et/toode/12702828-vikstal-kuivik-200g-rosina",
   "hindeur": "0",
   "hindcent": "98 €"
  },
  {
   "product": "Dr.Nature tatragaletid 110g",
   "url": "https://ecoop.ee/et/toode/12605354-drnature-tatragaletid-110g",
   "hindeur": "1",
   "hindcent": "29 €"
  },
  {
   "product": "Finn Crisp Multigrain näkileib 175g mitmevilja",
   "url": "https://ecoop.ee/et/toode/12605317-finn-crisp-multigrain-nakileib-175g-mitmevilja",
   "hindeur": "1",
   "hindcent": "69 €"
  },
  {
   "product": "Finn Crisp näkileib 175g küüslaugumaitseline",
   "url": "https://ecoop.ee/et/toode/12396141-finn-crisp-nakileib-175g-kuuslaugumaitseline",
   "hindeur": "1",
   "hindcent": "69 €"
  },
  {
   "product": "Coop sepik 300g",
   "url": "https://ecoop.ee/et/toode/22762533-coop-sepik-300g",
   "hindeur": "0",
   "hindcent": "61 €"
  },
  {
   "product": "Fazer Juurika näkileib 120g",
   "url": "https://ecoop.ee/et/toode/22752206-fazer-juurika-nakileib-120g",
   "hindeur": "1",
   "hindcent": "35 €"
  },
  {
   "product": "Eesti Pagar Pehmik 4*60g Peedi-porgandi-pastinaagi-pihlaka",
   "url": "https://ecoop.ee/et/toode/22630008-eesti-pagar-pehmik-460g-peediporgandipastinaagipihlaka",
   "hindeur": "1",
   "hindcent": "09 €"
  },
  {
   "product": "Crostini Krutoonid vahemerepärased 100g",
   "url": "https://ecoop.ee/et/toode/19835986-crostini-krutoonid-vahemereparased-100g",
   "hindeur": "2",
   "hindcent": "19 €"
  },
  {
   "product": "7 Days midi croissant pähklikreemiga 60g",
   "url": "https://ecoop.ee/et/toode/19167604-7-days-midi-croissant-pahklikreemiga-60g",
   "hindeur": "0",
   "hindcent": "50 €"
  },
  {
   "product": "Crostini Krutoonid küüslauguga 100g",
   "url": "https://ecoop.ee/et/toode/15878992-crostini-krutoonid-kuuslauguga-100g",
   "hindeur": "2",
   "hindcent": "19 €"
  },
  {
   "product": "Pasquier röstitud saiaviilud 80g",
   "url": "https://ecoop.ee/et/toode/18850215-pasquier-rostitud-saiaviilud-80g",
   "hindeur": "1",
   "hindcent": "05 €"
  },
  {
   "product": "Banaanikeeks 250g",
   "url": "https://ecoop.ee/et/toode/22749974-banaanikeeks-250g",
   "hindeur": "1",
   "hindcent": "75 €"
  },
  {
   "product": "Eesti Pagar Šokokeeks 250g",
   "url": "https://ecoop.ee/et/toode/22623405-eesti-pagar-sokokeeks-250g",
   "hindeur": "1",
   "hindcent": "35 €"
  },
  {
   "product": "Eesti Pagar Keeks 250g",
   "url": "https://ecoop.ee/et/toode/22623404-eesti-pagar-keeks-250g",
   "hindeur": "1",
   "hindcent": "35 €"
  },
  {
   "product": "7 Days Double sarvesai kakao&kookose täidis 60g",
   "url": "https://ecoop.ee/et/toode/18857072-7-days-double-sarvesai-kakaokookose-taidis-60g",
   "hindeur": "0",
   "hindcent": "50 €"
  },
  {
   "product": "Chipita 7 Days Double sarvesai vanilje-ja kirsi 60g",
   "url": "https://ecoop.ee/et/toode/18235457-chipita-7-days-double-sarvesai-vaniljeja-kirsi-60g",
   "hindeur": "0",
   "hindcent": "50 €"
  },
  {
   "product": "7 Days croissant kakaokreemiga 60g",
   "url": "https://ecoop.ee/et/toode/14086978-7-days-croissant-kakaokreemiga-60g",
   "hindeur": "0",
   "hindcent": "50 €"
  },
  {
   "product": "Leibur Kuldne klassikaline röstsai 500g",
   "url": "https://ecoop.ee/et/toode/12765606-leibur-kuldne-klassikaline-rostsai-500g",
   "hindeur": "0",
   "hindcent": "73 €"
  },
  {
   "product": "Fazer Must vormileib 600g",
   "url": "https://ecoop.ee/et/toode/12476984-fazer-must-vormileib-600g",
   "hindeur": "0",
   "hindcent": "88 €"
  },
  {
   "product": "Mantinga Moosipall assortiitäidis 360g 6*60g",
   "url": "https://ecoop.ee/et/toode/22866161-mantinga-moosipall-assortiitaidis-360g-660g",
   "hindeur": "2",
   "hindcent": "95 €"
  },
  {
   "product": "Mantinga Martsipanikeerd 320g",
   "url": "https://ecoop.ee/et/toode/22866155-mantinga-martsipanikeerd-320g",
   "hindeur": "2",
   "hindcent": "95 €"
  },
  {
   "product": "Eesti Leivatööstus Toorjuustu-muraka tort 1kg",
   "url": "https://ecoop.ee/et/toode/22864831-eesti-leivatoostus-toorjuustumuraka-tort-1kg",
   "hindeur": "18",
   "hindcent": "69 €"
  },
  {
   "product": "Eesti Leivatööstus Suitsulihaga minipirukad 200g",
   "url": "https://ecoop.ee/et/toode/22854368-eesti-leivatoostus-suitsulihaga-minipirukad-200g",
   "hindeur": "1",
   "hindcent": "95 €"
  },
  {
   "product": "Kohupiimapallid soolakaramelli täidisega 210g",
   "url": "https://ecoop.ee/et/toode/22854364-kohupiimapallid-soolakaramelli-taidisega-210g",
   "hindeur": "2",
   "hindcent": "19 €"
  },
  {
   "product": "Eesti Leivatööstus Kaneelitäidisega minipirukad 210g",
   "url": "https://ecoop.ee/et/toode/22854354-eesti-leivatoostus-kaneelitaidisega-minipirukad-210g",
   "hindeur": "1",
   "hindcent": "59 €"
  },
  {
   "product": "Eesti Pagar Pitsataigen 600g, 2*300g",
   "url": "https://ecoop.ee/et/toode/22844637-eesti-pagar-pitsataigen-600g-2300g",
   "hindeur": "1",
   "hindcent": "39 €"
  },
  {
   "product": "Schär Knusperbrot Dunk näkileib 125g gluteenivaba",
   "url": "https://ecoop.ee/et/toode/22627052-schar-knusperbrot-dunk-nakileib-125g-gluteenivaba",
   "hindeur": "2",
   "hindcent": "75 €"
  },
  {
   "product": "Coop Grissinid 300g",
   "url": "https://ecoop.ee/et/toode/22495762-coop-grissinid-300g",
   "hindeur": "2",
   "hindcent": "35 €"
  },
  {
   "product": "Krisprolis täisteraleivakesed 225g röstitud",
   "url": "https://ecoop.ee/et/toode/20457243-krisprolis-taisteraleivakesed-225g-rostitud",
   "hindeur": "2",
   "hindcent": "19 €"
  },
  {
   "product": "Finn Crisp näkileib 200g täistera-rukki",
   "url": "https://ecoop.ee/et/toode/12655303-finn-crisp-nakileib-200g-taisterarukki",
   "hindeur": "1",
   "hindcent": "69 €"
  },
  {
   "product": "RiceUp Pruuni riisi galett 90g tumeda šokolaadiga",
   "url": "https://ecoop.ee/et/toode/22658211-riceup-pruuni-riisi-galett-90g-tumeda-sokolaadiga",
   "hindeur": "1",
   "hindcent": "65 €"
  },
  {
   "product": "RiceUp Pruuni riisi galett 90g piimašokolaadiga",
   "url": "https://ecoop.ee/et/toode/22658208-riceup-pruuni-riisi-galett-90g-piimasokolaadiga",
   "hindeur": "1",
   "hindcent": "65 €"
  },
  {
   "product": "RiceUp Pruuni riisi galett 120g superseemnetega",
   "url": "https://ecoop.ee/et/toode/22658191-riceup-pruuni-riisi-galett-120g-superseemnetega",
   "hindeur": "1",
   "hindcent": "29 €"
  },
  {
   "product": "Linkosuo Rukkikrõps 150g hapukoore-tilli",
   "url": "https://ecoop.ee/et/toode/22873758-linkosuo-rukkikrops-150g-hapukooretilli",
   "hindeur": "2",
   "hindcent": "35 €"
  }
 ]
}