{
 "name": "Valmistoit",
 "info": [
  {
   "product": "Mamma Brioche burger rebitud lihaga 170g",
   "url": "https://ecoop.ee/et/toode/22971022-mamma-brioche-burger-rebitud-lihaga-170g",
   "hindeur": "2",
   "hindcent": "19 €"
  },
  {
   "product": "Coop Kokad Kook Päikeseratas 270g",
   "url": "https://ecoop.ee/et/toode/22947834-coop-kokad-kook-paikeseratas-270g",
   "hindeur": "3",
   "hindcent": "99 €"
  },
  {
   "product": "Coop Kokad Pesto 170g",
   "url": "https://ecoop.ee/et/toode/22947865-coop-kokad-pesto-170g",
   "hindeur": "2",
   "hindcent": "39 €"
  },
  {
   "product": "Coop Kokad Praetud snitsel 340g",
   "url": "https://ecoop.ee/et/toode/22941759-coop-kokad-praetud-snitsel-340g",
   "hindeur": "4",
   "hindcent": "29 €"
  },
  {
   "product": "Coop Kokad Täisterapasta kana ja köögiviljadega 300g Sööme targalt!",
   "url": "https://ecoop.ee/et/toode/22977597-coop-kokad-taisterapasta-kana-ja-koogiviljadega-300g-soome-targalt",
   "hindeur": "1",
   "hindcent": "89 €"
  },
  {
   "product": "Coop Kokad Kirju tatraroog 350g Sööme targalt!",
   "url": "https://ecoop.ee/et/toode/22977595-coop-kokad-kirju-tatraroog-350g-soome-targalt",
   "hindeur": "2",
   "hindcent": "99 €"
  },
  {
   "product": "Coop Kokad Kanasalat kreeka jogurtiga 200g Sööme targalt!",
   "url": "https://ecoop.ee/et/toode/22977593-coop-kokad-kanasalat-kreeka-jogurtiga-200g-soome-targalt",
   "hindeur": "2",
   "hindcent": "19 €"
  },
  {
   "product": "Coop Kokad Punase riisi salat 200g Sööme targalt!",
   "url": "https://ecoop.ee/et/toode/22977592-coop-kokad-punase-riisi-salat-200g-soome-targalt",
   "hindeur": "1",
   "hindcent": "39 €"
  },
  {
   "product": "Coop Kokad Hapukapsa-peedisalat 200g Sööme targalt!",
   "url": "https://ecoop.ee/et/toode/22977591-coop-kokad-hapukapsapeedisalat-200g-soome-targalt",
   "hindeur": "0",
   "hindcent": "99 €"
  },
  {
   "product": "Coop Kokad Suitsukalamääre 220g",
   "url": "https://ecoop.ee/et/toode/22977560-coop-kokad-suitsukalamaare-220g",
   "hindeur": "2",
   "hindcent": "49 €"
  },
  {
   "product": "Coop Kokad Kana-peekonirulaad 170g",
   "url": "https://ecoop.ee/et/toode/22977555-coop-kokad-kanapeekonirulaad-170g",
   "hindeur": "2",
   "hindcent": "99 €"
  },
  {
   "product": "Coop Kokad šokovahuke 75g",
   "url": "https://ecoop.ee/et/toode/22977552-coop-kokad-sokovahuke-75g",
   "hindeur": "0",
   "hindcent": "95 €"
  },
  {
   "product": "Coop Kokad Kartuli-kalavorm 350g",
   "url": "https://ecoop.ee/et/toode/22971346-coop-kokad-kartulikalavorm-350g",
   "hindeur": "2",
   "hindcent": "39 €"
  },
  {
   "product": "Coop Kokad Kala punases marinaadis 500g",
   "url": "https://ecoop.ee/et/toode/22969836-coop-kokad-kala-punases-marinaadis-500g",
   "hindeur": "4",
   "hindcent": "89 €"
  },
  {
   "product": "Coop Kokad Apelsinikana 400g",
   "url": "https://ecoop.ee/et/toode/22969856-coop-kokad-apelsinikana-400g",
   "hindeur": "5",
   "hindcent": "29 €"
  },
  {
   "product": "Coop Kokad Maksakaste 350g",
   "url": "https://ecoop.ee/et/toode/22969679-coop-kokad-maksakaste-350g",
   "hindeur": "1",
   "hindcent": "59 €"
  },
  {
   "product": "Coop Kokad Vorstikaste 350g",
   "url": "https://ecoop.ee/et/toode/22969673-coop-kokad-vorstikaste-350g",
   "hindeur": "2",
   "hindcent": "15 €"
  },
  {
   "product": "Coop Kokad Küüslauguleivad 250g",
   "url": "https://ecoop.ee/et/toode/22969666-coop-kokad-kuuslauguleivad-250g",
   "hindeur": "1",
   "hindcent": "39 €"
  },
  {
   "product": "Coop Kokad Maitselt mahe Mehhiko salat 200g",
   "url": "https://ecoop.ee/et/toode/22969661-coop-kokad-maitselt-mahe-mehhiko-salat-200g",
   "hindeur": "1",
   "hindcent": "09 €"
  },
  {
   "product": "Coop Kokad Coleslaw salat 200g",
   "url": "https://ecoop.ee/et/toode/22969651-coop-kokad-coleslaw-salat-200g",
   "hindeur": "0",
   "hindcent": "79 €"
  },
  {
   "product": "Coop Kokad Lillkapsariis 300g Sööme targalt!",
   "url": "https://ecoop.ee/et/toode/22969642-coop-kokad-lillkapsariis-300g-soome-targalt",
   "hindeur": "0",
   "hindcent": "89 €"
  },
  {
   "product": "Coop Kokad Kerge kanapada 350g Sööme targalt!",
   "url": "https://ecoop.ee/et/toode/22714643-coop-kokad-kerge-kanapada-350g-soome-targalt",
   "hindeur": "1",
   "hindcent": "59 €"
  },
  {
   "product": "Thai Choice Riisipaber 100g",
   "url": "https://ecoop.ee/et/toode/22979005-thai-choice-riisipaber-100g",
   "hindeur": "2",
   "hindcent": "35 €"
  },
  {
   "product": "Thai Choice Hoisin kaste 340g",
   "url": "https://ecoop.ee/et/toode/22979003-thai-choice-hoisin-kaste-340g",
   "hindeur": "4",
   "hindcent": "65 €"
  },
  {
   "product": "City Aroma Shirataki nuudlid 340g",
   "url": "https://ecoop.ee/et/toode/22865854-city-aroma-shirataki-nuudlid-340g",
   "hindeur": "2",
   "hindcent": "45 €"
  },
  {
   "product": "Thai Choice Marineeritud ingver 454g",
   "url": "https://ecoop.ee/et/toode/20631677-thai-choice-marineeritud-ingver-454g",
   "hindeur": "3",
   "hindcent": "59 €"
  },
  {
   "product": "Coop Kokad Vanaema pannkoogid maasikamoosiga 200g",
   "url": "https://ecoop.ee/et/toode/22941653-coop-kokad-vanaema-pannkoogid-maasikamoosiga-200g",
   "hindeur": "1",
   "hindcent": "29 €"
  },
  {
   "product": "Coop Kokad Plov 300g",
   "url": "https://ecoop.ee/et/toode/19766409-coop-kokad-plov-300g",
   "hindeur": "1",
   "hindcent": "45 €"
  },
  {
   "product": "Coop Kokad Kartulipüree 350g",
   "url": "https://ecoop.ee/et/toode/19766028-coop-kokad-kartulipuree-350g",
   "hindeur": "1",
   "hindcent": "19 €"
  },
  {
   "product": "Coop Kokad Puraviku-kukeseenekaste 350g",
   "url": "https://ecoop.ee/et/toode/22941605-coop-kokad-puravikukukeseenekaste-350g",
   "hindeur": "3",
   "hindcent": "15 €"
  },
  {
   "product": "Yum Yum Vokinuudlid 250g",
   "url": "https://ecoop.ee/et/toode/22958811-yum-yum-vokinuudlid-250g",
   "hindeur": "1",
   "hindcent": "59 €"
  },
  {
   "product": "H&S Klaasnuudlid mungubadest 200g",
   "url": "https://ecoop.ee/et/toode/22863739-hs-klaasnuudlid-mungubadest-200g",
   "hindeur": "1",
   "hindcent": "39 €"
  },
  {
   "product": "Lobo Riivsai Panko 200g",
   "url": "https://ecoop.ee/et/toode/22863055-lobo-riivsai-panko-200g",
   "hindeur": "2",
   "hindcent": "49 €"
  },
  {
   "product": "Coop Kokad Kohupiimavorm 400g",
   "url": "https://ecoop.ee/et/toode/22941644-coop-kokad-kohupiimavorm-400g",
   "hindeur": "2",
   "hindcent": "99 €"
  },
  {
   "product": "MO Saaremaa Kodune jõhvikakissell 750ml",
   "url": "https://ecoop.ee/et/toode/22945026-mo-saaremaa-kodune-johvikakissell750ml",
   "hindeur": "1",
   "hindcent": "59 €"
  },
  {
   "product": "Chef Lunden Margarita pizza 490g jahutatud",
   "url": "https://ecoop.ee/et/toode/22930046-chef-lunden-margarita-pizza-490g-jahutatud",
   "hindeur": "5",
   "hindcent": "29 €"
  },
  {
   "product": "Finedine Ravioolid BBQ liha 300g",
   "url": "https://ecoop.ee/et/toode/22929991-finedine-ravioolid-bbq-liha-300g",
   "hindeur": "2",
   "hindcent": "19 €"
  },
  {
   "product": "Mamma Mulgipuder 300g",
   "url": "https://ecoop.ee/et/toode/22929974-mamma-mulgipuder-300g",
   "hindeur": "2",
   "hindcent": "35 €"
  },
  {
   "product": "Chef Lunden Sushirullid lõhe-toorjuustuga235g",
   "url": "https://ecoop.ee/et/toode/22735635-chef-lunden-sushirullid-lohetoorjuustuga235g",
   "hindeur": "3",
   "hindcent": "59 €"
  },
  {
   "product": "Finedine Ravioolid Metsaseene&Ricotta 300g",
   "url": "https://ecoop.ee/et/toode/22629188-finedine-ravioolid-metsaseenericotta-300g",
   "hindeur": "2",
   "hindcent": "19 €"
  },
  {
   "product": "Presto Hernepüreesupp öko 600g mündiga",
   "url": "https://ecoop.ee/et/toode/22868566-presto-hernepureesupp-oko-600g-mundiga",
   "hindeur": "2",
   "hindcent": "99 €"
  },
  {
   "product": "Presto Paprikapüreesupp öko 600g vürtsidega",
   "url": "https://ecoop.ee/et/toode/22868559-presto-paprikapureesupp-oko-600g-vurtsidega",
   "hindeur": "2",
   "hindcent": "99 €"
  },
  {
   "product": "Presto Porgandipüreesupp öko 600g koorega",
   "url": "https://ecoop.ee/et/toode/22868563-presto-porgandipureesupp-oko-600g-koorega",
   "hindeur": "2",
   "hindcent": "99 €"
  },
  {
   "product": "Coop Kokad Böfstrooganov rohumaa-veiselihast 350g",
   "url": "https://ecoop.ee/et/toode/22947612-coop-kokad-bofstrooganov-rohumaaveiselihast-350g",
   "hindeur": "3",
   "hindcent": "49 €"
  },
  {
   "product": "Coop Kokad Peosalat maasuitsusingiga 1kg",
   "url": "https://ecoop.ee/et/toode/22941730-coop-kokad-peosalat-maasuitsusingiga-1kg",
   "hindeur": "5",
   "hindcent": "49 €"
  },
  {
   "product": "Coop Kokad Karamellimaius 130g",
   "url": "https://ecoop.ee/et/toode/22941649-coop-kokad-karamellimaius-130g",
   "hindeur": "1",
   "hindcent": "25 €"
  },
  {
   "product": "Maggi Kiirnuudlid 59.2g juustumaitselised",
   "url": "https://ecoop.ee/et/toode/22908401-maggi-kiirnuudlid-592g-juustumaitselised",
   "hindeur": "0",
   "hindcent": "50 €"
  },
  {
   "product": "Estrella Maisikrõps 150g hapukoore-tšilli",
   "url": "https://ecoop.ee/et/toode/22908474-estrella-maisikrops-150g-hapukooretsilli",
   "hindeur": "2",
   "hindcent": "09 €"
  },
  {
   "product": "Coop Kokad Ühepajatoit 300g",
   "url": "https://ecoop.ee/et/toode/19766069-coop-kokad-uhepajatoit-300g",
   "hindeur": "1",
   "hindcent": "69 €"
  },
  {
   "product": "Coop Kokad Itaalia pasta-singisalat 1kg kausis",
   "url": "https://ecoop.ee/et/toode/19346925-coop-kokad-itaalia-pastasingisalat-1kg-kausis",
   "hindeur": "3",
   "hindcent": "50 €"
  },
  {
   "product": "Maggi kiirnuudlid 59.2g veiselihamaitselised",
   "url": "https://ecoop.ee/et/toode/22908397-maggi-kiirnuudlid-592g-veiselihamaitselised",
   "hindeur": "0",
   "hindcent": "52 €"
  },
  {
   "product": "Maggi kiirnuudlid 59.2g kanamaitselised",
   "url": "https://ecoop.ee/et/toode/22908394-maggi-kiirnuudlid-592g-kanamaitselised",
   "hindeur": "0",
   "hindcent": "52 €"
  },
  {
   "product": "Thai Choice kondens kookospiim 320g magustatud",
   "url": "https://ecoop.ee/et/toode/22906406-thai-choice-kondens-kookospiim-320g-magustatud",
   "hindeur": "3",
   "hindcent": "85 €"
  },
  {
   "product": "Rollton Kartulipüree 55g kanamaitselised",
   "url": "https://ecoop.ee/et/toode/22903887-rollton-kartulipuree-55g-kanamaitselised",
   "hindeur": "1",
   "hindcent": "29 €"
  },
  {
   "product": "Rollton kiirnuudlid Asian 65g praetud kanaga",
   "url": "https://ecoop.ee/et/toode/22903872-rollton-kiirnuudlid-asian-65g-praetud-kanaga",
   "hindeur": "0",
   "hindcent": "54 €"
  },
  {
   "product": "Coop Kokad kartuli-suitsuvorstisalat 1kg",
   "url": "https://ecoop.ee/et/toode/18588487-coop-kokad-kartulisuitsuvorstisalat-1kg",
   "hindeur": "4",
   "hindcent": "49 €"
  },
  {
   "product": "Coop Kokad kartuli-vorstisalat 1kg kausis",
   "url": "https://ecoop.ee/et/toode/18588460-coop-kokad-kartulivorstisalat-1kg-kausis",
   "hindeur": "3",
   "hindcent": "99 €"
  },
  {
   "product": "Rollton kiirnuudlid 75g seenemaitselised",
   "url": "https://ecoop.ee/et/toode/22903871-rollton-kiirnuudlid-75g-seenemaitselised",
   "hindeur": "0",
   "hindcent": "94 €"
  },
  {
   "product": "Põltsamaa TOPZ! Mahlane kana-karri 380g",
   "url": "https://ecoop.ee/et/toode/22844537-poltsamaa-topz-mahlane-kanakarri-380g",
   "hindeur": "2",
   "hindcent": "99 €"
  },
  {
   "product": "Mamma grillburger 200g",
   "url": "https://ecoop.ee/et/toode/22888917-mamma-grillburger-200g",
   "hindeur": "2",
   "hindcent": "29 €"
  },
  {
   "product": "Põltsamaa TOPZ! Tummine seljanka 380g",
   "url": "https://ecoop.ee/et/toode/22844567-poltsamaa-topz-tummine-seljanka-380g",
   "hindeur": "2",
   "hindcent": "39 €"
  },
  {
   "product": "Põltsamaa TOPZ! Ehe pasta Bolognese 380g",
   "url": "https://ecoop.ee/et/toode/22844553-poltsamaa-topz-ehe-pasta-bolognese-380g",
   "hindeur": "2",
   "hindcent": "99 €"
  },
  {
   "product": "Põltsamaa TOPZ! Tomatine minestroone supp 380g",
   "url": "https://ecoop.ee/et/toode/22844549-poltsamaa-topz-tomatine-minestroone-supp-380g",
   "hindeur": "2",
   "hindcent": "39 €"
  },
  {
   "product": "Kikas Juustupallid 300g",
   "url": "https://ecoop.ee/et/toode/22822449-kikas-juustupallid-300g",
   "hindeur": "3",
   "hindcent": "69 €"
  },
  {
   "product": "Coop Kokad Pannkook suitsukanaga 200g",
   "url": "https://ecoop.ee/et/toode/22816352-coop-kokad-pannkook-suitsukanaga-200g",
   "hindeur": "1",
   "hindcent": "49 €"
  },
  {
   "product": "Foodstudio Kookose-karri kaste 350ml",
   "url": "https://ecoop.ee/et/toode/22810217-foodstudio-kookosekarri-kaste-350ml",
   "hindeur": "4",
   "hindcent": "19 €"
  },
  {
   "product": "Mamma Kaera-õuna-pannkoogid 200g",
   "url": "https://ecoop.ee/et/toode/22806331-mamma-kaeraounapannkoogid-200g",
   "hindeur": "2",
   "hindcent": "15 €"
  },
  {
   "product": "Coop Kokad Vanaema pannkoogid kohupiima-mureli 200g",
   "url": "https://ecoop.ee/et/toode/22764632-coop-kokad-vanaema-pannkoogid-kohupiimamureli-200g",
   "hindeur": "1",
   "hindcent": "49 €"
  },
  {
   "product": "Foodstudio Aasia puljong 350ml",
   "url": "https://ecoop.ee/et/toode/22763993-foodstudio-aasia-puljong-350ml",
   "hindeur": "2",
   "hindcent": "75 €"
  },
  {
   "product": "Foodstudio Veisepuljong 350ml",
   "url": "https://ecoop.ee/et/toode/22763992-foodstudio-veisepuljong-350ml",
   "hindeur": "2",
   "hindcent": "75 €"
  },
  {
   "product": "Foodstudio Kanapuljong 350ml",
   "url": "https://ecoop.ee/et/toode/22763991-foodstudio-kanapuljong-350ml",
   "hindeur": "2",
   "hindcent": "75 €"
  },
  {
   "product": "Foodstudio Kalapuljong 350ml",
   "url": "https://ecoop.ee/et/toode/22763990-foodstudio-kalapuljong-350ml",
   "hindeur": "2",
   "hindcent": "75 €"
  },
  {
   "product": "Foodstudio Aedviljapuljong 350ml",
   "url": "https://ecoop.ee/et/toode/22763988-foodstudio-aedviljapuljong-350ml",
   "hindeur": "2",
   "hindcent": "75 €"
  },
  {
   "product": "Mamma Pannkoogid Merevaigu-suitsukana 200g",
   "url": "https://ecoop.ee/et/toode/22756425-mamma-pannkoogid-merevaigusuitsukana-200g",
   "hindeur": "1",
   "hindcent": "79 €"
  },
  {
   "product": "Mamma Pasta-singisalat 800g",
   "url": "https://ecoop.ee/et/toode/22755948-mamma-pastasingisalat-800g",
   "hindeur": "4",
   "hindcent": "89 €"
  },
  {
   "product": "Mamma Kõrvitsa-kohupiima-pannkoogid 200g",
   "url": "https://ecoop.ee/et/toode/22755938-mamma-korvitsakohupiimapannkoogid-200g",
   "hindeur": "2",
   "hindcent": "55 €"
  },
  {
   "product": "Coop Kokad Vanaema pannkoogid kohupiima-vaarika 200g",
   "url": "https://ecoop.ee/et/toode/22750761-coop-kokad-vanaema-pannkoogid-kohupiimavaarika-200g",
   "hindeur": "1",
   "hindcent": "29 €"
  },
  {
   "product": "Coop Kokad Vanaema pannkoogid singi-juustu 200g",
   "url": "https://ecoop.ee/et/toode/22750758-coop-kokad-vanaema-pannkoogid-singijuustu-200g",
   "hindeur": "1",
   "hindcent": "49 €"
  },
  {
   "product": "Coop Kokad Vanaema pannkoogid hakklihatäidisega 200g",
   "url": "https://ecoop.ee/et/toode/22750751-coop-kokad-vanaema-pannkoogid-hakklihataidisega-200g",
   "hindeur": "1",
   "hindcent": "29 €"
  },
  {
   "product": "Coop Kokad küüslauguleivad 600g kastmega",
   "url": "https://ecoop.ee/et/toode/22748630-coop-kokad-kuuslauguleivad-600g-kastmega",
   "hindeur": "3",
   "hindcent": "69 €"
  },
  {
   "product": "Mamma Banaani-kohupiima-pannkoogid 200g",
   "url": "https://ecoop.ee/et/toode/22698788-mamma-banaanikohupiimapannkoogid-200g",
   "hindeur": "2",
   "hindcent": "35 €"
  },
  {
   "product": "Foodstudio Punase veini kaste 230ml",
   "url": "https://ecoop.ee/et/toode/22683641-foodstudio-punase-veini-kaste-230ml",
   "hindeur": "4",
   "hindcent": "19 €"
  },
  {
   "product": "Coop Kokad kapsa-kurgisalat 200g",
   "url": "https://ecoop.ee/et/toode/22650374-coop-kokad-kapsakurgisalat-200g",
   "hindeur": "0",
   "hindcent": "79 €"
  },
  {
   "product": "Mamma Retroburger 230g",
   "url": "https://ecoop.ee/et/toode/22631626-mamma-retroburger-230g",
   "hindeur": "1",
   "hindcent": "85 €"
  },
  {
   "product": "Foodstudio Veisepuljong 750ml",
   "url": "https://ecoop.ee/et/toode/22620943-foodstudio-veisepuljong-750ml",
   "hindeur": "4",
   "hindcent": "39 €"
  },
  {
   "product": "Foodstudio kanapuljong 750ml",
   "url": "https://ecoop.ee/et/toode/22620941-foodstudio-kanapuljong-750ml",
   "hindeur": "4",
   "hindcent": "39 €"
  },
  {
   "product": "Foodstudio Aedviljapuljong 750ml",
   "url": "https://ecoop.ee/et/toode/22620937-foodstudio-aedviljapuljong-750ml",
   "hindeur": "4",
   "hindcent": "39 €"
  },
  {
   "product": "Coop Kokad pasteedirull 150g",
   "url": "https://ecoop.ee/et/toode/22612225-coop-kokad-pasteedirull-150g",
   "hindeur": "2",
   "hindcent": "29 €"
  },
  {
   "product": "Coop Kokad kliipaneeringus kanafilee 300g",
   "url": "https://ecoop.ee/et/toode/22261899-coop-kokad-kliipaneeringus-kanafilee-300g",
   "hindeur": "4",
   "hindcent": "99 €"
  },
  {
   "product": "Coop Kokad virsikutarretis vahukoorega 150g",
   "url": "https://ecoop.ee/et/toode/21484849-coop-kokad-virsikutarretis-vahukoorega-150g",
   "hindeur": "0",
   "hindcent": "85 €"
  },
  {
   "product": "Coop Kokad punane lihasalat 250g",
   "url": "https://ecoop.ee/et/toode/21479621-coop-kokad-punane-lihasalat-250g",
   "hindeur": "1",
   "hindcent": "39 €"
  },
  {
   "product": "Uvic Tseburekid klassikalised praetud 250g",
   "url": "https://ecoop.ee/et/toode/21435662-uvic-tseburekid-klassikalised-praetud-250g",
   "hindeur": "1",
   "hindcent": "59 €"
  },
  {
   "product": "Coop Kokad salat kasukas 250g",
   "url": "https://ecoop.ee/et/toode/21030958-coop-kokad-salat-kasukas-250g",
   "hindeur": "1",
   "hindcent": "49 €"
  },
  {
   "product": "Coop Kokad sünnipäevasalat 250g",
   "url": "https://ecoop.ee/et/toode/21030889-coop-kokad-sunnipaevasalat-250g",
   "hindeur": "1",
   "hindcent": "19 €"
  },
  {
   "product": "Coop Kokad rosolje 250g",
   "url": "https://ecoop.ee/et/toode/21030815-coop-kokad-rosolje-250g",
   "hindeur": "1",
   "hindcent": "29 €"
  },
  {
   "product": "Coop Kokad riisi-tuunikalasalat 250g",
   "url": "https://ecoop.ee/et/toode/21030735-coop-kokad-riisituunikalasalat-250g",
   "hindeur": "1",
   "hindcent": "35 €"
  },
  {
   "product": "Coop Kokad riisi-makrasalat 250g",
   "url": "https://ecoop.ee/et/toode/21030242-coop-kokad-riisimakrasalat-250g",
   "hindeur": "1",
   "hindcent": "05 €"
  },
  {
   "product": "Coop Kokad oa-singisalat 250g",
   "url": "https://ecoop.ee/et/toode/21030164-coop-kokad-oasingisalat-250g",
   "hindeur": "1",
   "hindcent": "79 €"
  },
  {
   "product": "Coop Kokad kartuli-vorstisalat 250g",
   "url": "https://ecoop.ee/et/toode/21030026-coop-kokad-kartulivorstisalat-250g",
   "hindeur": "1",
   "hindcent": "15 €"
  },
  {
   "product": "Coop Kokad kartuli-suitsuvorstisalat 250g",
   "url": "https://ecoop.ee/et/toode/21029875-coop-kokad-kartulisuitsuvorstisalat-250g",
   "hindeur": "1",
   "hindcent": "15 €"
  },
  {
   "product": "Coop Kokad kartuli-singisalat 250g",
   "url": "https://ecoop.ee/et/toode/21029728-coop-kokad-kartulisingisalat-250g",
   "hindeur": "1",
   "hindcent": "15 €"
  },
  {
   "product": "Coop Kokad kartuli-lihasalat 250g",
   "url": "https://ecoop.ee/et/toode/21029482-coop-kokad-kartulilihasalat-250g",
   "hindeur": "1",
   "hindcent": "39 €"
  },
  {
   "product": "Coop Kokad veisemaksapasteet 200g",
   "url": "https://ecoop.ee/et/toode/20760760-coop-kokad-veisemaksapasteet-200g",
   "hindeur": "1",
   "hindcent": "59 €"
  },
  {
   "product": "Coop Kokad vürtsikas kana 350g",
   "url": "https://ecoop.ee/et/toode/20759712-coop-kokad-vurtsikas-kana-350g",
   "hindeur": "3",
   "hindcent": "69 €"
  },
  {
   "product": "Hiiumaa Köök Toorjuustu leivakreem 140g",
   "url": "https://ecoop.ee/et/toode/20484514-hiiumaa-kook-toorjuustu-leivakreem-140g",
   "hindeur": "1",
   "hindcent": "89 €"
  },
  {
   "product": "Mamma pannkoogid kanatäidisega 200g",
   "url": "https://ecoop.ee/et/toode/20362484-mamma-pannkoogid-kanataidisega-200g",
   "hindeur": "1",
   "hindcent": "99 €"
  },
  {
   "product": "Mamma Singi-juustubatoon 190g",
   "url": "https://ecoop.ee/et/toode/20362437-mamma-singijuustubatoon-190g",
   "hindeur": "1",
   "hindcent": "79 €"
  },
  {
   "product": "Mamma kanasupp 300g",
   "url": "https://ecoop.ee/et/toode/20352198-mamma-kanasupp-300g",
   "hindeur": "1",
   "hindcent": "99 €"
  },
  {
   "product": "Mamma punane lihasalat 800g",
   "url": "https://ecoop.ee/et/toode/20351866-mamma-punane-lihasalat-800g",
   "hindeur": "4",
   "hindcent": "89 €"
  },
  {
   "product": "Coop Kokad Retromaius 150g",
   "url": "https://ecoop.ee/et/toode/19769762-coop-kokad-retromaius-150g",
   "hindeur": "1",
   "hindcent": "15 €"
  },
  {
   "product": "Coop Kokad Vaarikatarretis vahukoorega 150g",
   "url": "https://ecoop.ee/et/toode/19769709-coop-kokad-vaarikatarretis-vahukoorega-150g",
   "hindeur": "0",
   "hindcent": "85 €"
  },
  {
   "product": "Coop Kokad Kass Arturi kook 160g",
   "url": "https://ecoop.ee/et/toode/19769643-coop-kokad-kass-arturi-kook-160g",
   "hindeur": "1",
   "hindcent": "69 €"
  },
  {
   "product": "Coop Kokad munavõie 220g",
   "url": "https://ecoop.ee/et/toode/19769457-coop-kokad-munavoie-220g",
   "hindeur": "1",
   "hindcent": "69 €"
  },
  {
   "product": "Coop Kokad suitsukanavõie 220g",
   "url": "https://ecoop.ee/et/toode/19769426-coop-kokad-suitsukanavoie-220g",
   "hindeur": "2",
   "hindcent": "39 €"
  },
  {
   "product": "Coop Kokad Kirju salat 200g",
   "url": "https://ecoop.ee/et/toode/19769231-coop-kokad-kirju-salat-200g",
   "hindeur": "0",
   "hindcent": "95 €"
  },
  {
   "product": "Coop Kokad värskekapsa-porgandisalat 200g",
   "url": "https://ecoop.ee/et/toode/19769119-coop-kokad-varskekapsaporgandisalat-200g",
   "hindeur": "0",
   "hindcent": "69 €"
  },
  {
   "product": "Coop Kokad vitamiinisalat 200g",
   "url": "https://ecoop.ee/et/toode/19769034-coop-kokad-vitamiinisalat-200g",
   "hindeur": "0",
   "hindcent": "99 €"
  },
  {
   "product": "Coop Kokad peedi-küüslaugusalat 200g",
   "url": "https://ecoop.ee/et/toode/19768908-coop-kokad-peedikuuslaugusalat-200g",
   "hindeur": "0",
   "hindcent": "79 €"
  },
  {
   "product": "Coop Kokad kokteilsalat tuunikalaga 250g",
   "url": "https://ecoop.ee/et/toode/19768848-coop-kokad-kokteilsalat-tuunikalaga-250g",
   "hindeur": "1",
   "hindcent": "99 €"
  },
  {
   "product": "Coop Kokad Itaalia pasta-singisalat 200g",
   "url": "https://ecoop.ee/et/toode/19768303-coop-kokad-itaalia-pastasingisalat-200g",
   "hindeur": "0",
   "hindcent": "70 €"
  },
  {
   "product": "Coop Kokad tatra-kanaroog 300g",
   "url": "https://ecoop.ee/et/toode/19767700-coop-kokad-tatrakanaroog-300g",
   "hindeur": "1",
   "hindcent": "79 €"
  },
  {
   "product": "Coop Kokad juustu-peekonikartul 300g",
   "url": "https://ecoop.ee/et/toode/19766484-coop-kokad-juustupeekonikartul-300g",
   "hindeur": "1",
   "hindcent": "79 €"
  },
  {
   "product": "Coop Kokad seljanka põhi 350g",
   "url": "https://ecoop.ee/et/toode/19766432-coop-kokad-seljanka-pohi-350g",
   "hindeur": "1",
   "hindcent": "49 €"
  },
  {
   "product": "Hiiumaa Köök Värskekapsasalat apelsiniga 200g",
   "url": "https://ecoop.ee/et/toode/19759348-hiiumaa-kook-varskekapsasalat-apelsiniga-200g",
   "hindeur": "1",
   "hindcent": "45 €"
  },
  {
   "product": "Hiiumaa Köök Suvikõrvitsasalat 200g",
   "url": "https://ecoop.ee/et/toode/19759339-hiiumaa-kook-suvikorvitsasalat-200g",
   "hindeur": "1",
   "hindcent": "45 €"
  },
  {
   "product": "Coop Kokad Caesari salat kanaga 250g",
   "url": "https://ecoop.ee/et/toode/19715079-coop-kokad-caesari-salat-kanaga-250g",
   "hindeur": "3",
   "hindcent": "19 €"
  },
  {
   "product": "Coop Kokad punane lihasalat 1kg",
   "url": "https://ecoop.ee/et/toode/19346117-coop-kokad-punane-lihasalat-1kg",
   "hindeur": "5",
   "hindcent": "19 €"
  },
  {
   "product": "Coop Kokad kartuli-singisalat 1kg",
   "url": "https://ecoop.ee/et/toode/18888026-coop-kokad-kartulisingisalat-1kg",
   "hindeur": "4",
   "hindcent": "19 €"
  },
  {
   "product": "Mamma Caesari salat kanaga 270g",
   "url": "https://ecoop.ee/et/toode/18871853-mamma-caesari-salat-kanaga-270g",
   "hindeur": "3",
   "hindcent": "85 €"
  },
  {
   "product": "Coop Kokad Kodune pasteet 250g",
   "url": "https://ecoop.ee/et/toode/18618783-coop-kokad-kodune-pasteet-250g",
   "hindeur": "1",
   "hindcent": "55 €"
  },
  {
   "product": "Coop Kokad sünnipäevasalat 1kg",
   "url": "https://ecoop.ee/et/toode/18603439-coop-kokad-sunnipaevasalat-1kg",
   "hindeur": "4",
   "hindcent": "49 €"
  },
  {
   "product": "Coop Kokad riisi-tuunikalasalat 1kg",
   "url": "https://ecoop.ee/et/toode/18589135-coop-kokad-riisituunikalasalat-1kg",
   "hindeur": "5",
   "hindcent": "25 €"
  },
  {
   "product": "Coop Kokad kartuli-lihasalat 1kg",
   "url": "https://ecoop.ee/et/toode/18588671-coop-kokad-kartulilihasalat-1kg",
   "hindeur": "5",
   "hindcent": "15 €"
  },
  {
   "product": "Coop Kokad rosolje 1kg",
   "url": "https://ecoop.ee/et/toode/18588326-coop-kokad-rosolje-1kg",
   "hindeur": "5",
   "hindcent": "15 €"
  },
  {
   "product": "Coop Kokad sült 320g",
   "url": "https://ecoop.ee/et/toode/18587650-coop-kokad-sult-320g",
   "hindeur": "2",
   "hindcent": "49 €"
  },
  {
   "product": "Hiiumaa Köök šokolaadi-kirsimaius 180g",
   "url": "https://ecoop.ee/et/toode/18199045-hiiumaa-kook-sokolaadikirsimaius-180g",
   "hindeur": "1",
   "hindcent": "65 €"
  },
  {
   "product": "Hiiumaa Köök Karamelli-kirsimaius 180g",
   "url": "https://ecoop.ee/et/toode/18198957-hiiumaa-kook-karamellikirsimaius-180g",
   "hindeur": "1",
   "hindcent": "55 €"
  },
  {
   "product": "Hiiumaa Köök Vaarika magustoit 180g",
   "url": "https://ecoop.ee/et/toode/17108725-hiiumaa-kook-vaarika-magustoit-180g",
   "hindeur": "1",
   "hindcent": "25 €"
  },
  {
   "product": "Mamma kodune seljanka 300g",
   "url": "https://ecoop.ee/et/toode/17104596-mamma-kodune-seljanka-300g",
   "hindeur": "1",
   "hindcent": "99 €"
  },
  {
   "product": "Hiiumaa Köök peedi-kurgisalat 200g",
   "url": "https://ecoop.ee/et/toode/15864946-hiiumaa-kook-peedikurgisalat-200g",
   "hindeur": "1",
   "hindcent": "19 €"
  },
  {
   "product": "Hiiumaa Köök köögiviljasalat 200g",
   "url": "https://ecoop.ee/et/toode/15864730-hiiumaa-kook-koogiviljasalat-200g",
   "hindeur": "1",
   "hindcent": "25 €"
  },
  {
   "product": "Hiiumaa Köök Saiavorm 300g",
   "url": "https://ecoop.ee/et/toode/15824606-hiiumaa-kook-saiavorm-300g",
   "hindeur": "1",
   "hindcent": "49 €"
  },
  {
   "product": "Hiiumaa Köök Ananassiunelm 200g",
   "url": "https://ecoop.ee/et/toode/15824548-hiiumaa-kook-ananassiunelm-200g",
   "hindeur": "1",
   "hindcent": "25 €"
  },
  {
   "product": "Hiiumaa Köök Küpsise magustoit 200g",
   "url": "https://ecoop.ee/et/toode/15824524-hiiumaa-kook-kupsise-magustoit-200g",
   "hindeur": "1",
   "hindcent": "25 €"
  },
  {
   "product": "Hiiumaa Köök Karamellkreem 150g",
   "url": "https://ecoop.ee/et/toode/15824418-hiiumaa-kook-karamellkreem-150g",
   "hindeur": "1",
   "hindcent": "25 €"
  },
  {
   "product": "Hiiumaa Köök Virsikutarretis 200g",
   "url": "https://ecoop.ee/et/toode/15824313-hiiumaa-kook-virsikutarretis-200g",
   "hindeur": "1",
   "hindcent": "25 €"
  },
  {
   "product": "Mamma pasta singi-koorekastmes 300g",
   "url": "https://ecoop.ee/et/toode/15377876-mamma-pasta-singikoorekastmes-300g",
   "hindeur": "2",
   "hindcent": "49 €"
  },
  {
   "product": "Mamma kartuli-lihasalat 400g",
   "url": "https://ecoop.ee/et/toode/15377792-mamma-kartulilihasalat-400g",
   "hindeur": "2",
   "hindcent": "69 €"
  },
  {
   "product": "Mamma pannkoogid maasikalisandiga 200g",
   "url": "https://ecoop.ee/et/toode/15159017-mamma-pannkoogid-maasikalisandiga-200g",
   "hindeur": "1",
   "hindcent": "59 €"
  },
  {
   "product": "Mamma kartuli-vorstisalat 800g",
   "url": "https://ecoop.ee/et/toode/15125198-mamma-kartulivorstisalat-800g",
   "hindeur": "4",
   "hindcent": "39 €"
  },
  {
   "product": "Hiiumaa Köök kartuli-lihasalat 400g",
   "url": "https://ecoop.ee/et/toode/14659733-hiiumaa-kook-kartulilihasalat-400g",
   "hindeur": "3",
   "hindcent": "29 €"
  },
  {
   "product": "Hiiumaa Köök kartuli-lihasalat 200g",
   "url": "https://ecoop.ee/et/toode/14659708-hiiumaa-kook-kartulilihasalat-200g",
   "hindeur": "1",
   "hindcent": "65 €"
  },
  {
   "product": "Hiiumaa Köök kodune salat 400g",
   "url": "https://ecoop.ee/et/toode/14659369-hiiumaa-kook-kodune-salat-400g",
   "hindeur": "2",
   "hindcent": "19 €"
  },
  {
   "product": "Saarionen hakklihapitsa 200g jahutatud",
   "url": "https://ecoop.ee/et/toode/14534205-saarionen-hakklihapitsa-200g-jahutatud",
   "hindeur": "1",
   "hindcent": "69 €"
  },
  {
   "product": "Maggi kanapuljong 60g",
   "url": "https://ecoop.ee/et/toode/12866102-maggi-kanapuljong-60g",
   "hindeur": "0",
   "hindcent": "58 €"
  },
  {
   "product": "Põltsamaa Seljanka 530g",
   "url": "https://ecoop.ee/et/toode/12682893-poltsamaa-seljanka-530g",
   "hindeur": "3",
   "hindcent": "65 €"
  },
  {
   "product": "Coop Kokad küüslauguleivad 320g kastmega",
   "url": "https://ecoop.ee/et/toode/12563721-coop-kokad-kuuslauguleivad-320g-kastmega",
   "hindeur": "2",
   "hindcent": "05 €"
  },
  {
   "product": "Farmi kohupiimavorm 250g vanilli-rosina",
   "url": "https://ecoop.ee/et/toode/12394368-farmi-kohupiimavorm-250g-vanillirosina",
   "hindeur": "1",
   "hindcent": "89 €"
  },
  {
   "product": "Farmi kohupiimavorm 250g vanilli",
   "url": "https://ecoop.ee/et/toode/12394352-farmi-kohupiimavorm-250g-vanilli",
   "hindeur": "1",
   "hindcent": "89 €"
  },
  {
   "product": "Põltsamaa Pilaff 520g",
   "url": "https://ecoop.ee/et/toode/20818967-poltsamaa-pilaff-520g",
   "hindeur": "2",
   "hindcent": "65 €"
  },
  {
   "product": "Põltsamaa Hartšoo 530g",
   "url": "https://ecoop.ee/et/toode/12794689-poltsamaa-hartsoo-530g",
   "hindeur": "2",
   "hindcent": "55 €"
  },
  {
   "product": "Maggi kana kiirsupp 12g nuudlitega",
   "url": "https://ecoop.ee/et/toode/22815268-maggi-kana-kiirsupp-12g-nuudlitega",
   "hindeur": "0",
   "hindcent": "39 €"
  },
  {
   "product": "Maggi Idea nuudlitele kanaga 4 juustu 34g",
   "url": "https://ecoop.ee/et/toode/21186520-maggi-idea-nuudlitele-kanaga-4-juustu-34g",
   "hindeur": "0",
   "hindcent": "85 €"
  },
  {
   "product": "Knorr Juustu-seene kiirsupp 17g",
   "url": "https://ecoop.ee/et/toode/14891004-knorr-juustuseene-kiirsupp-17g",
   "hindeur": "0",
   "hindcent": "49 €"
  },
  {
   "product": "Maggi kanapuljong 60g peterselli-tilli",
   "url": "https://ecoop.ee/et/toode/13630457-maggi-kanapuljong-60g-petersellitilli",
   "hindeur": "0",
   "hindcent": "61 €"
  },
  {
   "product": "Santa Maria Nacho krõpsud 185g",
   "url": "https://ecoop.ee/et/toode/21885322-santa-maria-nacho-kropsud185g",
   "hindeur": "1",
   "hindcent": "99 €"
  },
  {
   "product": "Manomasa Tortilla krõps 160g manchego, oliivi",
   "url": "https://ecoop.ee/et/toode/22693817-manomasa-tortilla-krops-160g-manchego-oliivi",
   "hindeur": "3",
   "hindcent": "19 €"
  },
  {
   "product": "Manomasa Tortilla krõps 160g chipotle, laimi",
   "url": "https://ecoop.ee/et/toode/22693811-manomasa-tortilla-krops-160g-chipotle-laimi",
   "hindeur": "3",
   "hindcent": "19 €"
  },
  {
   "product": "Farm Frites kartuli pannkoogid sibulaga 540g",
   "url": "https://ecoop.ee/et/toode/22632938-farm-frites-kartuli-pannkoogid-sibulaga-540g",
   "hindeur": "1",
   "hindcent": "75 €"
  },
  {
   "product": "Coop Rassolnik 530g sealihaga",
   "url": "https://ecoop.ee/et/toode/22843939-coop-rassolnik-530g-sealihaga",
   "hindeur": "1",
   "hindcent": "59 €"
  },
  {
   "product": "Coop Seljanka lihaga 530g",
   "url": "https://ecoop.ee/et/toode/22843935-coop-seljanka-lihaga-530g",
   "hindeur": "2",
   "hindcent": "65 €"
  },
  {
   "product": "Coop Hapukapsaborš 530g sealihaga",
   "url": "https://ecoop.ee/et/toode/22843931-coop-hapukapsabors-530g-sealihaga",
   "hindeur": "2",
   "hindcent": "19 €"
  },
  {
   "product": "Coop Hernesupp 530g suitsulihaga",
   "url": "https://ecoop.ee/et/toode/22843927-coop-hernesupp-530g-suitsulihaga",
   "hindeur": "2",
   "hindcent": "19 €"
  },
  {
   "product": "Coop Rassolnik 480g lihata",
   "url": "https://ecoop.ee/et/toode/22843922-coop-rassolnik-480g-lihata",
   "hindeur": "1",
   "hindcent": "39 €"
  },
  {
   "product": "Coop Hapukapsaborš 480g lihata",
   "url": "https://ecoop.ee/et/toode/22843921-coop-hapukapsabors-480g-lihata",
   "hindeur": "1",
   "hindcent": "39 €"
  },
  {
   "product": "Presto Tomatipüreesupp öko 300g ürtidega",
   "url": "https://ecoop.ee/et/toode/22807587-presto-tomatipureesupp-oko-300g-urtidega",
   "hindeur": "3",
   "hindcent": "19 €"
  },
  {
   "product": "Presto Köögiviljapüreesupp öko 300g kanafileega",
   "url": "https://ecoop.ee/et/toode/22807584-presto-koogiviljapureesupp-oko-300g-kanafileega",
   "hindeur": "3",
   "hindcent": "19 €"
  },
  {
   "product": "Presto Köögiviljapüreesupp öko 300g kookospiimaga",
   "url": "https://ecoop.ee/et/toode/22807579-presto-koogiviljapureesupp-oko-300g-kookospiimaga",
   "hindeur": "3",
   "hindcent": "19 €"
  },
  {
   "product": "Põltsamaa Kanaborš 530g",
   "url": "https://ecoop.ee/et/toode/22708528-poltsamaa-kanabors-530g",
   "hindeur": "2",
   "hindcent": "59 €"
  },
  {
   "product": "Salvest Kana-köögiviljawok 530g riisiga",
   "url": "https://ecoop.ee/et/toode/22667397-salvest-kanakoogiviljawok-530g-riisiga",
   "hindeur": "3",
   "hindcent": "25 €"
  },
  {
   "product": "Põltsamaa Frikadellisupp 530g",
   "url": "https://ecoop.ee/et/toode/22078877-poltsamaa-frikadellisupp-530g",
   "hindeur": "2",
   "hindcent": "59 €"
  },
  {
   "product": "Põltsamaa Mulgipuder530g suitsupeekoniga",
   "url": "https://ecoop.ee/et/toode/21673663-poltsamaa-mulgipuder530g-suitsupeekoniga",
   "hindeur": "2",
   "hindcent": "39 €"
  },
  {
   "product": "Salvest Chilli con Carne 530g",
   "url": "https://ecoop.ee/et/toode/21455097-salvest-chilli-con-carne-530g",
   "hindeur": "3",
   "hindcent": "19 €"
  },
  {
   "product": "Põltsamaa Värskekapsaborš 530g lihata",
   "url": "https://ecoop.ee/et/toode/20739784-poltsamaa-varskekapsabors-530g-lihata",
   "hindeur": "2",
   "hindcent": "19 €"
  },
  {
   "product": "Põltsamaa Kodune seljanka 530g",
   "url": "https://ecoop.ee/et/toode/20739748-poltsamaa-kodune-seljanka-530g",
   "hindeur": "2",
   "hindcent": "95 €"
  },
  {
   "product": "Põltsamaa Praekapsas porgandiga 520g",
   "url": "https://ecoop.ee/et/toode/20399227-poltsamaa-praekapsas-porgandiga-520g",
   "hindeur": "2",
   "hindcent": "09 €"
  },
  {
   "product": "Salvest Seljanka 530g suitsuribilihaga",
   "url": "https://ecoop.ee/et/toode/20385118-salvest-seljanka-530g-suitsuribilihaga",
   "hindeur": "3",
   "hindcent": "55 €"
  },
  {
   "product": "Salvest Suitsupeekoniga pilaff 530g",
   "url": "https://ecoop.ee/et/toode/19492327-salvest-suitsupeekoniga-pilaff-530g",
   "hindeur": "2",
   "hindcent": "75 €"
  },
  {
   "product": "Põltsamaa Hapukapsasupp 530g suitsulihaga",
   "url": "https://ecoop.ee/et/toode/19064553-poltsamaa-hapukapsasupp-530g-suitsulihaga",
   "hindeur": "2",
   "hindcent": "55 €"
  },
  {
   "product": "Salvest 3min Rassolnik 500g",
   "url": "https://ecoop.ee/et/toode/15775835-salvest-3min-rassolnik-500g",
   "hindeur": "1",
   "hindcent": "55 €"
  },
  {
   "product": "Salvest Hernesupp 560g suitsuribilihaga",
   "url": "https://ecoop.ee/et/toode/15763602-salvest-hernesupp-560g-suitsuribilihaga",
   "hindeur": "2",
   "hindcent": "75 €"
  },
  {
   "product": "Salvest 3min Pilaff 480g lihata",
   "url": "https://ecoop.ee/et/toode/15425409-salvest-3min-pilaff-480g-lihata",
   "hindeur": "1",
   "hindcent": "65 €"
  },
  {
   "product": "Salvest 3min Värskekapsaborš ubadega 480g",
   "url": "https://ecoop.ee/et/toode/15354805-salvest-3min-varskekapsabors-ubadega-480g",
   "hindeur": "1",
   "hindcent": "55 €"
  },
  {
   "product": "Salvest 3min Talupojasupp 500g",
   "url": "https://ecoop.ee/et/toode/15354644-salvest-3min-talupojasupp-500g",
   "hindeur": "1",
   "hindcent": "39 €"
  },
  {
   "product": "Salvest 3min Hapukapsaborš 480g",
   "url": "https://ecoop.ee/et/toode/15353718-salvest-3min-hapukapsabors-480g",
   "hindeur": "1",
   "hindcent": "05 €"
  },
  {
   "product": "Salvest 3min Seljanka 480g lihata",
   "url": "https://ecoop.ee/et/toode/15353625-salvest-3min-seljanka-480g-lihata",
   "hindeur": "1",
   "hindcent": "65 €"
  },
  {
   "product": "Põltsamaa Hapukapsaborš 530g sealihaga",
   "url": "https://ecoop.ee/et/toode/14031108-poltsamaa-hapukapsabors-530g-sealihaga",
   "hindeur": "2",
   "hindcent": "59 €"
  },
  {
   "product": "Salvest Hapukapsaborš sealihaga 530g",
   "url": "https://ecoop.ee/et/toode/12866382-salvest-hapukapsabors-sealihaga-530g",
   "hindeur": "2",
   "hindcent": "75 €"
  },
  {
   "product": "Salvest Rassolnik 530g veiselihaga",
   "url": "https://ecoop.ee/et/toode/12866136-salvest-rassolnik-530g-veiselihaga",
   "hindeur": "2",
   "hindcent": "85 €"
  },
  {
   "product": "Salvest Värskekapsaborš 530g",
   "url": "https://ecoop.ee/et/toode/12863330-salvest-varskekapsabors-530g",
   "hindeur": "2",
   "hindcent": "49 €"
  },
  {
   "product": "Salvest Hapukapsaborš 530g veiselihaga",
   "url": "https://ecoop.ee/et/toode/12861431-salvest-hapukapsabors-530g-veiselihaga",
   "hindeur": "2",
   "hindcent": "85 €"
  },
  {
   "product": "Salvest Seljanka 530g lihaga",
   "url": "https://ecoop.ee/et/toode/12855409-salvest-seljanka-530g-lihaga",
   "hindeur": "4",
   "hindcent": "25 €"
  },
  {
   "product": "Salvest Hapukapsaborš 530g",
   "url": "https://ecoop.ee/et/toode/12849317-salvest-hapukapsabors-530g",
   "hindeur": "2",
   "hindcent": "49 €"
  },
  {
   "product": "Salvest Värskekapsaborš 530g veiselihaga",
   "url": "https://ecoop.ee/et/toode/12848368-salvest-varskekapsabors-530g-veiselihaga",
   "hindeur": "2",
   "hindcent": "85 €"
  },
  {
   "product": "Salvest Maksakaste 530g",
   "url": "https://ecoop.ee/et/toode/12798048-salvest-maksakaste-530g",
   "hindeur": "2",
   "hindcent": "95 €"
  },
  {
   "product": "Salvest guljašš 530g",
   "url": "https://ecoop.ee/et/toode/12798019-salvest-guljass-530g",
   "hindeur": "3",
   "hindcent": "29 €"
  },
  {
   "product": "Salvest Makaronid 530g singiga",
   "url": "https://ecoop.ee/et/toode/12785454-salvest-makaronid-530g-singiga",
   "hindeur": "2",
   "hindcent": "75 €"
  },
  {
   "product": "Salvest Mehhiko pada 530g",
   "url": "https://ecoop.ee/et/toode/12698468-salvest-mehhiko-pada-530g",
   "hindeur": "3",
   "hindcent": "09 €"
  },
  {
   "product": "Salvest Itaalia pada 530g",
   "url": "https://ecoop.ee/et/toode/12698455-salvest-itaalia-pada-530g",
   "hindeur": "3",
   "hindcent": "09 €"
  },
  {
   "product": "Põltsamaa Hernesupp 530g suitsulihaga",
   "url": "https://ecoop.ee/et/toode/12682158-poltsamaa-hernesupp-530g-suitsulihaga",
   "hindeur": "2",
   "hindcent": "45 €"
  },
  {
   "product": "Salvest Ühepajatoit 530g sealihaga",
   "url": "https://ecoop.ee/et/toode/12665999-salvest-uhepajatoit-530g-sealihaga",
   "hindeur": "2",
   "hindcent": "95 €"
  },
  {
   "product": "Salvest Tatrapuder 530g sealihaga",
   "url": "https://ecoop.ee/et/toode/12653166-salvest-tatrapuder-530g-sealihaga",
   "hindeur": "2",
   "hindcent": "85 €"
  },
  {
   "product": "Salvest Pilaff 530g sealihaga",
   "url": "https://ecoop.ee/et/toode/12627598-salvest-pilaff-530g-sealihaga",
   "hindeur": "2",
   "hindcent": "75 €"
  },
  {
   "product": "Salvest Hapukapsasupp 530g sealihaga",
   "url": "https://ecoop.ee/et/toode/12627585-salvest-hapukapsasupp-530g-sealihaga",
   "hindeur": "2",
   "hindcent": "85 €"
  },
  {
   "product": "Salvest Ukraina värskekapsaborš 530g sealihaga",
   "url": "https://ecoop.ee/et/toode/12599919-salvest-ukraina-varskekapsabors-530g-sealihaga",
   "hindeur": "2",
   "hindcent": "99 €"
  },
  {
   "product": "Salvest Põldoasupp 530g sealihaga",
   "url": "https://ecoop.ee/et/toode/12597857-salvest-poldoasupp-530g-sealihaga",
   "hindeur": "2",
   "hindcent": "75 €"
  },
  {
   "product": "Salvest Hernesupp 530g suitsulihaga",
   "url": "https://ecoop.ee/et/toode/12597842-salvest-hernesupp-530g-suitsulihaga",
   "hindeur": "2",
   "hindcent": "75 €"
  },
  {
   "product": "Salvest Makaroniroog 530g",
   "url": "https://ecoop.ee/et/toode/12597568-salvest-makaroniroog-530g",
   "hindeur": "2",
   "hindcent": "75 €"
  },
  {
   "product": "Salvest Aeduba 530g tomatikastmes",
   "url": "https://ecoop.ee/et/toode/12597555-salvest-aeduba-530g-tomatikastmes",
   "hindeur": "2",
   "hindcent": "35 €"
  },
  {
   "product": "Põltsamaa Kanasupp 530g",
   "url": "https://ecoop.ee/et/toode/12501530-poltsamaa-kanasupp-530g",
   "hindeur": "2",
   "hindcent": "59 €"
  },
  {
   "product": "Salvest Mulgipuder sealihaga 530g",
   "url": "https://ecoop.ee/et/toode/12388711-salvest-mulgipuder-sealihaga-530g",
   "hindeur": "2",
   "hindcent": "29 €"
  },
  {
   "product": "Põltsamaa Värskekapsaborš 530g veiselihaga",
   "url": "https://ecoop.ee/et/toode/12139786-poltsamaa-varskekapsabors-530g-veiselihaga",
   "hindeur": "2",
   "hindcent": "59 €"
  },
  {
   "product": "Maggi Kartulipuder 59g sibula& saiakuubiku",
   "url": "https://ecoop.ee/et/toode/22846575-maggi-kartulipuder-59g-sibula-saiakuubiku",
   "hindeur": "1",
   "hindcent": "29 €"
  },
  {
   "product": "Maggi Kartulipüree 50g tilliga",
   "url": "https://ecoop.ee/et/toode/22846574-maggi-kartulipuree-50g-tilliga",
   "hindeur": "1",
   "hindcent": "29 €"
  },
  {
   "product": "Maggi Kartulipuder 53g peekoni& saiakuubiku",
   "url": "https://ecoop.ee/et/toode/22846572-maggi-kartulipuder-53g-peekoni-saiakuubiku",
   "hindeur": "1",
   "hindcent": "15 €"
  },
  {
   "product": "Maggi Nuudlid tomati-koorekastmes 62g",
   "url": "https://ecoop.ee/et/toode/22846570-maggi-nuudlid-tomatikoorekastmes-62g",
   "hindeur": "1",
   "hindcent": "15 €"
  },
  {
   "product": "Maggi Pasta Carbonara 50g",
   "url": "https://ecoop.ee/et/toode/22846564-maggi-pasta-carbonara-50g",
   "hindeur": "1",
   "hindcent": "15 €"
  },
  {
   "product": "Maggi tomati kiirsupp 17g nuudlitega",
   "url": "https://ecoop.ee/et/toode/22815270-maggi-tomati-kiirsupp-17g-nuudlitega",
   "hindeur": "0",
   "hindcent": "39 €"
  },
  {
   "product": "Maggi Hernesupp 22g saiakuubikutega",
   "url": "https://ecoop.ee/et/toode/22815269-maggi-hernesupp-22g-saiakuubikutega",
   "hindeur": "0",
   "hindcent": "39 €"
  },
  {
   "product": "Maggi Asia kiirnuudlid 62g pardiga",
   "url": "https://ecoop.ee/et/toode/22814112-maggi-asia-kiirnuudlid-62g-pardiga",
   "hindeur": "0",
   "hindcent": "55 €"
  },
  {
   "product": "Old El Paso Nisutortilla 8tk 326g",
   "url": "https://ecoop.ee/et/toode/22795931-old-el-paso-nisutortilla-8tk-326g",
   "hindeur": "2",
   "hindcent": "65 €"
  },
  {
   "product": "Santa Maria magus tšillikaste 200g",
   "url": "https://ecoop.ee/et/toode/22755292-santa-maria-magus-tsillikaste-200g",
   "hindeur": "2",
   "hindcent": "19 €"
  },
  {
   "product": "Santa Maria Vege-Taco maitseainesegu 65g",
   "url": "https://ecoop.ee/et/toode/22755289-santa-maria-vegetaco-maitseainesegu-65g",
   "hindeur": "2",
   "hindcent": "09 €"
  },
  {
   "product": "Santa Maria Maitseainesegu Taco kanale28g",
   "url": "https://ecoop.ee/et/toode/22755285-santa-maria-maitseainesegu-taco-kanale28g",
   "hindeur": "1",
   "hindcent": "45 €"
  },
  {
   "product": "Knorr kiirnuudlid 65g tomatimaitselised",
   "url": "https://ecoop.ee/et/toode/22751509-knorr-kiirnuudlid-65g-tomatimaitselised",
   "hindeur": "0",
   "hindcent": "69 €"
  },
  {
   "product": "Knorr kiirnuudlid 61g kanamaitselised",
   "url": "https://ecoop.ee/et/toode/22751504-knorr-kiirnuudlid-61g-kanamaitselised",
   "hindeur": "0",
   "hindcent": "69 €"
  },
  {
   "product": "Knorr kartulipüree 51g peekoni",
   "url": "https://ecoop.ee/et/toode/22751502-knorr-kartulipuree-51g-peekoni",
   "hindeur": "1",
   "hindcent": "39 €"
  },
  {
   "product": "Knorr makaronid 67g juustu-ürdi",
   "url": "https://ecoop.ee/et/toode/22739067-knorr-makaronid-67g-juustuurdi",
   "hindeur": "1",
   "hindcent": "35 €"
  },
  {
   "product": "Knorr makaronid 71g peekoni-juustu",
   "url": "https://ecoop.ee/et/toode/22709538-knorr-makaronid-71g-peekonijuustu",
   "hindeur": "1",
   "hindcent": "35 €"
  },
  {
   "product": "Knorr kartulipüree 47g kartuli-spinati",
   "url": "https://ecoop.ee/et/toode/22709536-knorr-kartulipuree-47g-kartulispinati",
   "hindeur": "1",
   "hindcent": "49 €"
  },
  {
   "product": "Rollton kiirnuudlid 75g kanalihamaitselised",
   "url": "https://ecoop.ee/et/toode/22678665-rollton-kiirnuudlid-75g-kanalihamaitselised",
   "hindeur": "0",
   "hindcent": "89 €"
  },
  {
   "product": "Rollton kiirnuudlid 75g loomalihamaitselised",
   "url": "https://ecoop.ee/et/toode/22678659-rollton-kiirnuudlid-75g-loomalihamaitselised",
   "hindeur": "0",
   "hindcent": "89 €"
  },
  {
   "product": "Natures Charm Kookose kondenspiim 320g",
   "url": "https://ecoop.ee/et/toode/22668628-natures-charm-kookose-kondenspiim-320g",
   "hindeur": "3",
   "hindcent": "75 €"
  },
  {
   "product": "AHG Jaapani miso supipasta 50g",
   "url": "https://ecoop.ee/et/toode/22666601-ahg-jaapani-miso-supipasta-50g",
   "hindeur": "2",
   "hindcent": "65 €"
  },
  {
   "product": "AHG Maitseainesegu 50g Pad Thai nuudliroale",
   "url": "https://ecoop.ee/et/toode/22666573-ahg-maitseainesegu-50g-pad-thai-nuudliroale",
   "hindeur": "2",
   "hindcent": "35 €"
  },
  {
   "product": "AHG Maitseainesegu 60g Kantoni sidruni kana",
   "url": "https://ecoop.ee/et/toode/22666556-ahg-maitseainesegu-60g-kantoni-sidruni-kana",
   "hindeur": "2",
   "hindcent": "35 €"
  },
  {
   "product": "Maggi Oriental kiirnuudlid 61.5g veiselihamaitselised",
   "url": "https://ecoop.ee/et/toode/22666095-maggi-oriental-kiirnuudlid-615g-veiselihamaitselised",
   "hindeur": "0",
   "hindcent": "99 €"
  },
  {
   "product": "Maggi Oriental kiirnuudlid 61.5g kanalihamaitseline",
   "url": "https://ecoop.ee/et/toode/22666092-maggi-oriental-kiirnuudlid-615g-kanalihamaitseline",
   "hindeur": "0",
   "hindcent": "99 €"
  },
  {
   "product": "Knorr kartulipüree 50g juustu-brokoli",
   "url": "https://ecoop.ee/et/toode/22632635-knorr-kartulipuree-50g-juustubrokoli",
   "hindeur": "1",
   "hindcent": "55 €"
  },
  {
   "product": "Knorr kartulipüree 53g lihapallidega",
   "url": "https://ecoop.ee/et/toode/22632633-knorr-kartulipuree-53g-lihapallidega",
   "hindeur": "1",
   "hindcent": "55 €"
  },
  {
   "product": "Knorr Carbonara makaronid 62g",
   "url": "https://ecoop.ee/et/toode/22632625-knorr-carbonara-makaronid-62g",
   "hindeur": "1",
   "hindcent": "55 €"
  },
  {
   "product": "Santa Maria Chicken Thai Wok maitseainesegu 30g",
   "url": "https://ecoop.ee/et/toode/22627954-santa-maria-chicken-thai-wok-maitseainesegu-30g",
   "hindeur": "1",
   "hindcent": "55 €"
  },
  {
   "product": "Heuschen & Schrouff riisipaber 500g",
   "url": "https://ecoop.ee/et/toode/22620195-heuschen-schrouff-riisipaber-500g",
   "hindeur": "4",
   "hindcent": "95 €"
  },
  {
   "product": "Santa Maria Tortilla krõpsud 475g tšilli",
   "url": "https://ecoop.ee/et/toode/22617895-santa-maria-tortilla-kropsud-475g-tsilli",
   "hindeur": "4",
   "hindcent": "39 €"
  },
  {
   "product": "Santa Maria Tortilla krõpsud 475g juustu",
   "url": "https://ecoop.ee/et/toode/22617885-santa-maria-tortilla-kropsud-475g-juustu",
   "hindeur": "4",
   "hindcent": "39 €"
  },
  {
   "product": "Santa Maria Ramen nuudlid 200g",
   "url": "https://ecoop.ee/et/toode/22535047-santa-maria-ramen-nuudlid-200g",
   "hindeur": "2",
   "hindcent": "49 €"
  },
  {
   "product": "Santa Maria Guacamole maitseainesegu 15g",
   "url": "https://ecoop.ee/et/toode/22534970-santa-maria-guacamole-maitseainesegu-15g",
   "hindeur": "0",
   "hindcent": "87 €"
  },
  {
   "product": "Santa Maria Chunky Salsa 230g",
   "url": "https://ecoop.ee/et/toode/22534789-santa-maria-chunky-salsa-230g",
   "hindeur": "2",
   "hindcent": "95 €"
  },
  {
   "product": "Santa Maria dipikastmesegu 14g American Ranch",
   "url": "https://ecoop.ee/et/toode/22534747-santa-maria-dipikastmesegu-14g-american-ranch",
   "hindeur": "0",
   "hindcent": "87 €"
  },
  {
   "product": "Santa Maria Tikka Masala kaste 350g",
   "url": "https://ecoop.ee/et/toode/22534146-santa-maria-tikka-masala-kaste-350g",
   "hindeur": "3",
   "hindcent": "59 €"
  },
  {
   "product": "Santa Maria Raita maitseainesegu 8g",
   "url": "https://ecoop.ee/et/toode/22534042-santa-maria-raita-maitseainesegu-8g",
   "hindeur": "0",
   "hindcent": "65 €"
  },
  {
   "product": "Santa Maria Tandoor maitseainesegu 35g",
   "url": "https://ecoop.ee/et/toode/22533938-santa-maria-tandoor-maitseainesegu-35g",
   "hindeur": "1",
   "hindcent": "29 €"
  },
  {
   "product": "Santa Maria Garam Masala maitseainesegu 33g",
   "url": "https://ecoop.ee/et/toode/22533848-santa-maria-garam-masala-maitseainesegu-33g",
   "hindeur": "1",
   "hindcent": "29 €"
  },
  {
   "product": "Santa Maria Seekh kebab maitseainesegu 35g",
   "url": "https://ecoop.ee/et/toode/22533805-santa-maria-seekh-kebab-maitseainesegu-35g",
   "hindeur": "1",
   "hindcent": "29 €"
  },
  {
   "product": "Santa Maria Korma kaste 350g",
   "url": "https://ecoop.ee/et/toode/22533781-santa-maria-korma-kaste-350g",
   "hindeur": "3",
   "hindcent": "59 €"
  },
  {
   "product": "Gallina Blanca kanapuljong 15*10g",
   "url": "https://ecoop.ee/et/toode/22532429-gallina-blanca-kanapuljong-1510g",
   "hindeur": "1",
   "hindcent": "35 €"
  },
  {
   "product": "Lien Ying Riisi lintnuudlid 250g",
   "url": "https://ecoop.ee/et/toode/22264871-lien-ying-riisi-lintnuudlid-250g",
   "hindeur": "2",
   "hindcent": "59 €"
  },
  {
   "product": "Lien Ying klaasnuudlid Vermicelli 100g",
   "url": "https://ecoop.ee/et/toode/22264849-lien-ying-klaasnuudlid-vermicelli-100g",
   "hindeur": "1",
   "hindcent": "39 €"
  },
  {
   "product": "Gallina Blanca Kana-nuudli pakisupp 62g",
   "url": "https://ecoop.ee/et/toode/22090032-gallina-blanca-kananuudli-pakisupp-62g",
   "hindeur": "0",
   "hindcent": "65 €"
  },
  {
   "product": "Thai Choice Tom Kha supipasta 110g",
   "url": "https://ecoop.ee/et/toode/22089732-thai-choice-tom-kha-supipasta-110g",
   "hindeur": "2",
   "hindcent": "85 €"
  },
  {
   "product": "Knorr Puravikupüree kiirsupp 15g",
   "url": "https://ecoop.ee/et/toode/22027085-knorr-puravikupuree-kiirsupp-15g",
   "hindeur": "0",
   "hindcent": "45 €"
  },
  {
   "product": "Knorr Kanapüree kiirsupp 16g krutoon",
   "url": "https://ecoop.ee/et/toode/22026679-knorr-kanapuree-kiirsupp-16g-krutoon",
   "hindeur": "0",
   "hindcent": "45 €"
  },
  {
   "product": "Knorr Juustupüree kiirsupp 22g",
   "url": "https://ecoop.ee/et/toode/22026313-knorr-juustupuree-kiirsupp-22g",
   "hindeur": "0",
   "hindcent": "45 €"
  },
  {
   "product": "Tartu Mill Kartulipuder 200g",
   "url": "https://ecoop.ee/et/toode/22021352-tartu-mill-kartulipuder-200g",
   "hindeur": "1",
   "hindcent": "09 €"
  },
  {
   "product": "Knorr CAS Kollase herne kiirsupp 21g",
   "url": "https://ecoop.ee/et/toode/21955501-knorr-cas-kollase-herne-kiirsupp-21g",
   "hindeur": "0",
   "hindcent": "54 €"
  },
  {
   "product": "Thai Choice Pruuni riisi niitnuudlid 200g",
   "url": "https://ecoop.ee/et/toode/21888828-thai-choice-pruuni-riisi-niitnuudlid-200g",
   "hindeur": "2",
   "hindcent": "19 €"
  },
  {
   "product": "Santa Maria Chili con Carne maitseainesugu 28g",
   "url": "https://ecoop.ee/et/toode/21885438-santa-maria-chili-con-carne-maitseainesugu-28g",
   "hindeur": "1",
   "hindcent": "19 €"
  },
  {
   "product": "Santa Maria Tortilla krõpsud 185g kerge soolaga",
   "url": "https://ecoop.ee/et/toode/21885301-santa-maria-tortilla-kropsud-185g-kerge-soolaga",
   "hindeur": "1",
   "hindcent": "39 €"
  },
  {
   "product": "Santa Maria Tortilla krõpsud 185g barbeque",
   "url": "https://ecoop.ee/et/toode/21885238-santa-maria-tortilla-kropsud-185g-barbeque",
   "hindeur": "1",
   "hindcent": "99 €"
  },
  {
   "product": "Santa Maria Krõbe paneering kanale 50g",
   "url": "https://ecoop.ee/et/toode/21885147-santa-maria-krobe-paneering-kanale-50g",
   "hindeur": "1",
   "hindcent": "45 €"
  },
  {
   "product": "Santa Maria Burrito maitseainesegu 28g",
   "url": "https://ecoop.ee/et/toode/21815325-santa-maria-burrito-maitseainesegu-28g",
   "hindeur": "0",
   "hindcent": "94 €"
  },
  {
   "product": "Santa Maria Punane karri maitseainesegu 32g",
   "url": "https://ecoop.ee/et/toode/21192317-santa-maria-punane-karri-maitseainesegu-32g",
   "hindeur": "1",
   "hindcent": "39 €"
  },
  {
   "product": "Knorr Hollandi kaste 3*22g",
   "url": "https://ecoop.ee/et/toode/20785136-knorr-hollandi-kaste-322g",
   "hindeur": "3",
   "hindcent": "09 €"
  },
  {
   "product": "Maggi Seenesupp 16g nuudlid&saiakuubikud",
   "url": "https://ecoop.ee/et/toode/20739401-maggi-seenesupp-16g-nuudlidsaiakuubikud",
   "hindeur": "0",
   "hindcent": "40 €"
  },
  {
   "product": "Thai Choice Riisi niitnuudlid 200g",
   "url": "https://ecoop.ee/et/toode/20527720-thai-choice-riisi-niitnuudlid-200g",
   "hindeur": "1",
   "hindcent": "89 €"
  },
  {
   "product": "Thai Choice Traditsionilised nuudlid 250g",
   "url": "https://ecoop.ee/et/toode/20527495-thai-choice-traditsionilised-nuudlid-250g",
   "hindeur": "2",
   "hindcent": "55 €"
  },
  {
   "product": "Japanese Choice Sushi bambusmatt",
   "url": "https://ecoop.ee/et/toode/20527403-japanese-choice-sushi-bambusmatt",
   "hindeur": "3",
   "hindcent": "75 €"
  },
  {
   "product": "Ruf kastmepaksendaja 250g tumedale kastmele",
   "url": "https://ecoop.ee/et/toode/20251055-ruf-kastmepaksendaja-250g-tumedale-kastmele",
   "hindeur": "1",
   "hindcent": "49 €"
  },
  {
   "product": "Ruf kastmepaksendaja 250g heledale kastmele",
   "url": "https://ecoop.ee/et/toode/20251011-ruf-kastmepaksendaja-250g-heledale-kastmele",
   "hindeur": "1",
   "hindcent": "49 €"
  },
  {
   "product": "Gallina Blanca kanapuljong 48*10g",
   "url": "https://ecoop.ee/et/toode/20074800-gallina-blanca-kanapuljong-4810g",
   "hindeur": "4",
   "hindcent": "65 €"
  },
  {
   "product": "Santa Maria punane karripasta 110g",
   "url": "https://ecoop.ee/et/toode/20005612-santa-maria-punane-karripasta-110g",
   "hindeur": "2",
   "hindcent": "95 €"
  },
  {
   "product": "Tabasco Chipotle suitsutatud piprakaste 60ml",
   "url": "https://ecoop.ee/et/toode/19944881-tabasco-chipotle-suitsutatud-piprakaste-60ml",
   "hindeur": "3",
   "hindcent": "69 €"
  },
  {
   "product": "Kühne Rohelised jalapeno viilud 330g",
   "url": "https://ecoop.ee/et/toode/19872039-kuhne-rohelised-jalapeno-viilud-330g",
   "hindeur": "2",
   "hindcent": "59 €"
  },
  {
   "product": "A.Vogel Ürdipuljong Herbamare 200g soolaga",
   "url": "https://ecoop.ee/et/toode/19870635-avogel-urdipuljong-herbamare-200g-soolaga",
   "hindeur": "7",
   "hindcent": "29 €"
  },
  {
   "product": "Valezs Loomalihamaitseline puljong 100g",
   "url": "https://ecoop.ee/et/toode/19645641-valezs-loomalihamaitseline-puljong-100g",
   "hindeur": "0",
   "hindcent": "83 €"
  },
  {
   "product": "Valezs Köögiviljamaitseline puljong 100g",
   "url": "https://ecoop.ee/et/toode/19645537-valezs-koogiviljamaitseline-puljong-100g",
   "hindeur": "0",
   "hindcent": "83 €"
  },
  {
   "product": "Yatekomo kiirnuudlid 61g idamaised",
   "url": "https://ecoop.ee/et/toode/19643261-yatekomo-kiirnuudlid-61g-idamaised",
   "hindeur": "1",
   "hindcent": "39 €"
  },
  {
   "product": "Yatekomo kiirnuudlid 60g kanamaitselised",
   "url": "https://ecoop.ee/et/toode/19643239-yatekomo-kiirnuudlid-60g-kanamaitselised",
   "hindeur": "1",
   "hindcent": "39 €"
  },
  {
   "product": "Bong merivähipuljong 180ml kontsentraat",
   "url": "https://ecoop.ee/et/toode/19628569-bong-merivahipuljong-180ml-kontsentraat",
   "hindeur": "3",
   "hindcent": "59 €"
  },
  {
   "product": "Bong veiselihapuljong 180ml kontsentraat",
   "url": "https://ecoop.ee/et/toode/19628526-bong-veiselihapuljong-180ml-kontsentraat",
   "hindeur": "3",
   "hindcent": "59 €"
  },
  {
   "product": "Bong Aedviljapuljong 180ml kontsentraat",
   "url": "https://ecoop.ee/et/toode/19628502-bong-aedviljapuljong-180ml-kontsentraat",
   "hindeur": "3",
   "hindcent": "59 €"
  },
  {
   "product": "Bong kanapuljong 180ml konsentraat",
   "url": "https://ecoop.ee/et/toode/19628482-bong-kanapuljong-180ml-konsentraat",
   "hindeur": "3",
   "hindcent": "59 €"
  },
  {
   "product": "Thai Choice punane karripasta 110g",
   "url": "https://ecoop.ee/et/toode/19241787-thai-choice-punane-karripasta-110g",
   "hindeur": "1",
   "hindcent": "79 €"
  },
  {
   "product": "Thai Choice Kookoskreem 400ml",
   "url": "https://ecoop.ee/et/toode/19241756-thai-choice-kookoskreem-400ml",
   "hindeur": "2",
   "hindcent": "99 €"
  },
  {
   "product": "Bugas tšilli-pohla-pirnikaste 160g",
   "url": "https://ecoop.ee/et/toode/19240264-bugas-tsillipohlapirnikaste-160g",
   "hindeur": "2",
   "hindcent": "45 €"
  },
  {
   "product": "Bugas tšilli-jõhvikakaste 160g",
   "url": "https://ecoop.ee/et/toode/19240238-bugas-tsillijohvikakaste-160g",
   "hindeur": "2",
   "hindcent": "45 €"
  },
  {
   "product": "Bugas magus tšillikaste 330g",
   "url": "https://ecoop.ee/et/toode/19240160-bugas-magus-tsillikaste-330g",
   "hindeur": "2",
   "hindcent": "39 €"
  },
  {
   "product": "Maggi Idea kanale küüslaugu ja ürtidega 30g",
   "url": "https://ecoop.ee/et/toode/19171311-maggi-idea-kanale-kuuslaugu-ja-urtidega-30g",
   "hindeur": "1",
   "hindcent": "19 €"
  },
  {
   "product": "Maggi Idea sealihale 30g",
   "url": "https://ecoop.ee/et/toode/19171280-maggi-idea-sealihale-30g",
   "hindeur": "1",
   "hindcent": "35 €"
  },
  {
   "product": "Knorr kiirnuudlid 61g juustu-ürdimaitselised",
   "url": "https://ecoop.ee/et/toode/19171139-knorr-kiirnuudlid-61g-juustuurdimaitselised",
   "hindeur": "0",
   "hindcent": "69 €"
  },
  {
   "product": "Japanese Choice Sushi riis 500g",
   "url": "https://ecoop.ee/et/toode/18928286-japanese-choice-sushi-riis-500g",
   "hindeur": "4",
   "hindcent": "09 €"
  },
  {
   "product": "Thai Choice kiirnuudlid 60g Tom-Yum maitselised",
   "url": "https://ecoop.ee/et/toode/18850925-thai-choice-kiirnuudlid-60g-tomyum-maitselised",
   "hindeur": "1",
   "hindcent": "55 €"
  },
  {
   "product": "Thai Choice kiirnuudlid 60g kanalihamaitslised",
   "url": "https://ecoop.ee/et/toode/18850847-thai-choice-kiirnuudlid-60g-kanalihamaitslised",
   "hindeur": "1",
   "hindcent": "29 €"
  },
  {
   "product": "Maggi Idea kanale 4-juustu kastmes 32g",
   "url": "https://ecoop.ee/et/toode/18769763-maggi-idea-kanale-4juustu-kastmes-32g",
   "hindeur": "0",
   "hindcent": "85 €"
  },
  {
   "product": "Poco Loco wrap 4tk 245g täistera",
   "url": "https://ecoop.ee/et/toode/18703527-poco-loco-wrap-4tk-245g-taistera",
   "hindeur": "1",
   "hindcent": "95 €"
  },
  {
   "product": "Maggi Kostilja rikkalik veiselihapuljong 120g",
   "url": "https://ecoop.ee/et/toode/18607287-maggi-kostilja-rikkalik-veiselihapuljong-120g",
   "hindeur": "0",
   "hindcent": "99 €"
  },
  {
   "product": "Maggi Kostilja rikkalik veiselihapuljong 60g",
   "url": "https://ecoop.ee/et/toode/18607127-maggi-kostilja-rikkalik-veiselihapuljong-60g",
   "hindeur": "0",
   "hindcent": "59 €"
  },
  {
   "product": "Knorr šampinjoni püreesupp 15g saiakuubikutega",
   "url": "https://ecoop.ee/et/toode/18529277-knorr-sampinjoni-pureesupp-15g-saiakuubikutega",
   "hindeur": "0",
   "hindcent": "49 €"
  },
  {
   "product": "Gallina Blanca seenepüree kiirsupp 17g saiakuubikutega",
   "url": "https://ecoop.ee/et/toode/18362127-gallina-blanca-seenepuree-kiirsupp-17g-saiakuubikutega",
   "hindeur": "0",
   "hindcent": "43 €"
  },
  {
   "product": "Gallina Blanca kiirsupp 15g kana-nuudli",
   "url": "https://ecoop.ee/et/toode/18196827-gallina-blanca-kiirsupp-15g-kananuudli",
   "hindeur": "0",
   "hindcent": "43 €"
  },
  {
   "product": "Gallina Blanca Kanapüree kiirsupp 17g saiakuubikutega",
   "url": "https://ecoop.ee/et/toode/18107228-gallina-blanca-kanapuree-kiirsupp-17g-saiakuubikutega",
   "hindeur": "0",
   "hindcent": "43 €"
  },
  {
   "product": "Gallina Blanca köögiviljapuljong 80g",
   "url": "https://ecoop.ee/et/toode/18077203-gallina-blanca-koogiviljapuljong-80g",
   "hindeur": "0",
   "hindcent": "74 €"
  },
  {
   "product": "Gallina Blanca puljong 8*10g ribilihamaitseline",
   "url": "https://ecoop.ee/et/toode/17987644-gallina-blanca-puljong-810g-ribilihamaitseline",
   "hindeur": "0",
   "hindcent": "74 €"
  },
  {
   "product": "Japanese Choice sushi marin. ingver 110g",
   "url": "https://ecoop.ee/et/toode/17291529-japanese-choice-sushi-marin-ingver-110g",
   "hindeur": "2",
   "hindcent": "29 €"
  },
  {
   "product": "Veski Mati kartulihelbed 250g",
   "url": "https://ecoop.ee/et/toode/15754608-veski-mati-kartulihelbed-250g",
   "hindeur": "1",
   "hindcent": "49 €"
  },
  {
   "product": "Anacom kiirnuudlid 60g juustu-peekonimaitselised",
   "url": "https://ecoop.ee/et/toode/15617519-anacom-kiirnuudlid-60g-juustupeekonimaitselised",
   "hindeur": "0",
   "hindcent": "28 €"
  },
  {
   "product": "Anacom Kartulipüree 40g kanalihamaitseline",
   "url": "https://ecoop.ee/et/toode/15609582-anacom-kartulipuree-40g-kanalihamaitseline",
   "hindeur": "0",
   "hindcent": "55 €"
  },
  {
   "product": "Anacom Kartulipüree 40g saiakuubikutega",
   "url": "https://ecoop.ee/et/toode/15609527-anacom-kartulipuree-40g-saiakuubikutega",
   "hindeur": "0",
   "hindcent": "55 €"
  },
  {
   "product": "Anacom Kartulipüree 35g hapukooremaitseline",
   "url": "https://ecoop.ee/et/toode/15609148-anacom-kartulipuree-35g-hapukooremaitseline",
   "hindeur": "0",
   "hindcent": "36 €"
  },
  {
   "product": "Anacom Kartulipüree 35g kanalihamaitseline",
   "url": "https://ecoop.ee/et/toode/15609100-anacom-kartulipuree-35g-kanalihamaitseline",
   "hindeur": "0",
   "hindcent": "36 €"
  },
  {
   "product": "Anacom kiirnuudlid 60g loomalihamaitselised",
   "url": "https://ecoop.ee/et/toode/15609070-anacom-kiirnuudlid-60g-loomalihamaitselised",
   "hindeur": "0",
   "hindcent": "28 €"
  },
  {
   "product": "Anacom kiirnuudlid 60g kanalihamaitselised",
   "url": "https://ecoop.ee/et/toode/15609028-anacom-kiirnuudlid-60g-kanalihamaitselised",
   "hindeur": "0",
   "hindcent": "28 €"
  },
  {
   "product": "Rollton Nuudliroog 60g loomalihamaitseline",
   "url": "https://ecoop.ee/et/toode/15523629-rollton-nuudliroog-60g-loomalihamaitseline",
   "hindeur": "0",
   "hindcent": "39 €"
  },
  {
   "product": "Rollton Nuudliroog 60g kanamaitseline terav",
   "url": "https://ecoop.ee/et/toode/15402837-rollton-nuudliroog-60g-kanamaitseline-terav",
   "hindeur": "0",
   "hindcent": "35 €"
  },
  {
   "product": "Maggi Idea kartuli-hakklihavormile 42g",
   "url": "https://ecoop.ee/et/toode/15180895-maggi-idea-kartulihakklihavormile-42g",
   "hindeur": "0",
   "hindcent": "87 €"
  },
  {
   "product": "Maggi kana pakisupp 55g nuudlitega",
   "url": "https://ecoop.ee/et/toode/15180730-maggi-kana-pakisupp-55g-nuudlitega",
   "hindeur": "0",
   "hindcent": "47 €"
  },
  {
   "product": "Maggi kanapüree kiirsupp 16g saiakuubikutega",
   "url": "https://ecoop.ee/et/toode/14393116-maggi-kanapuree-kiirsupp-16g-saiakuubikutega",
   "hindeur": "0",
   "hindcent": "39 €"
  },
  {
   "product": "Maggi punapeedi kiirsupp 16g saiakuubikutega",
   "url": "https://ecoop.ee/et/toode/14392743-maggi-punapeedi-kiirsupp-16g-saiakuubikutega",
   "hindeur": "0",
   "hindcent": "39 €"
  },
  {
   "product": "Maggi Idea kanalihale koore-ürdikastmes 30g",
   "url": "https://ecoop.ee/et/toode/14031781-maggi-idea-kanalihale-kooreurdikastmes-30g",
   "hindeur": "0",
   "hindcent": "87 €"
  },
  {
   "product": "Maggi Idea Spaghetti Bolognese pastale 44g",
   "url": "https://ecoop.ee/et/toode/14031691-maggi-idea-spaghetti-bolognese-pastale-44g",
   "hindeur": "0",
   "hindcent": "87 €"
  },
  {
   "product": "Santa Maria roheline karripasta 110g",
   "url": "https://ecoop.ee/et/toode/14018771-santa-maria-roheline-karripasta-110g",
   "hindeur": "2",
   "hindcent": "95 €"
  },
  {
   "product": "Santa Maria Nacho juustudipp 250g",
   "url": "https://ecoop.ee/et/toode/14018620-santa-maria-nacho-juustudipp-250g",
   "hindeur": "3",
   "hindcent": "29 €"
  },
  {
   "product": "Maggi kanapuljong 120g peterselli-tilli",
   "url": "https://ecoop.ee/et/toode/13966835-maggi-kanapuljong-120g-petersellitilli",
   "hindeur": "0",
   "hindcent": "94 €"
  },
  {
   "product": "Gallina Blanca seenepuljong 8*10g puraviku",
   "url": "https://ecoop.ee/et/toode/13964951-gallina-blanca-seenepuljong-810g-puraviku",
   "hindeur": "0",
   "hindcent": "74 €"
  },
  {
   "product": "Maggi Kartulipüree 35g võimaitseline tilliga",
   "url": "https://ecoop.ee/et/toode/13726599-maggi-kartulipuree-35g-voimaitseline-tilliga",
   "hindeur": "0",
   "hindcent": "38 €"
  },
  {
   "product": "Maggi Kartulipüree 35g rõõsakoorega",
   "url": "https://ecoop.ee/et/toode/13726381-maggi-kartulipuree-35g-roosakoorega",
   "hindeur": "0",
   "hindcent": "38 €"
  },
  {
   "product": "Thai Choice riisiäädikas 300ml",
   "url": "https://ecoop.ee/et/toode/13255295-thai-choice-riisiaadikas-300ml",
   "hindeur": "1",
   "hindcent": "69 €"
  },
  {
   "product": "Santa Maria Küüslaugusalsa 230g",
   "url": "https://ecoop.ee/et/toode/12868052-santa-maria-kuuslaugusalsa-230g",
   "hindeur": "2",
   "hindcent": "95 €"
  },
  {
   "product": "Bla Band Mehhiko pajaroog 188g",
   "url": "https://ecoop.ee/et/toode/12860318-bla-band-mehhiko-pajaroog-188g",
   "hindeur": "2",
   "hindcent": "25 €"
  },
  {
   "product": "Rollton nuudliroog 60g kanamaitseline",
   "url": "https://ecoop.ee/et/toode/12858761-rollton-nuudliroog-60g-kanamaitseline",
   "hindeur": "0",
   "hindcent": "35 €"
  },
  {
   "product": "Thai Choice Mango-tšillikaste 200ml",
   "url": "https://ecoop.ee/et/toode/12855127-thai-choice-mangotsillikaste-200ml",
   "hindeur": "2",
   "hindcent": "35 €"
  },
  {
   "product": "Bla Band Tex-mex pajaroog 193g",
   "url": "https://ecoop.ee/et/toode/12853608-bla-band-texmex-pajaroog-193g",
   "hindeur": "2",
   "hindcent": "49 €"
  },
  {
   "product": "Bla Band Napoli pajaroog 170g",
   "url": "https://ecoop.ee/et/toode/12853310-bla-band-napoli-pajaroog-170g",
   "hindeur": "2",
   "hindcent": "49 €"
  },
  {
   "product": "Bla Band Itaalia pajaroog 150g",
   "url": "https://ecoop.ee/et/toode/12851262-bla-band-itaalia-pajaroog-150g",
   "hindeur": "2",
   "hindcent": "49 €"
  },
  {
   "product": "Bla Band Hawai pajaroog 195g",
   "url": "https://ecoop.ee/et/toode/12851080-bla-band-hawai-pajaroog-195g",
   "hindeur": "2",
   "hindcent": "25 €"
  },
  {
   "product": "Maggi kanapuljong 120g",
   "url": "https://ecoop.ee/et/toode/12850761-maggi-kanapuljong-120g",
   "hindeur": "0",
   "hindcent": "94 €"
  },
  {
   "product": "Gallina Blanca kanapuljong 8*10g tilli-peterselli",
   "url": "https://ecoop.ee/et/toode/12824610-gallina-blanca-kanapuljong-810g-tillipeterselli",
   "hindeur": "0",
   "hindcent": "74 €"
  },
  {
   "product": "Gallina Blanca kanapuljong 8*10g",
   "url": "https://ecoop.ee/et/toode/12793012-gallina-blanca-kanapuljong-810g",
   "hindeur": "0",
   "hindcent": "74 €"
  },
  {
   "product": "Valezs kanapuljong 100g",
   "url": "https://ecoop.ee/et/toode/12757369-valezs-kanapuljong-100g",
   "hindeur": "0",
   "hindcent": "83 €"
  },
  {
   "product": "Felix Kartulipuder 220g",
   "url": "https://ecoop.ee/et/toode/12712582-felix-kartulipuder-220g",
   "hindeur": "1",
   "hindcent": "29 €"
  },
  {
   "product": "Rollton Nuudliroog 60g juustu-peekonimaitseline",
   "url": "https://ecoop.ee/et/toode/12710776-rollton-nuudliroog-60g-juustupeekonimaitseline",
   "hindeur": "0",
   "hindcent": "39 €"
  },
  {
   "product": "Thai ChoiceTai riisinuudlid 454g",
   "url": "https://ecoop.ee/et/toode/12693862-thai-choicetai-riisinuudlid-454g",
   "hindeur": "2",
   "hindcent": "29 €"
  },
  {
   "product": "Thai Choice Seesamiõli 200ml",
   "url": "https://ecoop.ee/et/toode/12693797-thai-choice-seesamioli-200ml",
   "hindeur": "5",
   "hindcent": "69 €"
  },
  {
   "product": "Thai Choice Austrikaste 200ml",
   "url": "https://ecoop.ee/et/toode/12693770-thai-choice-austrikaste-200ml",
   "hindeur": "1",
   "hindcent": "99 €"
  },
  {
   "product": "Thai Choice Tai magus tshillikaste 200ml",
   "url": "https://ecoop.ee/et/toode/12693758-thai-choice-tai-magus-tshillikaste-200ml",
   "hindeur": "1",
   "hindcent": "85 €"
  },
  {
   "product": "Thai Choice Sriracha tšilli-küüslaugu kaste 200ml",
   "url": "https://ecoop.ee/et/toode/12693745-thai-choice-sriracha-tsillikuuslaugu-kaste-200ml",
   "hindeur": "2",
   "hindcent": "19 €"
  },
  {
   "product": "Kana pakisupp kogu pere Maggi 130g nuudlitega",
   "url": "https://ecoop.ee/et/toode/12691527-kana-pakisupp-kogu-pere-maggi-130g-nuudlitega",
   "hindeur": "1",
   "hindcent": "09 €"
  },
  {
   "product": "Santa Maria Hot pepper kaste 85ml",
   "url": "https://ecoop.ee/et/toode/12602452-santa-maria-hot-pepper-kaste-85ml",
   "hindeur": "1",
   "hindcent": "75 €"
  },
  {
   "product": "Santa Maria Taco taskud 135g",
   "url": "https://ecoop.ee/et/toode/12602439-santa-maria-taco-taskud-135g",
   "hindeur": "3",
   "hindcent": "55 €"
  },
  {
   "product": "Poco Loco Tortilla chips Barbecue 200g",
   "url": "https://ecoop.ee/et/toode/12602306-poco-loco-tortilla-chips-barbecue-200g",
   "hindeur": "1",
   "hindcent": "75 €"
  },
  {
   "product": "Knorr Kana kiirsupp 12g nuudlitega",
   "url": "https://ecoop.ee/et/toode/12406035-knorr-kana-kiirsupp-12g-nuudlitega",
   "hindeur": "0",
   "hindcent": "49 €"
  },
  {
   "product": "Maggi aedviljapuljong 120g",
   "url": "https://ecoop.ee/et/toode/12341556-maggi-aedviljapuljong-120g",
   "hindeur": "1",
   "hindcent": "05 €"
  },
  {
   "product": "Maggi Tähestiku pakisupp 68g",
   "url": "https://ecoop.ee/et/toode/12301847-maggi-tahestiku-pakisupp-68g",
   "hindeur": "0",
   "hindcent": "74 €"
  },
  {
   "product": "Knorr lasagnette pasta 273g kastme valmistamis ainetega",
   "url": "https://ecoop.ee/et/toode/12110560-knorr-lasagnette-pasta-273g-kastme-valmistamis-ainetega",
   "hindeur": "4",
   "hindcent": "79 €"
  },
  {
   "product": "Thai Choice Teriyaki kaste 200ml",
   "url": "https://ecoop.ee/et/toode/21888907-thai-choice-teriyaki-kaste-200ml",
   "hindeur": "2",
   "hindcent": "19 €"
  },
  {
   "product": "Estrella maisikrõps 150g juustu",
   "url": "https://ecoop.ee/et/toode/20067153-estrella-maisikrops-150g-juustu",
   "hindeur": "2",
   "hindcent": "09 €"
  },
  {
   "product": "Thai Choice roheline karripasta 110g",
   "url": "https://ecoop.ee/et/toode/19241818-thai-choice-roheline-karripasta-110g",
   "hindeur": "1",
   "hindcent": "59 €"
  },
  {
   "product": "Podravka Tähestiku pakisupp 52g",
   "url": "https://ecoop.ee/et/toode/17972740-podravka-tahestiku-pakisupp-52g",
   "hindeur": "0",
   "hindcent": "60 €"
  },
  {
   "product": "Maggi juustu kiirsupp 19g saiakuubikutega",
   "url": "https://ecoop.ee/et/toode/15617613-maggi-juustu-kiirsupp-19g-saiakuubikutega",
   "hindeur": "0",
   "hindcent": "39 €"
  },
  {
   "product": "Maggi Shampinjoni kiirsupp 14g saiakuubikutega",
   "url": "https://ecoop.ee/et/toode/14392875-maggi-shampinjoni-kiirsupp-14g-saiakuubikutega",
   "hindeur": "0",
   "hindcent": "39 €"
  },
  {
   "product": "Podravka Kukesupp 62g nuudlitega",
   "url": "https://ecoop.ee/et/toode/12597750-podravka-kukesupp-62g-nuudlitega",
   "hindeur": "0",
   "hindcent": "60 €"
  },
  {
   "product": "Santa Maria Nisutortilla 6tk 371g",
   "url": "https://ecoop.ee/et/toode/22846542-santa-maria-nisutortilla-6tk-371g",
   "hindeur": "3",
   "hindcent": "29 €"
  },
  {
   "product": "Santa Maria Täistera tortilla 8tk 320g",
   "url": "https://ecoop.ee/et/toode/22840915-santa-maria-taistera-tortilla-8tk-320g",
   "hindeur": "2",
   "hindcent": "75 €"
  },
  {
   "product": "Santa Maria Tortilla Tex Mex 8tk 320g",
   "url": "https://ecoop.ee/et/toode/22840914-santa-maria-tortilla-tex-mex-8tk-320g",
   "hindeur": "2",
   "hindcent": "75 €"
  },
  {
   "product": "Doritos maisikrõps 100g paprikamaitseline",
   "url": "https://ecoop.ee/et/toode/22802199-doritos-maisikrops-100g-paprikamaitseline",
   "hindeur": "1",
   "hindcent": "49 €"
  },
  {
   "product": "Doritos maisikrõps Vürtsikad 100g pipramaitseline",
   "url": "https://ecoop.ee/et/toode/22735591-doritos-maisikrops-vurtsikad-100g-pipramaitseline",
   "hindeur": "1",
   "hindcent": "49 €"
  },
  {
   "product": "Doritos maisikrõps 100g juustumaitseline",
   "url": "https://ecoop.ee/et/toode/22735573-doritos-maisikrops-100g-juustumaitseline",
   "hindeur": "1",
   "hindcent": "49 €"
  },
  {
   "product": "Santa Maria Vokikaste 150g magus-hapu",
   "url": "https://ecoop.ee/et/toode/22637374-santa-maria-vokikaste-150g-magushapu",
   "hindeur": "2",
   "hindcent": "45 €"
  },
  {
   "product": "Poco Loco Mitmevilja wrap 4tk 245g",
   "url": "https://ecoop.ee/et/toode/22626785-poco-loco-mitmevilja-wrap-4tk-245g",
   "hindeur": "1",
   "hindcent": "95 €"
  },
  {
   "product": "Santa Maria munanuudlid 200g",
   "url": "https://ecoop.ee/et/toode/22535567-santa-maria-munanuudlid-200g",
   "hindeur": "1",
   "hindcent": "55 €"
  },
  {
   "product": "Santa Maria dipikastmesegu 16g juustu",
   "url": "https://ecoop.ee/et/toode/22534837-santa-maria-dipikastmesegu-16g-juustu",
   "hindeur": "0",
   "hindcent": "87 €"
  },
  {
   "product": "Santa Maria Tikka Masala maitseainesegu 35g",
   "url": "https://ecoop.ee/et/toode/22534086-santa-maria-tikka-masala-maitseainesegu-35g",
   "hindeur": "1",
   "hindcent": "29 €"
  },
  {
   "product": "Emma kohupiimakreem maasikakisselliga 150g laktoosivaba",
   "url": "https://ecoop.ee/et/toode/22215106-emma-kohupiimakreem-maasikakisselliga-150g-laktoosivaba",
   "hindeur": "0",
   "hindcent": "87 €"
  },
  {
   "product": "Emma kohupiimakreem jõhvikakisselliga 150g laktoosivaba",
   "url": "https://ecoop.ee/et/toode/22215066-emma-kohupiimakreem-johvikakisselliga-150g-laktoosivaba",
   "hindeur": "0",
   "hindcent": "87 €"
  },
  {
   "product": "Santa Maria magus tšillikaste 585g",
   "url": "https://ecoop.ee/et/toode/22090949-santa-maria-magus-tsillikaste-585g",
   "hindeur": "3",
   "hindcent": "29 €"
  },
  {
   "product": "Santa Maria Tortilla krõpsud 185g juustu",
   "url": "https://ecoop.ee/et/toode/21885280-santa-maria-tortilla-kropsud-185g-juustu",
   "hindeur": "1",
   "hindcent": "39 €"
  },
  {
   "product": "Santa Maria Tortilla krõpsud 185g tšilli",
   "url": "https://ecoop.ee/et/toode/21885259-santa-maria-tortilla-kropsud-185g-tsilli",
   "hindeur": "1",
   "hindcent": "39 €"
  },
  {
   "product": "Santa Maria Tortilla krõpsud 185g juustu-jalapeno",
   "url": "https://ecoop.ee/et/toode/21885208-santa-maria-tortilla-kropsud-185g-juustujalapeno",
   "hindeur": "1",
   "hindcent": "99 €"
  },
  {
   "product": "Santa Maria Taco maitseainesegu 28g",
   "url": "https://ecoop.ee/et/toode/21885167-santa-maria-taco-maitseainesegu-28g",
   "hindeur": "0",
   "hindcent": "94 €"
  },
  {
   "product": "Santa Maria Fajita maitseainesegu 28g",
   "url": "https://ecoop.ee/et/toode/21885127-santa-maria-fajita-maitseainesegu-28g",
   "hindeur": "0",
   "hindcent": "94 €"
  },
  {
   "product": "Tere vaniljepiimakissell 1kg laktoosivaba",
   "url": "https://ecoop.ee/et/toode/21815660-tere-vaniljepiimakissell-1kg-laktoosivaba",
   "hindeur": "1",
   "hindcent": "25 €"
  },
  {
   "product": "Tere karamellkissell 1kg laktoosivaba",
   "url": "https://ecoop.ee/et/toode/21568427-tere-karamellkissell-1kg-laktoosivaba",
   "hindeur": "1",
   "hindcent": "25 €"
  },
  {
   "product": "Felix Tai kaste Sweet Chilli 350g",
   "url": "https://ecoop.ee/et/toode/21470687-felix-tai-kaste-sweet-chilli-350g",
   "hindeur": "2",
   "hindcent": "35 €"
  },
  {
   "product": "Largo Vaarikakissell 1kg",
   "url": "https://ecoop.ee/et/toode/21447577-largo-vaarikakissell-1kg",
   "hindeur": "2",
   "hindcent": "19 €"
  },
  {
   "product": "Santa Maria Tom Kha supisegu 30g",
   "url": "https://ecoop.ee/et/toode/21192820-santa-maria-tom-kha-supisegu-30g",
   "hindeur": "1",
   "hindcent": "45 €"
  },
  {
   "product": "Largo Mustikakissell 1kg",
   "url": "https://ecoop.ee/et/toode/19904362-largo-mustikakissell-1kg",
   "hindeur": "2",
   "hindcent": "39 €"
  },
  {
   "product": "Santa Maria kookospiim 400ml",
   "url": "https://ecoop.ee/et/toode/18894994-santa-maria-kookospiim-400ml",
   "hindeur": "3",
   "hindcent": "09 €"
  },
  {
   "product": "Thai Choice kiirnuudlid 85g kanalihamaitselised",
   "url": "https://ecoop.ee/et/toode/18850765-thai-choice-kiirnuudlid-85g-kanalihamaitselised",
   "hindeur": "0",
   "hindcent": "87 €"
  },
  {
   "product": "Thai Choice kiirnuudlid 85g Tom-Yum maitselised",
   "url": "https://ecoop.ee/et/toode/18850737-thai-choice-kiirnuudlid-85g-tomyum-maitselised",
   "hindeur": "0",
   "hindcent": "79 €"
  },
  {
   "product": "Veski Mati Sushi riis 500g",
   "url": "https://ecoop.ee/et/toode/18560131-veski-mati-sushi-riis-500g",
   "hindeur": "2",
   "hindcent": "65 €"
  },
  {
   "product": "Thai Choice magus tšillikaste 700ml",
   "url": "https://ecoop.ee/et/toode/17349997-thai-choice-magus-tsillikaste-700ml",
   "hindeur": "3",
   "hindcent": "19 €"
  },
  {
   "product": "Japanese Choice sushi Nori lehed 14g",
   "url": "https://ecoop.ee/et/toode/17292744-japanese-choice-sushi-nori-lehed-14g",
   "hindeur": "2",
   "hindcent": "75 €"
  },
  {
   "product": "Thai Choice Wasabi pasta 43g",
   "url": "https://ecoop.ee/et/toode/17291757-thai-choice-wasabi-pasta-43g",
   "hindeur": "5",
   "hindcent": "09 €"
  },
  {
   "product": "Japanese Choice sushi äädikas 200g",
   "url": "https://ecoop.ee/et/toode/17290908-japanese-choice-sushi-aadikas-200g",
   "hindeur": "2",
   "hindcent": "85 €"
  },
  {
   "product": "Poco Loco Rohelised jalapenod 220g",
   "url": "https://ecoop.ee/et/toode/15811021-poco-loco-rohelised-jalapenod-220g",
   "hindeur": "2",
   "hindcent": "35 €"
  },
  {
   "product": "Santa Maria Taco terav kaste 230g",
   "url": "https://ecoop.ee/et/toode/12866814-santa-maria-taco-terav-kaste-230g",
   "hindeur": "2",
   "hindcent": "85 €"
  },
  {
   "product": "Santa Maria Ananassi salsa 230g",
   "url": "https://ecoop.ee/et/toode/12861537-santa-maria-ananassi-salsa-230g",
   "hindeur": "2",
   "hindcent": "85 €"
  },
  {
   "product": "Santa Maria Taco mahe kaste 230g",
   "url": "https://ecoop.ee/et/toode/12859280-santa-maria-taco-mahe-kaste-230g",
   "hindeur": "2",
   "hindcent": "85 €"
  },
  {
   "product": "Santa Maria Roheline jalapeno 215g viilud",
   "url": "https://ecoop.ee/et/toode/12798796-santa-maria-roheline-jalapeno-215g-viilud",
   "hindeur": "3",
   "hindcent": "25 €"
  },
  {
   "product": "Jänks tarretis 150g vaarikamaitseline",
   "url": "https://ecoop.ee/et/toode/12735433-janks-tarretis-150g-vaarikamaitseline",
   "hindeur": "0",
   "hindcent": "35 €"
  },
  {
   "product": "Thai Choice kookospiim 400ml lahja",
   "url": "https://ecoop.ee/et/toode/12693849-thai-choice-kookospiim-400ml-lahja",
   "hindeur": "1",
   "hindcent": "59 €"
  },
  {
   "product": "Thai Choice kookospiim 400ml",
   "url": "https://ecoop.ee/et/toode/12693836-thai-choice-kookospiim-400ml",
   "hindeur": "1",
   "hindcent": "69 €"
  },
  {
   "product": "Emma kohupiimakreem 150g mustikakisselliga",
   "url": "https://ecoop.ee/et/toode/12646628-emma-kohupiimakreem-150g-mustikakisselliga",
   "hindeur": "0",
   "hindcent": "75 €"
  },
  {
   "product": "Santa Maria Sojakaste Teriyaki 300ml lihale/kalale",
   "url": "https://ecoop.ee/et/toode/12602520-santa-maria-sojakaste-teriyaki-300ml-lihalekalale",
   "hindeur": "5",
   "hindcent": "19 €"
  },
  {
   "product": "Tabasco Originaal punane piprakaste 57ml",
   "url": "https://ecoop.ee/et/toode/12507225-tabasco-originaal-punane-piprakaste-57ml",
   "hindeur": "3",
   "hindcent": "29 €"
  },
  {
   "product": "Santa Maria Tex Mex dipikaste 250g",
   "url": "https://ecoop.ee/et/toode/12481212-santa-maria-tex-mex-dipikaste-250g",
   "hindeur": "3",
   "hindcent": "29 €"
  },
  {
   "product": "Põltsamaa Rassolnik 530g sealihaga",
   "url": "https://ecoop.ee/et/toode/12726086-poltsamaa-rassolnik-530g-sealihaga",
   "hindeur": "2",
   "hindcent": "59 €"
  },
  {
   "product": "Knorr kalapuljong 100g",
   "url": "https://ecoop.ee/et/toode/22723503-knorr-kalapuljong-100g",
   "hindeur": "1",
   "hindcent": "89 €"
  },
  {
   "product": "Santa Maria Roheline karri maitseainesegu 40g",
   "url": "https://ecoop.ee/et/toode/21192347-santa-maria-roheline-karri-maitseainesegu-40g",
   "hindeur": "1",
   "hindcent": "39 €"
  },
  {
   "product": "Salvest 3min Hernesupp 500g",
   "url": "https://ecoop.ee/et/toode/15354630-salvest-3min-hernesupp-500g",
   "hindeur": "1",
   "hindcent": "55 €"
  },
  {
   "product": "Salvest Kodune seljanka 530g",
   "url": "https://ecoop.ee/et/toode/12717520-salvest-kodune-seljanka-530g",
   "hindeur": "3",
   "hindcent": "19 €"
  },
  {
   "product": "Yatekomo Yakisoba kiirnuudlid 93g kanaga",
   "url": "https://ecoop.ee/et/toode/22632404-yatekomo-yakisoba-kiirnuudlid-93g-kanaga",
   "hindeur": "2",
   "hindcent": "39 €"
  },
  {
   "product": "Yatekomo Yakisoba kiirnuudlid 93g klassikaline",
   "url": "https://ecoop.ee/et/toode/22632403-yatekomo-yakisoba-kiirnuudlid-93g-klassikaline",
   "hindeur": "2",
   "hindcent": "39 €"
  },
  {
   "product": "Bong veiselihapuljong pun veiniga 180ml kontsentraat",
   "url": "https://ecoop.ee/et/toode/19628641-bong-veiselihapuljong-pun-veiniga-180ml-kontsentraat",
   "hindeur": "3",
   "hindcent": "59 €"
  },
  {
   "product": "Salvest Frikadellisupp 530g",
   "url": "https://ecoop.ee/et/toode/12643063-salvest-frikadellisupp-530g",
   "hindeur": "2",
   "hindcent": "85 €"
  },
  {
   "product": "Salvest Hernesupp 530g sealihaga",
   "url": "https://ecoop.ee/et/toode/12597829-salvest-hernesupp-530g-sealihaga",
   "hindeur": "2",
   "hindcent": "75 €"
  },
  {
   "product": "Thai Choice kalakaste 200ml",
   "url": "https://ecoop.ee/et/toode/12848095-thai-choice-kalakaste-200ml",
   "hindeur": "1",
   "hindcent": "29 €"
  },
  {
   "product": "Santa Maria Vokikaste 150g soja-magus tšilli",
   "url": "https://ecoop.ee/et/toode/22637358-santa-maria-vokikaste-150g-sojamagus-tsilli",
   "hindeur": "2",
   "hindcent": "45 €"
  },
  {
   "product": "Santa Maria Vokikaste 150g austri-küüslaugu",
   "url": "https://ecoop.ee/et/toode/22637356-santa-maria-vokikaste-150g-austrikuuslaugu",
   "hindeur": "2",
   "hindcent": "45 €"
  },
  {
   "product": "Santa Maria Vokikaste 150g Pad Thai",
   "url": "https://ecoop.ee/et/toode/22637355-santa-maria-vokikaste-150g-pad-thai",
   "hindeur": "2",
   "hindcent": "45 €"
  },
  {
   "product": "Wanted Tortilla krõps 200g tšilliga",
   "url": "https://ecoop.ee/et/toode/22827035-wanted-tortilla-krops-200g-tsilliga",
   "hindeur": "1",
   "hindcent": "65 €"
  },
  {
   "product": "Wanted Tortilla krõps 200g juustuga",
   "url": "https://ecoop.ee/et/toode/22826997-wanted-tortilla-krops-200g-juustuga",
   "hindeur": "1",
   "hindcent": "65 €"
  },
  {
   "product": "Wanted Tortilla krõps 200g soolaga",
   "url": "https://ecoop.ee/et/toode/22826996-wanted-tortilla-krops-200g-soolaga",
   "hindeur": "1",
   "hindcent": "65 €"
  },
  {
   "product": "Wanted Salsa dipikaste 260g terav",
   "url": "https://ecoop.ee/et/toode/22703861-wanted-salsa-dipikaste-260g-terav",
   "hindeur": "2",
   "hindcent": "19 €"
  },
  {
   "product": "Wanted Guacamole dipikaste 250g",
   "url": "https://ecoop.ee/et/toode/12851818-wanted-guacamole-dipikaste-250g",
   "hindeur": "3",
   "hindcent": "15 €"
  },
  {
   "product": "Wanted tortilla 6tk 370g",
   "url": "https://ecoop.ee/et/toode/12132847-wanted-tortilla-6tk-370g",
   "hindeur": "2",
   "hindcent": "75 €"
  },
  {
   "product": "Foodstudio Koorene sidrunikaste 230ml",
   "url": "https://ecoop.ee/et/toode/22863448-foodstudio-koorene-sidrunikaste-230ml",
   "hindeur": "1",
   "hindcent": "99 €"
  },
  {
   "product": "Foodstudio Bechamel koorene praekaste 350ml",
   "url": "https://ecoop.ee/et/toode/22863441-foodstudio-bechamel-koorene-praekaste-350ml",
   "hindeur": "2",
   "hindcent": "29 €"
  },
  {
   "product": "Coop Kokad Frititud pelmeenid 350g",
   "url": "https://ecoop.ee/et/toode/22853027-coop-kokad-frititud-pelmeenid-350g",
   "hindeur": "2",
   "hindcent": "99 €"
  },
  {
   "product": "Coop Kokad Kanakotlet kodujuustu &kõrvitsaga 250g",
   "url": "https://ecoop.ee/et/toode/22853023-coop-kokad-kanakotlet-kodujuustu-korvitsaga-250g",
   "hindeur": "2",
   "hindcent": "89 €"
  },
  {
   "product": "Coop Kokad Makaronid hakklihaga 300g",
   "url": "https://ecoop.ee/et/toode/22849996-coop-kokad-makaronid-hakklihaga-300g",
   "hindeur": "1",
   "hindcent": "65 €"
  },
  {
   "product": "Foodstudio Koorene kukeseenekaste 350ml",
   "url": "https://ecoop.ee/et/toode/22848696-foodstudio-koorene-kukeseenekaste-350ml",
   "hindeur": "2",
   "hindcent": "89 €"
  }
 ]
}