{
 "name": "TOIDURASVAD JA ÕLID",
 "tooted": [
  {
   "info": [
    {
     "product": "Kolesteroolitaset alandav margariin 60%, 225 g",
     "url": "https://www.prismamarket.ee/entry/17175/kolesteroolitaset-alandav-margariin-60---225-g/5900247002612",
     "hind": "2 69 /tk"
    },
    {
     "product": "Vähendatud rasvasisaldusega margariin 60%, 400 g",
     "url": "https://www.prismamarket.ee/entry/17175/vahendatud-rasvasisaldusega-margariin-60---400-g/6438207011873",
     "hind": "0 99 /tk"
    },
    {
     "product": "Taimne rasvavõie 70%, 400 g",
     "url": "https://www.prismamarket.ee/entry/17175/taimne-rasvavoie-70---400-g/6438207011613",
     "hind": "1 59 /tk"
    },
    {
     "product": "Margariin 60%, 400 g",
     "url": "https://www.prismamarket.ee/entry/17175/margariin-60---400-g/6438207011637",
     "hind": "1 49 /tk"
    },
    {
     "product": "Taimne soolane rasvavõie 70%, 400 g",
     "url": "https://www.prismamarket.ee/entry/17175/taimne-soolane-rasvavoie-70---400-g/6438207011897",
     "hind": "1 39 /tk"
    },
    {
     "product": "Taimne rasvavõie 50%, 400 g",
     "url": "https://www.prismamarket.ee/entry/17175/taimne-rasvavoie-50---400-g/6438207011880",
     "hind": "1 29 /tk"
    },
    {
     "product": "Margariin 60%, 400 g",
     "url": "https://www.prismamarket.ee/entry/17175/margariin-60---400-g/7340011320630",
     "hind": "0 69 /tk"
    },
    {
     "product": "Vähendatud rasvasisaldusega soolane margariin, 250 g",
     "url": "https://www.prismamarket.ee/entry/17175/vahendatud-rasvasisaldusega-soolane-margariin--250-g/6438207011996",
     "hind": "0 89 /tk"
    },
    {
     "product": "Margariin 40%, 400 g",
     "url": "https://www.prismamarket.ee/entry/17175/margariin-40---400-g/6414893012318",
     "hind": "0 69 /tk"
    },
    {
     "product": "Soolane margariin 60%, 400 g",
     "url": "https://www.prismamarket.ee/entry/17175/soolane-margariin-60---400-g/6438207017004",
     "hind": "1 29 /tk"
    },
    {
     "product": "Vähendatud rasvasisaldusega margariin 60%, 400 g",
     "url": "https://www.prismamarket.ee/entry/17175/vahendatud-rasvasisaldusega-margariin-60---400-g/6414893321007",
     "hind": "0 75 /tk"
    }
   ]
  },
  {
   "info": [
    {
     "product": "Võideks rasvasegu võie 66%, 200 g",
     "url": "https://www.prismamarket.ee/entry/17176/voideks-rasvasegu-voie-66---200-g/4740065004501",
     "hind": "0 85 /tk"
    },
    {
     "product": "Võie Oivariini 75%, 400 g",
     "url": "https://www.prismamarket.ee/entry/17176/voie-oivariini-75---400-g/6408430030316",
     "hind": "3 99 /tk"
    },
    {
     "product": "Võideks rasvasegu võie 72%, 400 g",
     "url": "https://www.prismamarket.ee/entry/17176/voideks-rasvasegu-voie-72---400-g/4740065004136",
     "hind": "3 75 /tk"
    },
    {
     "product": "Oivariini vähelaktoosine rasvasegu, 600 g",
     "url": "https://www.prismamarket.ee/entry/17176/oivariini-vahelaktoosine-rasvasegu--600-g/6408430030309",
     "hind": "5 59 /tk"
    },
    {
     "product": "Ökoloogiline rasvasegu 200g",
     "url": "https://www.prismamarket.ee/entry/17176/okoloogiline-rasvasegu-200g/5701977000097",
     "hind": "1 99 /tk"
    }
   ]
  },
  {
   "info": [
    {
     "product": "Küpsetusmargariin, 500 g",
     "url": "https://www.prismamarket.ee/entry/17177/kupsetusmargariin--500-g/4740029047650",
     "hind": "1 39 /tk"
    },
    {
     "product": "Margariin 60%, 500 g",
     "url": "https://www.prismamarket.ee/entry/17177/margariin-60---500-g/6414893321045",
     "hind": "0 85 /tk"
    },
    {
     "product": "Vedel margariin, 500 ml",
     "url": "https://www.prismamarket.ee/entry/17177/vedel-margariin--500-ml/7340011401841",
     "hind": "0 95 /tk"
    },
    {
     "product": "Maheghee, 300 g",
     "url": "https://www.prismamarket.ee/entry/17177/maheghee--300-g/4743135004685",
     "hind": "11 99 /tk"
    },
    {
     "product": "Hanerasv 210 g",
     "url": "https://www.prismamarket.ee/entry/17177/hanerasv-210-g/4740253000575",
     "hind": "3 79 /tk"
    },
    {
     "product": "Küpsetusmargariin 80%, 500 g",
     "url": "https://www.prismamarket.ee/entry/17177/kupsetusmargariin-80---500-g/6414892490100",
     "hind": "0 99 /tk"
    }
   ]
  },
  {
   "info": [
    {
     "product": "Või 82%, 200 g",
     "url": "https://www.prismamarket.ee/entry/17178/voi-82---200-g/4740153010001",
     "hind": "1 59 /tk"
    },
    {
     "product": "Eesti taluvõi 82%, 150 g",
     "url": "https://www.prismamarket.ee/entry/17178/eesti-taluvoi-82---150-g/4740572001499",
     "hind": "1 59 /tk"
    },
    {
     "product": "Soolakristallidega või 80%, 200 g",
     "url": "https://www.prismamarket.ee/entry/17178/soolakristallidega-voi-80---200-g/4740153020000",
     "hind": "1 89 /tk"
    },
    {
     "product": "Või 82%, 200 g",
     "url": "https://www.prismamarket.ee/entry/17178/voi-82---200-g/4740036005551",
     "hind": "1 49 /tk"
    },
    {
     "product": "Eesti või 82%, 250 g",
     "url": "https://www.prismamarket.ee/entry/17178/eesti-voi-82---250-g/4740142001133",
     "hind": "1 49 /tk"
    },
    {
     "product": "Soolata või 82%, 500 g",
     "url": "https://www.prismamarket.ee/entry/17178/soolata-voi-82---500-g/6408430030026",
     "hind": "5 89 /tk"
    },
    {
     "product": "Või 82% 200 g",
     "url": "https://www.prismamarket.ee/entry/17178/voi-82--200-g/4740553699769",
     "hind": "1 49 /tk"
    },
    {
     "product": "Laktoosivaba või 82%, 200 g",
     "url": "https://www.prismamarket.ee/entry/17178/laktoosivaba-voi-82---200-g/4740036011606",
     "hind": "2 19 /tk"
    },
    {
     "product": "Koduaia ürtidega või, 150 g",
     "url": "https://www.prismamarket.ee/entry/17178/koduaia-urtidega-voi--150-g/4740153040015",
     "hind": "1 75 /tk"
    },
    {
     "product": "Rõõsakoorevõi 82%, 200 g",
     "url": "https://www.prismamarket.ee/entry/17178/roosakoorevoi-82---200-g/4770275048729",
     "hind": "2 19 /tk"
    },
    {
     "product": "Eesti või 82%, 200 g",
     "url": "https://www.prismamarket.ee/entry/17178/eesti-voi-82---200-g/4740553699752",
     "hind": "1 89 /tk"
    },
    {
     "product": "Saaremaa karulauguga või, 150 g",
     "url": "https://www.prismamarket.ee/entry/17178/saaremaa-karulauguga-voi--150-g/4740670111656",
     "hind": "2 49 /tk"
    },
    {
     "product": "Meiereivõi soolata, 500 g",
     "url": "https://www.prismamarket.ee/entry/17178/meiereivoi-soolata---500-g/6430042020133",
     "hind": "3 39 /tk"
    },
    {
     "product": "Pühvlipiima või, 125 g",
     "url": "https://www.prismamarket.ee/entry/17178/puhvlipiima-voi--125-g/8016784000022",
     "hind": "1 29 /tk"
    }
   ]
  },
  {
   "info": [
    {
     "product": "Majonees Original, 420 ml",
     "url": "https://www.prismamarket.ee/entry/17179/majonees-original--420-ml/8722700652038",
     "hind": "1 79 /tk"
    },
    {
     "product": "Majonees Provansaal, 900g",
     "url": "https://www.prismamarket.ee/entry/17179/majonees-provansaal--900g/4740159000082",
     "hind": "2 19 /tk"
    },
    {
     "product": "Majonees Provansaal, 450 g",
     "url": "https://www.prismamarket.ee/entry/17179/majonees-provansaal--450-g/4740159000204",
     "hind": "1 19 /tk"
    },
    {
     "product": "Majonees Provansaal, 405 g",
     "url": "https://www.prismamarket.ee/entry/17179/majonees-provansaal--405-g/4740502002053",
     "hind": "1 09 /tk"
    },
    {
     "product": "Majonees Provansaal, 230 g",
     "url": "https://www.prismamarket.ee/entry/17179/majonees-provansaal--230-g/4740159000013",
     "hind": "0 59 /tk"
    },
    {
     "product": "Majonees Provansaal, 430 g",
     "url": "https://www.prismamarket.ee/entry/17179/majonees-provansaal--430-g/4740159000112",
     "hind": "1 09 /tk"
    },
    {
     "product": "Klassikaline majonees, 830 g",
     "url": "https://www.prismamarket.ee/entry/17179/klassikaline-majonees--830-g/4740029048411",
     "hind": "2 35 /tk"
    },
    {
     "product": "Vutimunamaitseline majonees, 400 ml",
     "url": "https://www.prismamarket.ee/entry/17179/vutimunamaitseline-majonees--400-ml/4604248003081",
     "hind": "1 69 /tk"
    },
    {
     "product": "Vutimunamaitseline majonees, 200 ml",
     "url": "https://www.prismamarket.ee/entry/17179/vutimunamaitseline-majonees--200-ml/4604248003074",
     "hind": "0 89 /tk"
    },
    {
     "product": "Oliivimaitseline majonees, 200 ml",
     "url": "https://www.prismamarket.ee/entry/17179/oliivimaitseline-majonees--200-ml/4604248002411",
     "hind": "0 89 /tk"
    },
    {
     "product": "Soja salatikaste, 200 g",
     "url": "https://www.prismamarket.ee/entry/17179/soja-salatikaste--200-g/4742117000493",
     "hind": "0 85 /tk"
    },
    {
     "product": "Caesari kaste, 150g",
     "url": "https://www.prismamarket.ee/entry/17179/caesari-kaste--150g/4740670000028",
     "hind": "3 59 /tk"
    },
    {
     "product": "Majonees light 420 ml",
     "url": "https://www.prismamarket.ee/entry/17179/majonees-light-420-ml/8722700844969",
     "hind": "1 79 /tk"
    },
    {
     "product": "Majonees Provansaal, 410 g",
     "url": "https://www.prismamarket.ee/entry/17179/majonees-provansaal--410-g/4740159000716",
     "hind": "0 99 /tk"
    },
    {
     "product": "Caesari kaste, 350 g",
     "url": "https://www.prismamarket.ee/entry/17179/caesari-kaste--350-g/4740670009052",
     "hind": "5 99 /tk"
    },
    {
     "product": "Majonees Provansaal, 200 ml",
     "url": "https://www.prismamarket.ee/entry/17179/majonees-provansaal--200-ml/4604248000332",
     "hind": "0 89 /tk"
    },
    {
     "product": "Kerge majonees, 410 g",
     "url": "https://www.prismamarket.ee/entry/17179/kerge-majonees--410-g/4740029049982",
     "hind": "1 49 /tk"
    },
    {
     "product": "Majonees Provansaal, 210 g",
     "url": "https://www.prismamarket.ee/entry/17179/majonees-provansaal--210-g/4740502021221",
     "hind": "0 65 /tk"
    },
    {
     "product": "Wrapikaste, 220 g",
     "url": "https://www.prismamarket.ee/entry/17179/wrapikaste--220-g/4740029048909",
     "hind": "1 19 /tk"
    },
    {
     "product": "Burgerikaste, 220 g",
     "url": "https://www.prismamarket.ee/entry/17179/burgerikaste--220-g/4740029048916",
     "hind": "0 89 /tk"
    },
    {
     "product": "Majonees Provansaal, 300g",
     "url": "https://www.prismamarket.ee/entry/17179/majonees-provansaal--300g/4740502002527",
     "hind": "0 69 /tk"
    },
    {
     "product": "Vegan majonees, 270 g",
     "url": "https://www.prismamarket.ee/entry/17179/vegan-majonees--270-g/6415711804283",
     "hind": "1 59 /tk"
    },
    {
     "product": "Kerge majonees, 430 g",
     "url": "https://www.prismamarket.ee/entry/17179/kerge-majonees--430-g/4740073074770",
     "hind": "1 69 /tk"
    },
    {
     "product": "Klassikaline majonees, 430 g",
     "url": "https://www.prismamarket.ee/entry/17179/klassikaline-majonees--430-g/4740073074763",
     "hind": "1 69 /tk"
    },
    {
     "product": "Vegan majonees, 420 g",
     "url": "https://www.prismamarket.ee/entry/17179/vegan-majonees--420-g/4740073074664",
     "hind": "2 29 /tk"
    },
    {
     "product": "Mädarõikamaitseline majonees 430 g",
     "url": "https://www.prismamarket.ee/entry/17179/madaroikamaitseline-majonees-430-g/4740073074756",
     "hind": "1 89 /tk"
    },
    {
     "product": "Majonees Provansaal, 700 g",
     "url": "https://www.prismamarket.ee/entry/17179/majonees-provansaal--700-g/4740502002152",
     "hind": "1 79 /tk"
    },
    {
     "product": "Lauamajonees, 500 g",
     "url": "https://www.prismamarket.ee/entry/17179/lauamajonees--500-g/4740506100007",
     "hind": "0 49 /tk"
    },
    {
     "product": "Caesari salatikaste, 230 g",
     "url": "https://www.prismamarket.ee/entry/17179/caesari-salatikaste--230-g/4740159001096",
     "hind": "0 99 /tk"
    },
    {
     "product": "Majonees Provansaal, oliivi, 210 g",
     "url": "https://www.prismamarket.ee/entry/17179/majonees-provansaal--oliivi--210-g/4740502002206",
     "hind": "0 75 /tk"
    },
    {
     "product": "Majonees Original, 225 ml",
     "url": "https://www.prismamarket.ee/entry/17179/majonees-original--225-ml/8722700919193",
     "hind": "1 49 /tk"
    },
    {
     "product": "Provansaal majonees, laktoosivaba, 210 g",
     "url": "https://www.prismamarket.ee/entry/17179/provansaal-majonees--laktoosivaba--210-g/4740159001119",
     "hind": "0 59 /tk"
    },
    {
     "product": "Kerge majonees, 450 g",
     "url": "https://www.prismamarket.ee/entry/17179/kerge-majonees--450-g/7340011403470",
     "hind": "0 79 /tk"
    },
    {
     "product": "Tšillimajonees, 270 g",
     "url": "https://www.prismamarket.ee/entry/17179/tsillimajonees--270-g/7340011462439",
     "hind": "1 75 /tk"
    },
    {
     "product": "Kurgimajonees, 270 g",
     "url": "https://www.prismamarket.ee/entry/17179/kurgimajonees--270-g/7340011462446",
     "hind": "1 75 /tk"
    },
    {
     "product": "Kartulikaste, 400 g",
     "url": "https://www.prismamarket.ee/entry/17179/kartulikaste--400-g/4740029048978",
     "hind": "2 09 /tk"
    },
    {
     "product": "Vegan majonees, 210 g",
     "url": "https://www.prismamarket.ee/entry/17179/vegan-majonees--210-g/4740159001546",
     "hind": "0 69 /tk"
    },
    {
     "product": "Majonees Vegan 450 g",
     "url": "https://www.prismamarket.ee/entry/17179/majonees-vegan-450-g/4740159001690",
     "hind": "1 09 /tk"
    },
    {
     "product": "Majonees päevalilleõliga 900 g",
     "url": "https://www.prismamarket.ee/entry/17179/majonees-paevalilleoliga-900-g/4740159001683",
     "hind": "2 29 /tk"
    },
    {
     "product": "Majonees Original 880 ml",
     "url": "https://www.prismamarket.ee/entry/17179/majonees-original-880-ml/8714100079805",
     "hind": "3 99 /tk"
    },
    {
     "product": "Tšillimajonees 220 g",
     "url": "https://www.prismamarket.ee/entry/17179/tsillimajonees-220-g/4740029072577",
     "hind": "1 19 /tk"
    },
    {
     "product": "Pestomajonees 220 g",
     "url": "https://www.prismamarket.ee/entry/17179/pestomajonees-220-g/4740029072584",
     "hind": "1 19 /tk"
    },
    {
     "product": "Peakoka majonees 410 g",
     "url": "https://www.prismamarket.ee/entry/17179/peakoka-majonees-410-g/4740159001430",
     "hind": "1 29 /tk"
    },
    {
     "product": "Majonees tilliga 210 g",
     "url": "https://www.prismamarket.ee/entry/17179/majonees-tilliga-210-g/4740159001621",
     "hind": "0 89 /tk"
    },
    {
     "product": "Majonees Provansaal, Premium, 210 g",
     "url": "https://www.prismamarket.ee/entry/17179/majonees-provansaal--premium--210-g/4740159000730",
     "hind": "0 75 /tk"
    },
    {
     "product": "Salatikaste küüslauguga, 230 g",
     "url": "https://www.prismamarket.ee/entry/17179/salatikaste-kuuslauguga--230-g/4740159000747",
     "hind": "0 99 /tk"
    }
   ]
  },
  {
   "info": [
    {
     "product": "Rapsiõli 1l",
     "url": "https://www.prismamarket.ee/entry/17180/rapsioli-1l/4741178991009",
     "hind": "1 49 /tk"
    },
    {
     "product": "Rapsiõli 1 l",
     "url": "https://www.prismamarket.ee/entry/17180/rapsioli-1-l/5410556179474",
     "hind": "2 39 /tk"
    },
    {
     "product": "Rapsiõli 500 ml",
     "url": "https://www.prismamarket.ee/entry/17180/rapsioli-500-ml/4741178000022",
     "hind": "1 35 /tk"
    },
    {
     "product": "Kalew Rapsiõli 1 l",
     "url": "https://www.prismamarket.ee/entry/17180/kalew-rapsioli-1-l/4740493555569",
     "hind": "1 99 /tk"
    },
    {
     "product": "Rapsiõli 1l",
     "url": "https://www.prismamarket.ee/entry/17180/rapsioli-1l/5412210114616",
     "hind": "1 75 /tk"
    },
    {
     "product": "Rüpsiõli 500 ml, mahe",
     "url": "https://www.prismamarket.ee/entry/17180/rupsioli-500-ml--mahe/4744150010040",
     "hind": "3 79 /tk"
    },
    {
     "product": "Rapsiõli 1 L",
     "url": "https://www.prismamarket.ee/entry/17180/rapsioli-1-l/7340011340188",
     "hind": "0 99 /tk"
    },
    {
     "product": "Külmpressitud rapsiõli 500 ml, mahe",
     "url": "https://www.prismamarket.ee/entry/17180/kulmpressitud-rapsioli-500-ml--mahe/6414893095144",
     "hind": "2 99 /tk"
    },
    {
     "product": "Rapsi- ja oliiviõli segu 1 l",
     "url": "https://www.prismamarket.ee/entry/17180/rapsi--ja-oliivioli-segu-1-l/7340011435891",
     "hind": "2 59 /tk"
    }
   ]
  },
  {
   "info": [
    {
     "product": "Päevalilleõli 1l",
     "url": "https://www.prismamarket.ee/entry/17181/paevalilleoli-1l/5412210001923",
     "hind": "2 15 /tk"
    },
    {
     "product": "Päevalilleõli rafineerimata 750 ml",
     "url": "https://www.prismamarket.ee/entry/17181/paevalilleoli-rafineerimata-750-ml/4004597002290",
     "hind": "2 79 /tk"
    },
    {
     "product": "Päevalilleõli 1 l",
     "url": "https://www.prismamarket.ee/entry/17181/paevalilleoli-1-l/4741178000220",
     "hind": "2 29 /tk"
    },
    {
     "product": "Päevalilleõli Ovilo, 1l",
     "url": "https://www.prismamarket.ee/entry/17181/paevalilleoli-ovilo--1l/5412210013674",
     "hind": "1 69 /tk"
    },
    {
     "product": "Päevalilleõli 1 l",
     "url": "https://www.prismamarket.ee/entry/17181/paevalilleoli-1-l/6414892609809",
     "hind": "0 98 /tk"
    }
   ]
  },
  {
   "info": [
    {
     "product": "Oliiviõli rafineeritud 500 ml",
     "url": "https://www.prismamarket.ee/entry/17182/oliivioli-rafineeritud-500-ml/8410179300825",
     "hind": "4 29 /tk"
    },
    {
     "product": "Ekstra Neitsioliiviõli 500 ml",
     "url": "https://www.prismamarket.ee/entry/17182/ekstra-neitsioliivioli-500-ml/8410179100036",
     "hind": "3 69 /tk"
    },
    {
     "product": "Ekstra Neitsioliiviõli 250 ml",
     "url": "https://www.prismamarket.ee/entry/17182/ekstra-neitsioliivioli-250-ml/8410179100050",
     "hind": "2 69 /tk"
    },
    {
     "product": "Raf.õlist ja neitsioliiviõlist koosnev oliiviõli 500ML",
     "url": "https://www.prismamarket.ee/entry/17182/raf-olist-ja-neitsioliiviolist-koosnev-oliivioli-500ml/6414892609885",
     "hind": "3 39 /tk"
    },
    {
     "product": "Ekstra Light Oliiviõli rafineeritud 250 ml",
     "url": "https://www.prismamarket.ee/entry/17182/ekstra-light-oliivioli-rafineeritud-250-ml/8410179300849",
     "hind": "3 19 /tk"
    },
    {
     "product": "Ekstra Neitsioliiviõli Kalamata 500 ml",
     "url": "https://www.prismamarket.ee/entry/17182/ekstra-neitsioliivioli-kalamata-500-ml/5200110730018",
     "hind": "6 99 /tk"
    },
    {
     "product": "Extra Neitsioliiviõli 500 ml, Organic",
     "url": "https://www.prismamarket.ee/entry/17182/extra-neitsioliivioli-500-ml--organic/6414893026124",
     "hind": "4 79 /tk"
    },
    {
     "product": "Oliivijääkõli 1 l",
     "url": "https://www.prismamarket.ee/entry/17182/oliivijaakoli-1-l/5412210006508",
     "hind": "4 29 /tk"
    },
    {
     "product": "Ekstra Neitsioliiviõli 500 ml",
     "url": "https://www.prismamarket.ee/entry/17182/ekstra-neitsioliivioli-500--ml/8410086000085",
     "hind": "5 49 /tk"
    },
    {
     "product": "Segu rafineeritud oliivi-ja neitsioliiviõlist 1 l",
     "url": "https://www.prismamarket.ee/entry/17182/segu-rafineeritud-oliivi-ja-neitsioliiviolist-1-l/6414893026117",
     "hind": "6 99 /tk"
    },
    {
     "product": "Extra Neitsioliiviõli 500 ml",
     "url": "https://www.prismamarket.ee/entry/17182/extra-neitsioliivioli-500-ml/5200110730025",
     "hind": "6 29 /tk"
    },
    {
     "product": "Oliiviõli sidrunimaitseline 250 ml",
     "url": "https://www.prismamarket.ee/entry/17182/oliivioli-sidrunimaitseline-250-ml/6414893096325",
     "hind": "2 29 /tk"
    },
    {
     "product": "Filippo Berio Ekstra neitsioliiviõli 500 ml",
     "url": "https://www.prismamarket.ee/entry/17182/filippo-berio-ekstra-neitsioliivioli-500-ml/8002210500204",
     "hind": "6 29 /tk"
    },
    {
     "product": "Mantova ekstra neitsioliiviõli basiilik 200 ml spray",
     "url": "https://www.prismamarket.ee/entry/17182/mantova-ekstra-neitsioliivioli-basiilik-200-ml-spray/8006830991763",
     "hind": "6 29 /tk"
    },
    {
     "product": "Extra Neitsioliiviõli pihustiga 100 ml",
     "url": "https://www.prismamarket.ee/entry/17182/extra-neitsioliivioli-pihustiga-100-ml/5200110731503",
     "hind": "3 39 /tk"
    },
    {
     "product": "Oliiviõli Extra light 0,5L.",
     "url": "https://www.prismamarket.ee/entry/17182/oliivioli-extra-light-0-5l-/5200110732708",
     "hind": "4 99 /tk"
    },
    {
     "product": "Herkku esimese külmpressi oliiviõli, 250 ml",
     "url": "https://www.prismamarket.ee/entry/17182/herkku-esimese-kulmpressi-oliivioli--250-ml/8435042873213",
     "hind": "4 29 /tk"
    },
    {
     "product": "Herkku mahe esimese külmpressi oliiviõli, 250 ml",
     "url": "https://www.prismamarket.ee/entry/17182/herkku-mahe-esimese-kulmpressi-oliivioli--250-ml/8006801061327",
     "hind": "6 50 /tk"
    },
    {
     "product": "LUPI 100% Itaalia Ekstra neitsioliiviõli 750 ml",
     "url": "https://www.prismamarket.ee/entry/17182/lupi-100--itaalia-ekstra-neitsioliivioli-750-ml/8006705040145",
     "hind": "17 69 /tk"
    },
    {
     "product": "Oliiviõli Extra Light Borges 1000 ml",
     "url": "https://www.prismamarket.ee/entry/17182/oliivioli-extra-light-borges-1000-ml/8410179300801",
     "hind": "9 49 /tk"
    },
    {
     "product": "Borges First Harvest ekstra neitsioliiviõli 500 ml",
     "url": "https://www.prismamarket.ee/entry/17182/borges-first-harvest-ekstra-neitsioliivioli-500-ml/8410179015125",
     "hind": "5 99 /tk"
    },
    {
     "product": "Memmas Knossos ekstra-neitsioliiviõli 500 ml",
     "url": "https://www.prismamarket.ee/entry/17182/memmas-knossos-ekstra-neitsioliivioli-500-ml/6418784011107",
     "hind": "5 49 /tk"
    },
    {
     "product": "Mantova ekstra neitsioliiviõli küüslaugu 250 ml spray",
     "url": "https://www.prismamarket.ee/entry/17182/mantova-ekstra-neitsioliivioli-kuuslaugu-250-ml-spray/8006830991312",
     "hind": "5 79 /tk"
    },
    {
     "product": "Mantova röstitud seesami õli 200 ml spray",
     "url": "https://www.prismamarket.ee/entry/17182/mantova-rostitud-seesami-oli-200-ml-spray/8006830995464",
     "hind": "6 29 /tk"
    },
    {
     "product": "Ekstra neitsioliiviõli 1 l",
     "url": "https://www.prismamarket.ee/entry/17182/ekstra-neitsioliivioli-1-l/8410179100012",
     "hind": "9 99 /tk"
    },
    {
     "product": "Filippo Berio ekstra neitsioliiviõli Delicato 500 ml",
     "url": "https://www.prismamarket.ee/entry/17182/filippo-berio-ekstra-neitsioliivioli-delicato-500-ml/8002210127630",
     "hind": "6 29 /tk"
    },
    {
     "product": "Goccia Doro ekstra neitsioliiviõli, trühvli 250 ml",
     "url": "https://www.prismamarket.ee/entry/17182/goccia-doro-ekstra-neitsioliivioli--truhvli-250-ml/8003250000914",
     "hind": "5 29 /tk"
    },
    {
     "product": "Oliivijääkõli 1 l",
     "url": "https://www.prismamarket.ee/entry/17182/oliivijaakoli-1-l/8020927000077",
     "hind": "4 59 /tk"
    },
    {
     "product": "Oliiviõli basiilikuga 250 ml",
     "url": "https://www.prismamarket.ee/entry/17182/oliivioli-basiilikuga-250-ml/6414893096363",
     "hind": "2 29 /tk"
    },
    {
     "product": "Raf.õlist ja neitsioliivõlist valmistatud oliiviõli 1 L",
     "url": "https://www.prismamarket.ee/entry/17182/raf-olist-ja-neitsioliivolist-valmistatud-oliivioli-1-l/7340011342618",
     "hind": "4 49 /tk"
    },
    {
     "product": "Extra Neitsioliiviõli 500 ml, Öko",
     "url": "https://www.prismamarket.ee/entry/17182/extra-neitsioliivioli-500-ml--oko/8410179100708",
     "hind": "5 99 /tk"
    },
    {
     "product": "Oliivijääkõli 1 l",
     "url": "https://www.prismamarket.ee/entry/17182/oliivijaakoli-1-l/8003250000129",
     "hind": "5 99 /tk"
    },
    {
     "product": "Filippo Berio Oliiviõli 500 ml",
     "url": "https://www.prismamarket.ee/entry/17182/filippo-berio-oliivioli-500-ml/8002210501201",
     "hind": "5 69 /tk"
    }
   ]
  },
  {
   "info": [
    {
     "product": "Toiduõli 1 l",
     "url": "https://www.prismamarket.ee/entry/17183/toiduoli-1-l/5412210104617",
     "hind": "1 79 /tk"
    },
    {
     "product": "Viinamarjaseemneõli 500 ml",
     "url": "https://www.prismamarket.ee/entry/17183/viinamarjaseemneoli-500-ml/8410179900254",
     "hind": "3 89 /tk"
    },
    {
     "product": "Kreeka pähkli õli 500 ml",
     "url": "https://www.prismamarket.ee/entry/17183/kreeka-pahkli-oli-500-ml/4004597001705",
     "hind": "4 49 /tk"
    },
    {
     "product": "Linaseemneõli rafineerimata 500 ml",
     "url": "https://www.prismamarket.ee/entry/17183/linaseemneoli-rafineerimata-500-ml/4004597002283",
     "hind": "3 69 /tk"
    },
    {
     "product": "Õli omega 3-6-9 1 l",
     "url": "https://www.prismamarket.ee/entry/17183/oli-omega-3-6-9-1-l/5412210008212",
     "hind": "2 19 /tk"
    },
    {
     "product": "Seesamiõli rafineerimata 500 lm",
     "url": "https://www.prismamarket.ee/entry/17183/seesamioli-rafineerimata-500-lm/4004597001835",
     "hind": "4 89 /tk"
    },
    {
     "product": "Avokaadoõli külmpressitud 250 ml",
     "url": "https://www.prismamarket.ee/entry/17183/avokaadooli-kulmpressitud-250-ml/9421009030347",
     "hind": "6 29 /tk"
    },
    {
     "product": "Kalew Küpsetusõli 1 l",
     "url": "https://www.prismamarket.ee/entry/17183/kalew-kupsetusoli-1-l/4740493555576",
     "hind": "2 19 /tk"
    },
    {
     "product": "Green Choice mahe kookosõli neutraalse maitsega 400 g",
     "url": "https://www.prismamarket.ee/entry/17183/green-choice-mahe-kookosoli-neutraalse-maitsega-400-g/5707381014057",
     "hind": "4 99 /tk"
    },
    {
     "product": "Vita kookosõli 500 ml",
     "url": "https://www.prismamarket.ee/entry/17183/vita-kookosoli-500-ml/5900012009617",
     "hind": "4 29 /tk"
    },
    {
     "product": "OiliO Külmpressitud Linaseemneõli 250 ml",
     "url": "https://www.prismamarket.ee/entry/17183/oilio-kulmpressitud--linaseemneoli-250-ml/4744283010658",
     "hind": "2 29 /tk"
    },
    {
     "product": "Küpsetusõli 1 l",
     "url": "https://www.prismamarket.ee/entry/17183/kupsetusoli-1-l/4741178991047",
     "hind": "1 79 /tk"
    },
    {
     "product": "Mahe lõhnatu kookosõli 500 ml",
     "url": "https://www.prismamarket.ee/entry/17183/mahe-lohnatu-kookosoli-500-ml/4742824013236",
     "hind": "6 59 /tk"
    },
    {
     "product": "Maisiõli 500 ml",
     "url": "https://www.prismamarket.ee/entry/17183/maisioli-500-ml/4744283010443",
     "hind": "1 69 /tk"
    },
    {
     "product": "Viinamarjaseemneõli 500 ml",
     "url": "https://www.prismamarket.ee/entry/17183/viinamarjaseemneoli-500-ml/4744283010467",
     "hind": "2 79 /tk"
    },
    {
     "product": "Arahhiisiõli 500 ml",
     "url": "https://www.prismamarket.ee/entry/17183/arahhiisioli-500-ml/4744283010450",
     "hind": "2 29 /tk"
    },
    {
     "product": "Mahe neitsikookosõli 450 g",
     "url": "https://www.prismamarket.ee/entry/17183/mahe-neitsikookosoli-450-g/4742824013243",
     "hind": "8 49 /tk"
    },
    {
     "product": "Kanepiõli 100 ml, mahe",
     "url": "https://www.prismamarket.ee/entry/17183/kanepioli-100-ml--mahe/4744150010156",
     "hind": "5 99 /tk"
    },
    {
     "product": "Tudraõli 100 ml, mahe",
     "url": "https://www.prismamarket.ee/entry/17183/tudraoli-100-ml--mahe/4744150011214",
     "hind": "5 99 /tk"
    },
    {
     "product": "Seesamiõli röstitud seesamiseemnetest 0,25 l",
     "url": "https://www.prismamarket.ee/entry/17183/seesamioli-rostitud-seesamiseemnetest-0-25-l/5051008865622",
     "hind": "2 99 /tk"
    },
    {
     "product": "Rainbow praadimis- ja frittimisõli 2l",
     "url": "https://www.prismamarket.ee/entry/17183/rainbow-praadimis---ja-frittimisoli--2l/7340011488996",
     "hind": "2 69 /tk"
    },
    {
     "product": "Kanepiõli 250 ml",
     "url": "https://www.prismamarket.ee/entry/17183/kanepioli-250-ml/4004597001859",
     "hind": "5 49 /tk"
    },
    {
     "product": "Seesamiõli 200 ml",
     "url": "https://www.prismamarket.ee/entry/17183/seesamioli-200-ml/8851978801753",
     "hind": "5 19 /tk"
    },
    {
     "product": "Kõrvitsaõli rafineerimata 500 ml",
     "url": "https://www.prismamarket.ee/entry/17183/korvitsaoli-rafineerimata-500-ml/4004597001392",
     "hind": "8 49 /tk"
    }
   ]
  }
 ]
}