{
 "name": "KÜPSETAMINE JA MAITSESTAMINE",
 "tooted": [
  {
   "info": [
    {
     "product": "Suhkur 1 kg",
     "url": "https://www.prismamarket.ee/entry/17316/suhkur-1-kg/6414000023138",
     "hind": "0 59 /tk"
    },
    {
     "product": "Pruun roosuhkur 750 g",
     "url": "https://www.prismamarket.ee/entry/17316/pruun-roosuhkur-750-g/4770074472077",
     "hind": "1 59 /tk"
    },
    {
     "product": "Demerara suhkur Fairtrade 500 g",
     "url": "https://www.prismamarket.ee/entry/17316/demerara-suhkur-fairtrade-500-g/7310340472034",
     "hind": "1 39 /tk"
    },
    {
     "product": "Tume tükksuhkur Fairtrade 500 g",
     "url": "https://www.prismamarket.ee/entry/17316/tume-tukksuhkur-fairtrade-500-g/6414000003079",
     "hind": "1 69 /tk"
    },
    {
     "product": "Vanilliinsuhkur 225 g",
     "url": "https://www.prismamarket.ee/entry/17316/vanilliinsuhkur-225-g/6415712700324",
     "hind": "0 99 /tk"
    },
    {
     "product": "Vanillisuhkur 20 g",
     "url": "https://www.prismamarket.ee/entry/17316/vanillisuhkur-20-g/4740018133517",
     "hind": "0 99 /tk"
    },
    {
     "product": "Tuhksuhkur 500 g",
     "url": "https://www.prismamarket.ee/entry/17316/tuhksuhkur-500-g/5701259437122",
     "hind": "0 95 /tk"
    },
    {
     "product": "Tükksuhkur 750 g",
     "url": "https://www.prismamarket.ee/entry/17316/tukksuhkur-750-g/6414000002348",
     "hind": "1 49 /tk"
    },
    {
     "product": "Granuleeritud suhkur 1 kg",
     "url": "https://www.prismamarket.ee/entry/17316/granuleeritud-suhkur-1-kg/5010651001559",
     "hind": "3 99 /tk"
    },
    {
     "product": "Viinamarjasuhkur 500 g",
     "url": "https://www.prismamarket.ee/entry/17316/viinamarjasuhkur-500-g/4000286200145",
     "hind": "1 35 /tk"
    },
    {
     "product": "Kõva tükksuhkur 500 g",
     "url": "https://www.prismamarket.ee/entry/17316/kova-tukksuhkur-500-g/6414000420548",
     "hind": "0 79 /tk"
    },
    {
     "product": "Good Good vahtrasiirup steviaga 350 g",
     "url": "https://www.prismamarket.ee/entry/17316/good-good-vahtrasiirup-steviaga-350-g/5694230257584",
     "hind": "6 99 /tk"
    },
    {
     "product": "Aito suhkrukuubikud, 750 g",
     "url": "https://www.prismamarket.ee/entry/17316/aito-suhkrukuubikud--750-g/6405904040031",
     "hind": "0 99 /tk"
    },
    {
     "product": "Dansukker suhkrukuubikud, 750 g",
     "url": "https://www.prismamarket.ee/entry/17316/dansukker-suhkrukuubikud--750-g/6414000002751",
     "hind": "1 59 /tk"
    },
    {
     "product": "Aito suhkur 1kg",
     "url": "https://www.prismamarket.ee/entry/17316/aito-suhkur-1kg/8710437001700",
     "hind": "0 79 /tk"
    },
    {
     "product": "Foodin mahe kookossuhkur 230 g",
     "url": "https://www.prismamarket.ee/entry/17316/foodin-mahe-kookossuhkur-230-g/6430055215946",
     "hind": "1 99 /tk"
    },
    {
     "product": "Foodin mahe erütritool 200 g",
     "url": "https://www.prismamarket.ee/entry/17316/foodin-mahe-erutritool-200-g/6430051824777",
     "hind": "2 89 /tk"
    },
    {
     "product": "Rainbow tuhksuhkur 250 g",
     "url": "https://www.prismamarket.ee/entry/17316/rainbow-tuhksuhkur-250-g/7340191102583",
     "hind": "0 43 /tk"
    },
    {
     "product": "Rainbow suhkur suhkrupeedist 1 kg, mahe",
     "url": "https://www.prismamarket.ee/entry/17316/rainbow-suhkur-suhkrupeedist-1-kg--mahe/7340191103016",
     "hind": "2 39 /tk"
    },
    {
     "product": "Vahtrasiirup tume A-klass 200 ml",
     "url": "https://www.prismamarket.ee/entry/17316/vahtrasiirup-tume-a-klass-200-ml/3760063339697",
     "hind": "14 49 /tk"
    },
    {
     "product": "Agaavi siirup dosaatoris hele 250 ml mahe",
     "url": "https://www.prismamarket.ee/entry/17316/agaavi-siirup-dosaatoris-hele-250-ml-mahe/8718819121374",
     "hind": "4 99 /tk"
    },
    {
     "product": "Vahtrasiirup 187 ml",
     "url": "https://www.prismamarket.ee/entry/17316/vahtrasiirup-187-ml/7340011445357",
     "hind": "3 59 /tk"
    },
    {
     "product": "Demerara suhkur 500 g",
     "url": "https://www.prismamarket.ee/entry/17316/demerara-suhkur-500-g/5907069000406",
     "hind": "2 09 /tk"
    },
    {
     "product": "Suhkur 1 kg",
     "url": "https://www.prismamarket.ee/entry/17316/suhkur-1-kg/6415712900328",
     "hind": "0 53 /tk"
    },
    {
     "product": "Puuviljasuhkur 500 g",
     "url": "https://www.prismamarket.ee/entry/17316/puuviljasuhkur-500-g/8000043063804",
     "hind": "2 89 /tk"
    },
    {
     "product": "Vaniljesuhkur 25g",
     "url": "https://www.prismamarket.ee/entry/17316/vaniljesuhkur-25g/4750334000042",
     "hind": "0 19 /tk"
    },
    {
     "product": "Ginger People ingverisiirup, 237 ml",
     "url": "https://www.prismamarket.ee/entry/17316/ginger-people-ingverisiirup--237-ml/734027972704",
     "hind": "4 29 /tk"
    },
    {
     "product": "Puuviljade segu 100 g",
     "url": "https://www.prismamarket.ee/entry/17316/puuviljade-segu-100-g/6436501025886",
     "hind": "0 99 /tk"
    },
    {
     "product": "Vaniljesuhkur 15 g",
     "url": "https://www.prismamarket.ee/entry/17316/vaniljesuhkur-15-g/9001414010129",
     "hind": "0 79 /tk"
    },
    {
     "product": "Rainbow tume siirup, 750 g",
     "url": "https://www.prismamarket.ee/entry/17316/rainbow-tume-siirup--750-g/7340191100237",
     "hind": "1 39 /tk"
    },
    {
     "product": "Jakobsens orgaaniline agaavisiirup, 350 g",
     "url": "https://www.prismamarket.ee/entry/17316/jakobsens-orgaaniline-agaavisiirup--350-g/5772739447313",
     "hind": "2 99 /tk"
    },
    {
     "product": "Jakobsens orgaaniline agaavisiirup tume, 350 g",
     "url": "https://www.prismamarket.ee/entry/17316/jakobsens-orgaaniline-agaavisiirup-tume--350-g/5772739449799",
     "hind": "2 99 /tk"
    },
    {
     "product": "Organic Health tume orgaaniline roosuhkur, 500 g",
     "url": "https://www.prismamarket.ee/entry/17316/organic-health-tume-orgaaniline-roosuhkur--500-g/6430033171134",
     "hind": "2 89 /tk"
    },
    {
     "product": "Dansukker mini-tükksuhkur 500 g",
     "url": "https://www.prismamarket.ee/entry/17316/dansukker-mini-tukksuhkur-500-g/7310340726755",
     "hind": "1 09 /tk"
    },
    {
     "product": "Thai Choice magustatud kookose kondenspiim 320 g, vegan",
     "url": "https://www.prismamarket.ee/entry/17316/thai-choice-magustatud-kookose-kondenspiim-320-g--vegan/8851978804112",
     "hind": "3 99 /tk"
    },
    {
     "product": "King of Spices Vanillisuhkur 500 g",
     "url": "https://www.prismamarket.ee/entry/17316/king-of-spices-vanillisuhkur-500-g/4743144006540",
     "hind": "2 19 /tk"
    },
    {
     "product": "Suhkur 1 kg mahe",
     "url": "https://www.prismamarket.ee/entry/17316/suhkur-1-kg-mahe/7310340111483",
     "hind": "2 59 /tk"
    },
    {
     "product": "Apelsinisukaad 100 g",
     "url": "https://www.prismamarket.ee/entry/17316/apelsinisukaad-100-g/6436501025862",
     "hind": "0 99 /tk"
    },
    {
     "product": "Karamellsuhkur pruun 500 g",
     "url": "https://www.prismamarket.ee/entry/17316/karamellsuhkur-pruun-500-g/7310340472041",
     "hind": "2 09 /tk"
    },
    {
     "product": "Kohvisiirup šokolaadimaitseline 350 ml",
     "url": "https://www.prismamarket.ee/entry/17316/kohvisiirup-sokolaadimaitseline-350-ml/4750145012944",
     "hind": "2 59 /tk"
    },
    {
     "product": "Karamellimaitseline siirup 350 ml",
     "url": "https://www.prismamarket.ee/entry/17316/karamellimaitseline-siirup-350-ml/4750145012913",
     "hind": "2 59 /tk"
    },
    {
     "product": "Sarapuupähklimaitseline siirup 350 ml",
     "url": "https://www.prismamarket.ee/entry/17316/sarapuupahklimaitseline-siirup-350-ml/4750145012937",
     "hind": "2 59 /tk"
    }
   ]
  },
  {
   "info": [
    {
     "product": "Metsaõite mesi 450 g",
     "url": "https://www.prismamarket.ee/entry/17317/metsaoite-mesi-450-g/4742422000010",
     "hind": "4 29 /tk"
    },
    {
     "product": "Kreemjas mesi 450 g",
     "url": "https://www.prismamarket.ee/entry/17317/kreemjas-mesi-450-g/4742422000058",
     "hind": "4 29 /tk"
    },
    {
     "product": "Kotimaista mesi 450 g",
     "url": "https://www.prismamarket.ee/entry/17317/kotimaista-mesi-450-g/6415712615208",
     "hind": "4 99 /tk"
    },
    {
     "product": "Tatramesi, 1kg",
     "url": "https://www.prismamarket.ee/entry/17317/tatramesi--1kg/4744333010119",
     "hind": "8 99 /tk"
    },
    {
     "product": "Mesi tops 450g EST",
     "url": "https://www.prismamarket.ee/entry/17317/mesi-tops-450g-est/4744808010118",
     "hind": "4 49 /tk"
    },
    {
     "product": "Lune de Miel õiemesi 1 kg",
     "url": "https://www.prismamarket.ee/entry/17317/lune-de-miel-oiemesi-1-kg/3088540104102",
     "hind": "7 99 /tk"
    },
    {
     "product": "Mesi taruvaigu, õietolmu ja suiraga 300 g",
     "url": "https://www.prismamarket.ee/entry/17317/mesi-taruvaigu--oietolmu-ja-suiraga-300-g/4744098010072",
     "hind": "4 99 /tk"
    },
    {
     "product": "Mesi 1 kg",
     "url": "https://www.prismamarket.ee/entry/17317/mesi-1-kg/4744098010133",
     "hind": "8 99 /tk"
    },
    {
     "product": "Mesi 500 g",
     "url": "https://www.prismamarket.ee/entry/17317/mesi-500-g/4744098010102",
     "hind": "4 79 /tk"
    },
    {
     "product": "Eesti mesi plastpakendis 500 g",
     "url": "https://www.prismamarket.ee/entry/17317/eesti-mesi-plastpakendis-500-g/211100000177",
     "hind": "4 99 /tk"
    },
    {
     "product": "Hea Eestimaa mesi 1 kg",
     "url": "https://www.prismamarket.ee/entry/17317/hea-eestimaa-mesi-1-kg/211100000184",
     "hind": "7 99 /tk"
    },
    {
     "product": "Mesi 425 g, mahe",
     "url": "https://www.prismamarket.ee/entry/17317/mesi-425-g--mahe/7340011439127",
     "hind": "4 49 /tk"
    },
    {
     "product": "Kanarbikumesi 450 g",
     "url": "https://www.prismamarket.ee/entry/17317/kanarbikumesi-450-g/4742422000034",
     "hind": "10 49 /tk"
    },
    {
     "product": "Vedel mesi 250 g",
     "url": "https://www.prismamarket.ee/entry/17317/vedel-mesi-250-g/7340011483403",
     "hind": "1 99 /tk"
    },
    {
     "product": "Muhe mesi 1100 g",
     "url": "https://www.prismamarket.ee/entry/17317/muhe-mesi-1100-g/4744329010017",
     "hind": "8 09 /tk"
    },
    {
     "product": "Muhe mesi 450 g",
     "url": "https://www.prismamarket.ee/entry/17317/muhe-mesi-450-g/4744329010031",
     "hind": "4 99 /tk"
    },
    {
     "product": "Rainbow mesi, 500 g",
     "url": "https://www.prismamarket.ee/entry/17317/rainbow-mesi--500-g/7340011483410",
     "hind": "3 69 /tk"
    },
    {
     "product": "Jakobsens akaasia mesi, 250 g",
     "url": "https://www.prismamarket.ee/entry/17317/jakobsens-akaasia-mesi--250-g/5772739448815",
     "hind": "3 29 /tk"
    },
    {
     "product": "Mesi 400g",
     "url": "https://www.prismamarket.ee/entry/17317/mesi-400g/7340191105096",
     "hind": "2 49 /tk"
    },
    {
     "product": "Kärjemesi 200 g",
     "url": "https://www.prismamarket.ee/entry/17317/karjemesi-200-g/4742422000553",
     "hind": "2 99 /tk"
    },
    {
     "product": "Mesi ingveriga 300 g",
     "url": "https://www.prismamarket.ee/entry/17317/mesi-ingveriga-300-g/4742422000096",
     "hind": "3 99 /tk"
    },
    {
     "product": "Mesi õietolmu ja taruvaiguga 300 g",
     "url": "https://www.prismamarket.ee/entry/17317/mesi-oietolmu-ja-taruvaiguga-300-g/4742422000119",
     "hind": "3 99 /tk"
    }
   ]
  },
  {
   "info": [
    {
     "product": "Suhkruasendaja 650 tk",
     "url": "https://www.prismamarket.ee/entry/17318/suhkruasendaja-650-tk/4000445768004",
     "hind": "1 19 /tk"
    },
    {
     "product": "Suhkruasendaja 60 g",
     "url": "https://www.prismamarket.ee/entry/17318/suhkruasendaja-60-g/7340011462064",
     "hind": "1 39 /tk"
    },
    {
     "product": "Steviaga magusaine 300 g",
     "url": "https://www.prismamarket.ee/entry/17318/steviaga-magusaine-300-g/4770082311580",
     "hind": "4 39 /tk"
    },
    {
     "product": "HUXOL Original vedel suhkruasendaja gluteenivaba 200 ml",
     "url": "https://www.prismamarket.ee/entry/17318/huxol-original-vedel-suhkruasendaja-gluteenivaba-200-ml/4048132010203",
     "hind": "1 59 /tk"
    },
    {
     "product": "Suhkruasendaja Hermesetas 300 tk.",
     "url": "https://www.prismamarket.ee/entry/17318/suhkruasendaja-hermesetas-300-tk-/7610211080604",
     "hind": "2 09 /tk"
    }
   ]
  },
  {
   "info": [
    {
     "product": "Kanapuljong tilli ja peterselliga 120 g",
     "url": "https://www.prismamarket.ee/entry/17319/kanapuljong-tilli-ja-peterselliga-120-g/8585002468925",
     "hind": "0 89 /tk"
    },
    {
     "product": "Kanapuljong 120 g",
     "url": "https://www.prismamarket.ee/entry/17319/kanapuljong-120-g/8585002413024",
     "hind": "0 89 /tk"
    },
    {
     "product": "Lihapuljongikuubikud Laktoosivaba 12 tk 120 g",
     "url": "https://www.prismamarket.ee/entry/17319/lihapuljongikuubikud-laktoosivaba-12-tk-120-g/6415712000936",
     "hind": "0 79 /tk"
    },
    {
     "product": "Köögiviljapuljongikuubikud 12 tk 120 g, laktoosivaba",
     "url": "https://www.prismamarket.ee/entry/17319/koogiviljapuljongikuubikud-12-tk-120-g--laktoosivaba/6415712000943",
     "hind": "0 75 /tk"
    },
    {
     "product": "GB Puravikupuljong 8 x 10 g",
     "url": "https://www.prismamarket.ee/entry/17319/gb-puravikupuljong-8-x-10-g/8410300236948",
     "hind": "0 69 /tk"
    },
    {
     "product": "Kanapuljongikuubikud 120 g, laktoosivaba",
     "url": "https://www.prismamarket.ee/entry/17319/kanapuljongikuubikud-120-g--laktoosivaba/6415712002367",
     "hind": "0 75 /tk"
    },
    {
     "product": "Aedviljapuljong 80 g, Bio",
     "url": "https://www.prismamarket.ee/entry/17319/aedviljapuljong-80-g--bio/8585002469939",
     "hind": "2 19 /tk"
    },
    {
     "product": "Kanapuljong 80 g, Bio",
     "url": "https://www.prismamarket.ee/entry/17319/kanapuljong-80-g--bio/8585002469915",
     "hind": "2 19 /tk"
    },
    {
     "product": "Natur Compagnie ürdisegu, 80 g",
     "url": "https://www.prismamarket.ee/entry/17319/natur-compagnie-urdisegu--80-g/4000345046226",
     "hind": "2 59 /tk"
    },
    {
     "product": "Natur Compagnie basiiliku ja tüümiani ürdisegu 8 kuubikut, 80g.",
     "url": "https://www.prismamarket.ee/entry/17319/natur-compagnie-basiiliku-ja-tuumiani-urdisegu-8-kuubikut--80g-/4000345051527",
     "hind": "2 59 /tk"
    },
    {
     "product": "Natur Compagnie peterselli ürdisegu 8 kuubikut, 80g.",
     "url": "https://www.prismamarket.ee/entry/17319/natur-compagnie-peterselli-urdisegu-8-kuubikut--80g-/4000345051534",
     "hind": "2 59 /tk"
    },
    {
     "product": "Orgaaniline köögiviljapuljong pärmita 132 g, gluteenivaba",
     "url": "https://www.prismamarket.ee/entry/17319/orgaaniline-koogiviljapuljong-parmita-132-g--gluteenivaba/4000345072553",
     "hind": "3 39 /tk"
    },
    {
     "product": "Aedviljapuljong 120 g",
     "url": "https://www.prismamarket.ee/entry/17319/aedviljapuljong-120-g/8585002468024",
     "hind": "0 92 /tk"
    },
    {
     "product": "Veiselihapuljong Kostilja 120 g",
     "url": "https://www.prismamarket.ee/entry/17319/veiselihapuljong-kostilja-120-g/8585002469649",
     "hind": "1 09 /tk"
    },
    {
     "product": "Kanapuljong 88 g, Bio",
     "url": "https://www.prismamarket.ee/entry/17319/kanapuljong-88-g--bio/4000345046127",
     "hind": "2 99 /tk"
    },
    {
     "product": "Natur Compagnie juurviljapuljongi kuubikud vähe soolased 88 g",
     "url": "https://www.prismamarket.ee/entry/17319/natur-compagnie-juurviljapuljongi-kuubikud-vahe-soolased-88-g/4048885051430",
     "hind": "2 39 /tk"
    },
    {
     "product": "Köögiviljapuljong 84 g, Bio",
     "url": "https://www.prismamarket.ee/entry/17319/koogiviljapuljong-84-g--bio/4000345046035",
     "hind": "2 19 /tk"
    },
    {
     "product": "Podravka Vegeta Kanaliha puljongikuubik 120 g",
     "url": "https://www.prismamarket.ee/entry/17319/podravka-vegeta-kanaliha-puljongikuubik-120-g/3850104267215",
     "hind": "0 99 /tk"
    },
    {
     "product": "Knorr Fond „du Chef” Chicken kanapuljongikontsentraadi portsj...",
     "url": "https://www.prismamarket.ee/entry/17319/knorr-fond--du-chef--chicken-kanapuljongikontsentraadi-portsjonid-4-x-28g/8712566121458",
     "hind": "1 49 /tk"
    },
    {
     "product": "GB Loomalihamaitseline puljongikuubik 8 x 10 g",
     "url": "https://www.prismamarket.ee/entry/17319/gb-loomalihamaitseline-puljongikuubik-8-x-10-g/8410300340232",
     "hind": "0 69 /tk"
    },
    {
     "product": "Podravka Vegeta veiselihapuljongikuubikud, 120g",
     "url": "https://www.prismamarket.ee/entry/17319/podravka-vegeta-veiselihapuljongikuubikud--120g/3850104267192",
     "hind": "0 99 /tk"
    },
    {
     "product": "GB Kanapuljong 15 x 10 g",
     "url": "https://www.prismamarket.ee/entry/17319/gb-kanapuljong-15-x-10-g/8410300356028",
     "hind": "1 19 /tk"
    }
   ]
  },
  {
   "info": [
    {
     "product": "Kange sinep, 65 g",
     "url": "https://www.prismamarket.ee/entry/17320/kange-sinep--65-g/4740029047018",
     "hind": "0 69 /tk"
    },
    {
     "product": "Kodune mädarõigas, 220 g",
     "url": "https://www.prismamarket.ee/entry/17320/kodune-madaroigas--220-g/4750022472236",
     "hind": "1 29 /tk"
    },
    {
     "product": "Inglise sinep, 200 g",
     "url": "https://www.prismamarket.ee/entry/17320/inglise-sinep--200-g/4750022475237",
     "hind": "1 09 /tk"
    },
    {
     "product": "Sinep, 140 g",
     "url": "https://www.prismamarket.ee/entry/17320/sinep--140-g/4604248003517",
     "hind": "0 65 /tk"
    },
    {
     "product": "Minu mädarõigas 170 g, delikatess",
     "url": "https://www.prismamarket.ee/entry/17320/minu-madaroigas-170-g--delikatess/4743144000975",
     "hind": "0 89 /tk"
    },
    {
     "product": "Mahedamaitseline sinep, 170 g",
     "url": "https://www.prismamarket.ee/entry/17320/mahedamaitseline-sinep--170-g/4740029047100",
     "hind": "1 59 /tk"
    },
    {
     "product": "Sinep Traditsiooniline 500 g",
     "url": "https://www.prismamarket.ee/entry/17320/sinep-traditsiooniline-500-g/6414202500901",
     "hind": "2 15 /tk"
    },
    {
     "product": "Sinep Dijon teraline 200 g",
     "url": "https://www.prismamarket.ee/entry/17320/sinep-dijon-teraline-200-g/3378240304156",
     "hind": "1 65 /tk"
    },
    {
     "product": "Auran terav sinep 125 g",
     "url": "https://www.prismamarket.ee/entry/17320/auran-terav-sinep-125-g/6409531700054",
     "hind": "1 09 /tk"
    },
    {
     "product": "Minu mädarõigas 200 g, ekstra kange",
     "url": "https://www.prismamarket.ee/entry/17320/minu-madaroigas-200-g--ekstra-kange/4743144002856",
     "hind": "0 99 /tk"
    },
    {
     "product": "Heinz magus sinep meega, 220 ml",
     "url": "https://www.prismamarket.ee/entry/17320/heinz-magus-sinep-meega--220-ml/50157334",
     "hind": "1 99 /tk"
    },
    {
     "product": "Mrs Bridges meesinep šampanjaga 200 g",
     "url": "https://www.prismamarket.ee/entry/17320/mrs-bridges-meesinep-sampanjaga-200-g/637793018167",
     "hind": "4 29 /tk"
    },
    {
     "product": "Meira sinep vähendatud suhkru- ja soolasisaldusega 250 g",
     "url": "https://www.prismamarket.ee/entry/17320/meira-sinep-vahendatud-suhkru--ja-soolasisaldusega-250-g/6420101884295",
     "hind": "1 69 /tk"
    },
    {
     "product": "Värske pesto, 150 g",
     "url": "https://www.prismamarket.ee/entry/17320/varske-pesto--150-g/4740670001537",
     "hind": "4 89 /tk"
    },
    {
     "product": "Mädarõigas, 180 g",
     "url": "https://www.prismamarket.ee/entry/17320/madaroigas--180-g/4740506100649",
     "hind": "0 65 /tk"
    },
    {
     "product": "Dijon sinep 185 g",
     "url": "https://www.prismamarket.ee/entry/17320/dijon-sinep-185-g/5051140474201",
     "hind": "1 49 /tk"
    },
    {
     "product": "Maadlex sinep 75 g, kange",
     "url": "https://www.prismamarket.ee/entry/17320/maadlex-sinep-75-g--kange/4740506000505",
     "hind": "0 59 /tk"
    },
    {
     "product": "Apelsini-kappari sinep, 130 g",
     "url": "https://www.prismamarket.ee/entry/17320/apelsini-kappari-sinep--130-g/4740670004262",
     "hind": "2 89 /tk"
    },
    {
     "product": "Sinep Dijon klassikaline 215 g",
     "url": "https://www.prismamarket.ee/entry/17320/sinep-dijon-klassikaline-215-g/3036810201280",
     "hind": "2 29 /tk"
    },
    {
     "product": "Sinep Dijon meemaitseline 230 g",
     "url": "https://www.prismamarket.ee/entry/17320/sinep-dijon-meemaitseline-230-g/3036810204069",
     "hind": "2 45 /tk"
    }
   ]
  },
  {
   "info": [
    {
     "product": "Jäme söögisool 1 kg",
     "url": "https://www.prismamarket.ee/entry/17321/jame-soogisool-1-kg/4740165000434",
     "hind": "0 45 /tk"
    },
    {
     "product": "Meresool 800 g",
     "url": "https://www.prismamarket.ee/entry/17321/meresool-800-g/6414203450175",
     "hind": "0 55 /tk"
    },
    {
     "product": "Jodeeritud peenike sool topsis 225 g",
     "url": "https://www.prismamarket.ee/entry/17321/jodeeritud-peenike-sool-topsis-225-g/4740045000127",
     "hind": "0 69 /tk"
    },
    {
     "product": "Kinkekomplekt Soolad ürtidega 320 g",
     "url": "https://www.prismamarket.ee/entry/17321/kinkekomplekt-soolad-urtidega-320-g/5200113802330",
     "hind": "9 99 /tk"
    },
    {
     "product": "Pansool 450 g",
     "url": "https://www.prismamarket.ee/entry/17321/pansool-450-g/6439600000105",
     "hind": "2 49 /tk"
    },
    {
     "product": "Himaalaja sool 280 g",
     "url": "https://www.prismamarket.ee/entry/17321/himaalaja-sool-280-g/5200113802040",
     "hind": "2 49 /tk"
    },
    {
     "product": "Meresool topsis 280 g",
     "url": "https://www.prismamarket.ee/entry/17321/meresool-topsis-280-g/5200113802033",
     "hind": "1 89 /tk"
    },
    {
     "product": "Meresool pöögisuitsuga 150 g",
     "url": "https://www.prismamarket.ee/entry/17321/meresool-poogisuitsuga-150-g/5200113802019",
     "hind": "4 19 /tk"
    },
    {
     "product": "Meresool suitsutatud paprikaga 150 g",
     "url": "https://www.prismamarket.ee/entry/17321/meresool-suitsutatud-paprikaga-150-g/5200113802217",
     "hind": "3 59 /tk"
    },
    {
     "product": "Himaalaja kristallsool 500 g",
     "url": "https://www.prismamarket.ee/entry/17321/himaalaja-kristallsool-500-g/9004307055832",
     "hind": "3 95 /tk"
    },
    {
     "product": "Himaalaja kristallsool 500 g",
     "url": "https://www.prismamarket.ee/entry/17321/himaalaja-kristallsool-500-g/4742824019764",
     "hind": "2 39 /tk"
    },
    {
     "product": "Jodeeritud vahemeresool veskiga 90 g",
     "url": "https://www.prismamarket.ee/entry/17321/jodeeritud-vahemeresool-veskiga-90-g/80273639",
     "hind": "2 19 /tk"
    },
    {
     "product": "Sool 92 g",
     "url": "https://www.prismamarket.ee/entry/17321/sool-92-g/7311311014772",
     "hind": "1 29 /tk"
    },
    {
     "product": "Himaalaja sool 1 kg",
     "url": "https://www.prismamarket.ee/entry/17321/himaalaja-sool-1-kg/4744168010018",
     "hind": "1 79 /tk"
    },
    {
     "product": "Himaalaja must lauasool 500 g",
     "url": "https://www.prismamarket.ee/entry/17321/himaalaja-must-lauasool-500-g/4742656005065",
     "hind": "2 79 /tk"
    },
    {
     "product": "Himaalaja must jäme sool 500 g",
     "url": "https://www.prismamarket.ee/entry/17321/himaalaja-must-jame-sool-500-g/4742656005072",
     "hind": "2 79 /tk"
    },
    {
     "product": "Roosa Himaalaja sool veskis 90 g",
     "url": "https://www.prismamarket.ee/entry/17321/roosa-himaalaja-sool-veskis-90-g/8004708005710",
     "hind": "2 29 /tk"
    },
    {
     "product": "Suitsutatud meresoolahelbed 125 g",
     "url": "https://www.prismamarket.ee/entry/17321/suitsutatud-meresoolahelbed-125-g/5011428300028",
     "hind": "3 59 /tk"
    },
    {
     "product": "Villa Reale Supreme, pipra ja tsitrusega maitsestatud sool, 3...",
     "url": "https://www.prismamarket.ee/entry/17321/villa-reale-supreme--pipra-ja-tsitrusega-maitsestatud-sool--340-g/8003297200315",
     "hind": "5 95 /tk"
    },
    {
     "product": "Villa Reale Supreme mündi ja sidruniga maitsestatud sool, 340 g",
     "url": "https://www.prismamarket.ee/entry/17321/villa-reale-supreme-mundi-ja-sidruniga-maitsestatud-sool--340-g/8003297200339",
     "hind": "5 95 /tk"
    },
    {
     "product": "Meira peen meresool 800 g",
     "url": "https://www.prismamarket.ee/entry/17321/meira-peen-meresool-800-g/6420101884714",
     "hind": "0 89 /tk"
    },
    {
     "product": "Meresool oregano ja seesamiga 150 g",
     "url": "https://www.prismamarket.ee/entry/17321/meresool-oregano-ja-seesamiga-150-g/5200113802057",
     "hind": "4 19 /tk"
    },
    {
     "product": "Himaalaja soola kristallid kotis 1 kg",
     "url": "https://www.prismamarket.ee/entry/17321/himaalaja-soola-kristallid-kotis-1-kg/5200113802095",
     "hind": "2 29 /tk"
    },
    {
     "product": "Himaalaja jämesool, 500 g",
     "url": "https://www.prismamarket.ee/entry/17321/himaalaja-jamesool--500-g/4742656005058",
     "hind": "1 99 /tk"
    },
    {
     "product": "Himaalaja lauasool, 500 g",
     "url": "https://www.prismamarket.ee/entry/17321/himaalaja-lauasool--500-g/4742656005034",
     "hind": "1 69 /tk"
    },
    {
     "product": "Kivisool 455 g veskis",
     "url": "https://www.prismamarket.ee/entry/17321/kivisool-455-g-veskis/7311310041427",
     "hind": "4 69 /tk"
    },
    {
     "product": "Must Küprose sool taimse aktiivsöega veskis 50 g",
     "url": "https://www.prismamarket.ee/entry/17321/must-kuprose-sool-taimse-aktiivsoega-veskis-50-g/8004708012930",
     "hind": "2 19 /tk"
    }
   ]
  },
  {
   "info": [
    {
     "product": "Sidrunimahl 200 ml",
     "url": "https://www.prismamarket.ee/entry/17322/sidrunimahl-200-ml/7340011404507",
     "hind": "0 69 /tk"
    },
    {
     "product": "Äädikas 30% 1L",
     "url": "https://www.prismamarket.ee/entry/17322/aadikas-30--1l/4743144002221",
     "hind": "1 59 /tk"
    },
    {
     "product": "Gourmante palsamikreem maasika 250 ml",
     "url": "https://www.prismamarket.ee/entry/17322/gourmante-palsamikreem-maasika-250-ml/5200110730483",
     "hind": "3 69 /tk"
    },
    {
     "product": "Äädikas 30% 0,33L",
     "url": "https://www.prismamarket.ee/entry/17322/aadikas-30--0-33l/4743144002207",
     "hind": "0 65 /tk"
    },
    {
     "product": "Valge palsamiäädikakaste 0,25 l",
     "url": "https://www.prismamarket.ee/entry/17322/valge-palsamiaadikakaste-0-25-l/6416710510069",
     "hind": "2 95 /tk"
    },
    {
     "product": "Ökoloogiline õunaäädikas 250 ml",
     "url": "https://www.prismamarket.ee/entry/17322/okoloogiline-ounaaadikas-250-ml/8410179015750",
     "hind": "2 39 /tk"
    },
    {
     "product": "Herkku Glaze viigimarjaga maitsestatud Modena palsamiäädikas,...",
     "url": "https://www.prismamarket.ee/entry/17322/herkku-glaze-viigimarjaga-maitsestatud-modena-palsamiaadikas--150-ml/8006614560703",
     "hind": "4 09 /tk"
    },
    {
     "product": "HERKKU maasikaga maitsestatud Modena palsamiäädikas, 150 ml",
     "url": "https://www.prismamarket.ee/entry/17322/herkku-maasikaga-maitsestatud-modena-palsamiaadikas--150-ml/8006614560710",
     "hind": "4 09 /tk"
    },
    {
     "product": "HERKKU Glaze sidruniga maitsestatud Modena palsamiäädikas, 15...",
     "url": "https://www.prismamarket.ee/entry/17322/herkku-glaze-sidruniga-maitsestatud-modena-palsamiaadikas--150-ml/8006614560727",
     "hind": "4 09 /tk"
    },
    {
     "product": "Äädikhape 30% 500 ml",
     "url": "https://www.prismamarket.ee/entry/17322/aadikhape-30--500-ml/4742007000046",
     "hind": "0 65 /tk"
    },
    {
     "product": "Filippo Berio palsamiäädika glasuur musta trühvliga, 250ml",
     "url": "https://www.prismamarket.ee/entry/17322/filippo-berio-palsamiaadika-glasuur-musta-truhvliga--250ml/8002210128392",
     "hind": "3 99 /tk"
    },
    {
     "product": "Süldiäädikas 4% 300 ml",
     "url": "https://www.prismamarket.ee/entry/17322/suldiaadikas-4--300-ml/4742007003061",
     "hind": "0 49 /tk"
    },
    {
     "product": "Limonchef laimimahl, 100ml",
     "url": "https://www.prismamarket.ee/entry/17322/limonchef-laimimahl--100ml/8016438001061",
     "hind": "0 59 /tk"
    },
    {
     "product": "Limochef sidrunimahl, 100 ml",
     "url": "https://www.prismamarket.ee/entry/17322/limochef-sidrunimahl--100-ml/8016438001030",
     "hind": "0 39 /tk"
    },
    {
     "product": "Filippo Berio palsamiäädika glasuur vaarikaga, 250ml",
     "url": "https://www.prismamarket.ee/entry/17322/filippo-berio--palsamiaadika--glasuur-vaarikaga--250ml/8002210128354",
     "hind": "3 99 /tk"
    },
    {
     "product": "Palsamiäädikas 250 ml",
     "url": "https://www.prismamarket.ee/entry/17322/palsamiaadikas-250-ml/8410179306148",
     "hind": "2 19 /tk"
    },
    {
     "product": "Õunaäädikas 700 ml",
     "url": "https://www.prismamarket.ee/entry/17322/ounaaadikas-700-ml/3800111802008",
     "hind": "1 29 /tk"
    },
    {
     "product": "Veiniäädikas 700 ml",
     "url": "https://www.prismamarket.ee/entry/17322/veiniaadikas-700-ml/3800111802015",
     "hind": "1 29 /tk"
    }
   ]
  },
  {
   "info": [
    {
     "product": "Kaneel jahvatatud 22 g",
     "url": "https://www.prismamarket.ee/entry/17323/kaneel-jahvatatud-22-g/6418474118130",
     "hind": "0 59 /tk"
    },
    {
     "product": "Kaneel 27 g",
     "url": "https://www.prismamarket.ee/entry/17323/kaneel-27-g/6414200136355",
     "hind": "0 59 /tk"
    },
    {
     "product": "Kaneel 70 g",
     "url": "https://www.prismamarket.ee/entry/17323/kaneel-70-g/7340011425885",
     "hind": "0 70 /tk"
    },
    {
     "product": "Kardemon jahvatatud 8 g",
     "url": "https://www.prismamarket.ee/entry/17323/kardemon-jahvatatud-8-g/6414201001812",
     "hind": "0 55 /tk"
    },
    {
     "product": "Sidrunihape 30 g",
     "url": "https://www.prismamarket.ee/entry/17323/sidrunihape-30-g/4740018143479",
     "hind": "0 79 /tk"
    },
    {
     "product": "Kaneel jahvatatud17 g, Organic",
     "url": "https://www.prismamarket.ee/entry/17323/kaneel-jahvatatud17-g--organic/7311310021146",
     "hind": "0 79 /tk"
    },
    {
     "product": "Vanillikaun 3 g",
     "url": "https://www.prismamarket.ee/entry/17323/vanillikaun-3-g/7311311014758",
     "hind": "7 59 /tk"
    },
    {
     "product": "Kaneel jahvatatud 210 g",
     "url": "https://www.prismamarket.ee/entry/17323/kaneel-jahvatatud-210-g/7311311014109",
     "hind": "3 69 /tk"
    },
    {
     "product": "King of Spices Sidrunhape 500 g",
     "url": "https://www.prismamarket.ee/entry/17323/king-of-spices-sidrunhape-500-g/4743144006519",
     "hind": "1 89 /tk"
    },
    {
     "product": "Meira jahvatatud tseiloni mahekaneel 22 g",
     "url": "https://www.prismamarket.ee/entry/17323/meira-jahvatatud-tseiloni-mahekaneel-22-g/6420101884578",
     "hind": "1 99 /tk"
    },
    {
     "product": "Kaneel jahvatatud 85 g",
     "url": "https://www.prismamarket.ee/entry/17323/kaneel-jahvatatud-85-g/6414200135358",
     "hind": "1 49 /tk"
    },
    {
     "product": "Sidrunhape 25 g",
     "url": "https://www.prismamarket.ee/entry/17323/sidrunhape-25-g/4750334000066",
     "hind": "0 19 /tk"
    },
    {
     "product": "Vanillikaun 1 tk.",
     "url": "https://www.prismamarket.ee/entry/17323/vanillikaun-1-tk-/7340011473497",
     "hind": "3 99 /tk"
    },
    {
     "product": "Kardemon jahvatatud 35 g",
     "url": "https://www.prismamarket.ee/entry/17323/kardemon-jahvatatud-35-g/7311311014222",
     "hind": "3 49 /tk"
    },
    {
     "product": "Kaneel jahvatatud 40 G",
     "url": "https://www.prismamarket.ee/entry/17323/kaneel-jahvatatud-40-g/7311311014628",
     "hind": "1 29 /tk"
    },
    {
     "product": "Purustatud kardemon 60 g",
     "url": "https://www.prismamarket.ee/entry/17323/purustatud-kardemon-60-g/7340011425816",
     "hind": "3 69 /tk"
    }
   ]
  },
  {
   "info": [
    {
     "product": "Must pipar purustatud 18 g",
     "url": "https://www.prismamarket.ee/entry/17324/must-pipar-purustatud-18-g/4740018170666",
     "hind": "0 99 /tk"
    },
    {
     "product": "Must pipar jahvatatud 16 g",
     "url": "https://www.prismamarket.ee/entry/17324/must-pipar-jahvatatud-16-g/4740018170659",
     "hind": "0 99 /tk"
    },
    {
     "product": "Must pipar purustatud 80 g",
     "url": "https://www.prismamarket.ee/entry/17324/must-pipar-purustatud-80-g/7340011425694",
     "hind": "2 39 /tk"
    },
    {
     "product": "Must terapipar 100 g",
     "url": "https://www.prismamarket.ee/entry/17324/must-terapipar-100-g/7340011425731",
     "hind": "2 19 /tk"
    },
    {
     "product": "Cayenne pipar 22 g",
     "url": "https://www.prismamarket.ee/entry/17324/cayenne-pipar-22-g/6414201000532",
     "hind": "0 79 /tk"
    },
    {
     "product": "Rosepipar 15 g",
     "url": "https://www.prismamarket.ee/entry/17324/rosepipar-15-g/6414201003984",
     "hind": "1 19 /tk"
    },
    {
     "product": "Must terapipar 17 g, Organic",
     "url": "https://www.prismamarket.ee/entry/17324/must-terapipar-17-g--organic/7311310021498",
     "hind": "0 99 /tk"
    },
    {
     "product": "Meira purustatud must mahepipar 35 g, FairTrade",
     "url": "https://www.prismamarket.ee/entry/17324/meira-purustatud-must-mahepipar-35-g--fairtrade/6420101884332",
     "hind": "2 69 /tk"
    },
    {
     "product": "Must pipar purustatud 36 g",
     "url": "https://www.prismamarket.ee/entry/17324/must-pipar-purustatud-36-g/7311311015779",
     "hind": "2 19 /tk"
    },
    {
     "product": "Tšillipulber 41 g",
     "url": "https://www.prismamarket.ee/entry/17324/tsillipulber-41-g/7311311014178",
     "hind": "1 79 /tk"
    },
    {
     "product": "Viie pipra segu 35 g",
     "url": "https://www.prismamarket.ee/entry/17324/viie-pipra-segu-35-g/7311311015786",
     "hind": "2 29 /tk"
    },
    {
     "product": "Tšillipipar Red Hot, helbed 28 g",
     "url": "https://www.prismamarket.ee/entry/17324/tsillipipar-red-hot--helbed-28-g/7311311015564",
     "hind": "1 29 /tk"
    },
    {
     "product": "Cayenne'i pipar 30 g",
     "url": "https://www.prismamarket.ee/entry/17324/cayenne-i-pipar-30-g/7311311014796",
     "hind": "1 39 /tk"
    },
    {
     "product": "Must pipar purustatud 200 g",
     "url": "https://www.prismamarket.ee/entry/17324/must-pipar-purustatud-200-g/7311311014116",
     "hind": "5 99 /tk"
    },
    {
     "product": "Rosee pipar 21 g",
     "url": "https://www.prismamarket.ee/entry/17324/rosee-pipar-21-g/7311311015793",
     "hind": "2 99 /tk"
    },
    {
     "product": "Tšillimaitseaine 120 g",
     "url": "https://www.prismamarket.ee/entry/17324/tsillimaitseaine-120-g/7340011449195",
     "hind": "3 29 /tk"
    },
    {
     "product": "Tšillipipar 34 g",
     "url": "https://www.prismamarket.ee/entry/17324/tsillipipar-34-g/7311311015540",
     "hind": "1 79 /tk"
    },
    {
     "product": "Must pipar veskis 45 g",
     "url": "https://www.prismamarket.ee/entry/17324/must-pipar-veskis-45-g/80273561",
     "hind": "2 19 /tk"
    },
    {
     "product": "Nelja pipra segu 16 g",
     "url": "https://www.prismamarket.ee/entry/17324/nelja-pipra-segu-16-g/9001414115114",
     "hind": "1 19 /tk"
    },
    {
     "product": "Santa Maria Tähtaniis, 15g",
     "url": "https://www.prismamarket.ee/entry/17324/santa-maria-tahtaniis--15g/7311311004926",
     "hind": "1 69 /tk"
    },
    {
     "product": "Santa Maria must pipar 22 g",
     "url": "https://www.prismamarket.ee/entry/17324/santa-maria-must-pipar-22-g/7311311004445",
     "hind": "0 75 /tk"
    },
    {
     "product": "King of Spices Jahvatatud must pipar 500 g",
     "url": "https://www.prismamarket.ee/entry/17324/king-of-spices-jahvatatud-must-pipar-500-g/4743144006359",
     "hind": "5 99 /tk"
    },
    {
     "product": "Must terapipar 60 g",
     "url": "https://www.prismamarket.ee/entry/17324/must-terapipar-60-g/6414201002925",
     "hind": "1 69 /tk"
    },
    {
     "product": "Vürtspipar jahvatamata 50 g",
     "url": "https://www.prismamarket.ee/entry/17324/vurtspipar-jahvatamata-50-g/6414201002529",
     "hind": "1 59 /tk"
    },
    {
     "product": "Must pipar jahvatatud 45 g",
     "url": "https://www.prismamarket.ee/entry/17324/must-pipar-jahvatatud-45-g/7311311005572",
     "hind": "2 29 /tk"
    },
    {
     "product": "Must terapipar veskis 120 g",
     "url": "https://www.prismamarket.ee/entry/17324/must-terapipar-veskis-120-g/7340011449218",
     "hind": "2 99 /tk"
    },
    {
     "product": "Must pipar jahvatatud 200 g",
     "url": "https://www.prismamarket.ee/entry/17324/must-pipar-jahvatatud-200-g/7311311015847",
     "hind": "5 99 /tk"
    },
    {
     "product": "Must terapipar 210 g",
     "url": "https://www.prismamarket.ee/entry/17324/must-terapipar-210-g/7311311015809",
     "hind": "7 39 /tk"
    },
    {
     "product": "Sidrunipipar 300 g",
     "url": "https://www.prismamarket.ee/entry/17324/sidrunipipar-300-g/7311311015854",
     "hind": "5 99 /tk"
    },
    {
     "product": "Must pipar jahvatatud 36 g",
     "url": "https://www.prismamarket.ee/entry/17324/must-pipar-jahvatatud-36-g/7311311015762",
     "hind": "2 19 /tk"
    },
    {
     "product": "Sidrunipipar 55 g",
     "url": "https://www.prismamarket.ee/entry/17324/sidrunipipar-55-g/7311311014239",
     "hind": "1 89 /tk"
    },
    {
     "product": "Piprasegu 230 g",
     "url": "https://www.prismamarket.ee/entry/17324/piprasegu-230-g/7311311015816",
     "hind": "6 49 /tk"
    },
    {
     "product": "Cülcan purustatud chili, 180 g",
     "url": "https://www.prismamarket.ee/entry/17324/culcan-purustatud-chili--180-g/8717552025420",
     "hind": "4 99 /tk"
    },
    {
     "product": "Roheline terapipar 6 g",
     "url": "https://www.prismamarket.ee/entry/17324/roheline-terapipar-6-g/4740018175654",
     "hind": "0 79 /tk"
    },
    {
     "product": "Must pipar jahvatatud 25 g",
     "url": "https://www.prismamarket.ee/entry/17324/must-pipar-jahvatatud-25-g/6414201002895",
     "hind": "0 89 /tk"
    },
    {
     "product": "Sidrunipipar 17 g, Organic",
     "url": "https://www.prismamarket.ee/entry/17324/sidrunipipar-17-g--organic/7311310021290",
     "hind": "0 69 /tk"
    },
    {
     "product": "Jahvatatud must pipar17 g, Organic",
     "url": "https://www.prismamarket.ee/entry/17324/jahvatatud-must-pipar17-g--organic/7311310021504",
     "hind": "0 99 /tk"
    },
    {
     "product": "Valge pipar jahvatatud 31 g",
     "url": "https://www.prismamarket.ee/entry/17324/valge-pipar-jahvatatud-31-g/6414200137017",
     "hind": "1 19 /tk"
    },
    {
     "product": "Viie pipra segu 190 g",
     "url": "https://www.prismamarket.ee/entry/17324/viie-pipra-segu-190-g/4740018172509",
     "hind": "7 99 /tk"
    },
    {
     "product": "Tera vürtspipar 20 g",
     "url": "https://www.prismamarket.ee/entry/17324/tera-vurtspipar-20-g/6414201002307",
     "hind": "0 89 /tk"
    },
    {
     "product": "Vürtspipar jahvatatud 25 g",
     "url": "https://www.prismamarket.ee/entry/17324/vurtspipar-jahvatatud-25-g/6414201002208",
     "hind": "1 19 /tk"
    },
    {
     "product": "Roheline terapipar 7 g",
     "url": "https://www.prismamarket.ee/entry/17324/roheline-terapipar-7-g/6414201005186",
     "hind": "1 19 /tk"
    },
    {
     "product": "Valge terapipar 34 g",
     "url": "https://www.prismamarket.ee/entry/17324/valge-terapipar-34-g/6414200127001",
     "hind": "1 25 /tk"
    },
    {
     "product": "Aniis 25 g",
     "url": "https://www.prismamarket.ee/entry/17324/aniis-25-g/6414200125007",
     "hind": "0 89 /tk"
    },
    {
     "product": "Tera vürtspipar 55 g",
     "url": "https://www.prismamarket.ee/entry/17324/tera-vurtspipar-55-g/7340011425724",
     "hind": "1 09 /tk"
    },
    {
     "product": "Tellicherry pipar 210 g veskis",
     "url": "https://www.prismamarket.ee/entry/17324/tellicherry-pipar-210-g-veskis/7311310041403",
     "hind": "11 99 /tk"
    }
   ]
  },
  {
   "info": [
    {
     "product": "Vahemere ürdisegu 12 g",
     "url": "https://www.prismamarket.ee/entry/17325/vahemere-urdisegu-12-g/4740018170017",
     "hind": "0 79 /tk"
    },
    {
     "product": "Till 7 g",
     "url": "https://www.prismamarket.ee/entry/17325/till-7-g/6418474118123",
     "hind": "0 67 /tk"
    },
    {
     "product": "Basiilik 7 g",
     "url": "https://www.prismamarket.ee/entry/17325/basiilik-7-g/6414201000402",
     "hind": "0 69 /tk"
    },
    {
     "product": "Tüümian 10 g",
     "url": "https://www.prismamarket.ee/entry/17325/tuumian-10-g/4740018172028",
     "hind": "0 67 /tk"
    },
    {
     "product": "Oregano 5 g",
     "url": "https://www.prismamarket.ee/entry/17325/oregano-5-g/6414200126202",
     "hind": "0 39 /tk"
    },
    {
     "product": "Pune 4 g, Organic",
     "url": "https://www.prismamarket.ee/entry/17325/pune-4-g--organic/7311310021191",
     "hind": "0 79 /tk"
    },
    {
     "product": "Till 35 g",
     "url": "https://www.prismamarket.ee/entry/17325/till-35-g/7340011425809",
     "hind": "0 85 /tk"
    },
    {
     "product": "Koriander 24 g",
     "url": "https://www.prismamarket.ee/entry/17325/koriander-24-g/6414201002079",
     "hind": "0 89 /tk"
    },
    {
     "product": "Rosmariin 15 g",
     "url": "https://www.prismamarket.ee/entry/17325/rosmariin-15-g/4740018172011",
     "hind": "0 79 /tk"
    },
    {
     "product": "Basiilik 25 g",
     "url": "https://www.prismamarket.ee/entry/17325/basiilik-25-g/7340011425830",
     "hind": "0 69 /tk"
    },
    {
     "product": "Basiilik 6 g",
     "url": "https://www.prismamarket.ee/entry/17325/basiilik-6-g/7311311005435",
     "hind": "0 75 /tk"
    },
    {
     "product": "Ürdiaia segu 29 g",
     "url": "https://www.prismamarket.ee/entry/17325/urdiaia-segu-29-g/7311311017216",
     "hind": "1 29 /tk"
    },
    {
     "product": "Peenestatud basiilik 9 g",
     "url": "https://www.prismamarket.ee/entry/17325/peenestatud-basiilik-9-g/9001414018002",
     "hind": "0 79 /tk"
    },
    {
     "product": "Peenestatud till 11 g",
     "url": "https://www.prismamarket.ee/entry/17325/peenestatud-till-11-g/9001414015100",
     "hind": "0 79 /tk"
    },
    {
     "product": "Peenestatud tüümian 14 g",
     "url": "https://www.prismamarket.ee/entry/17325/peenestatud-tuumian-14-g/9001414900239",
     "hind": "0 79 /tk"
    },
    {
     "product": "Kadakamari 21 g",
     "url": "https://www.prismamarket.ee/entry/17325/kadakamari-21-g/7311311014727",
     "hind": "1 49 /tk"
    },
    {
     "product": "Basiilik 12 g",
     "url": "https://www.prismamarket.ee/entry/17325/basiilik-12-g/7311311014215",
     "hind": "1 29 /tk"
    },
    {
     "product": "Pitsamaitseaine 9 g",
     "url": "https://www.prismamarket.ee/entry/17325/pitsamaitseaine-9-g/7311311014956",
     "hind": "1 29 /tk"
    },
    {
     "product": "Pune 5 g",
     "url": "https://www.prismamarket.ee/entry/17325/pune-5-g/7311311014963",
     "hind": "1 29 /tk"
    },
    {
     "product": "Itaalia ürdisegu 17 g",
     "url": "https://www.prismamarket.ee/entry/17325/itaalia-urdisegu-17-g/9001414518038",
     "hind": "0 89 /tk"
    },
    {
     "product": "Petersell 9 g",
     "url": "https://www.prismamarket.ee/entry/17325/petersell-9-g/6414201003601",
     "hind": "0 89 /tk"
    },
    {
     "product": "Ürdisegu küüslauguga 28 g",
     "url": "https://www.prismamarket.ee/entry/17325/urdisegu-kuuslauguga-28-g/4740018175623",
     "hind": "0 89 /tk"
    },
    {
     "product": "Oregano 30 g",
     "url": "https://www.prismamarket.ee/entry/17325/oregano-30-g/7340011425823",
     "hind": "0 99 /tk"
    },
    {
     "product": "Rosmariin 15 g",
     "url": "https://www.prismamarket.ee/entry/17325/rosmariin-15-g/6414201003991",
     "hind": "0 59 /tk"
    },
    {
     "product": "Rosmariin 10 g, Organic",
     "url": "https://www.prismamarket.ee/entry/17325/rosmariin-10-g--organic/7311310021207",
     "hind": "0 79 /tk"
    },
    {
     "product": "Apteegitill 25 g",
     "url": "https://www.prismamarket.ee/entry/17325/apteegitill-25-g/6414200125205",
     "hind": "0 99 /tk"
    },
    {
     "product": "Majoraan 5 g",
     "url": "https://www.prismamarket.ee/entry/17325/majoraan-5-g/6414201002604",
     "hind": "0 56 /tk"
    },
    {
     "product": "Tsillisädemed 275 g veskis",
     "url": "https://www.prismamarket.ee/entry/17325/tsillisademed-275-g-veskis/7311310041434",
     "hind": "6 99 /tk"
    },
    {
     "product": "Estragon 9 g",
     "url": "https://www.prismamarket.ee/entry/17325/estragon-9-g/6414201003953",
     "hind": "1 09 /tk"
    }
   ]
  },
  {
   "info": [
    {
     "product": "Üldmaitseaine 75 g",
     "url": "https://www.prismamarket.ee/entry/17326/uldmaitseaine-75-g/3850104008054",
     "hind": "0 59 /tk"
    },
    {
     "product": "Kastmepulber pastale Spaghetti Bolognese Idea 47 g",
     "url": "https://www.prismamarket.ee/entry/17326/kastmepulber-pastale-spaghetti-bolognese-idea-47-g/7613032293765",
     "hind": "0 89 /tk"
    },
    {
     "product": "Kanale 4juustu kastmes Idea 32 g",
     "url": "https://www.prismamarket.ee/entry/17326/kanale-4juustu-kastmes-idea-32-g/8585002469663",
     "hind": "0 89 /tk"
    },
    {
     "product": "Kastmepulber kanalihale koore-ürdikastmes Idea 30 g",
     "url": "https://www.prismamarket.ee/entry/17326/kastmepulber-kanalihale-koore-urdikastmes-idea-30-g/7613032293611",
     "hind": "0 89 /tk"
    },
    {
     "product": "Kalamaitseaine tilliga 25 g",
     "url": "https://www.prismamarket.ee/entry/17326/kalamaitseaine-tilliga-25-g/4740018155878",
     "hind": "0 67 /tk"
    },
    {
     "product": "Universaalne maitseaine 75 g",
     "url": "https://www.prismamarket.ee/entry/17326/universaalne-maitseaine-75-g/8585002469144",
     "hind": "0 69 /tk"
    },
    {
     "product": "Kartuli hakklihavormile Idea 42 g",
     "url": "https://www.prismamarket.ee/entry/17326/kartuli-hakklihavormile-idea-42-g/7613032601584",
     "hind": "0 89 /tk"
    },
    {
     "product": "Maitseainesegu Podravka Natur 150 g",
     "url": "https://www.prismamarket.ee/entry/17326/maitseainesegu-podravka-natur-150-g/3850104248832",
     "hind": "1 59 /tk"
    },
    {
     "product": "BBQ Kuivmarinaadisegu ürtidega 22 g",
     "url": "https://www.prismamarket.ee/entry/17326/bbq-kuivmarinaadisegu-urtidega-22-g/7311310028626",
     "hind": "0 99 /tk"
    },
    {
     "product": "Podravka Vegeta Natur maitseaine sealihale 20 g",
     "url": "https://www.prismamarket.ee/entry/17326/podravka-vegeta-natur-maitseaine-sealihale-20-g/3850104265686",
     "hind": "0 49 /tk"
    },
    {
     "product": "Kartulimaitseaine 350 g",
     "url": "https://www.prismamarket.ee/entry/17326/kartulimaitseaine-350-g/7311311017261",
     "hind": "3 29 /tk"
    },
    {
     "product": "Hakklihamaitseaine 280 g",
     "url": "https://www.prismamarket.ee/entry/17326/hakklihamaitseaine-280-g/7311311017254",
     "hind": "3 29 /tk"
    },
    {
     "product": "MAITSEAINESEGU KUCHAREK 200 G",
     "url": "https://www.prismamarket.ee/entry/17326/maitseainesegu-kucharek-200-g/5901135000949",
     "hind": "0 89 /tk"
    },
    {
     "product": "Knorr Aromat maitsesool 90 g",
     "url": "https://www.prismamarket.ee/entry/17326/knorr-aromat-maitsesool-90-g/8712566319206",
     "hind": "1 59 /tk"
    },
    {
     "product": "Podravka Vegeta Natur maitseaine mozzarellale 20 g",
     "url": "https://www.prismamarket.ee/entry/17326/podravka-vegeta-natur-maitseaine-mozzarellale-20-g/3856020221249",
     "hind": "0 49 /tk"
    },
    {
     "product": "Podravka Vegeta Natur maitseaine krõbedale kartulile 20 g",
     "url": "https://www.prismamarket.ee/entry/17326/podravka-vegeta-natur-maitseaine-krobedale-kartulile-20-g/3850104284755",
     "hind": "0 49 /tk"
    },
    {
     "product": "Podravka Vegeta Natur maitseaine kalale 20 g",
     "url": "https://www.prismamarket.ee/entry/17326/podravka-vegeta-natur-maitseaine-kalale-20-g/3850104265723",
     "hind": "0 49 /tk"
    },
    {
     "product": "Podravka Vegeta Natur maitseaine salatitele 20 g",
     "url": "https://www.prismamarket.ee/entry/17326/podravka-vegeta-natur-maitseaine-salatitele-20-g/3856020221188",
     "hind": "0 49 /tk"
    },
    {
     "product": "Podravka Vegeta Natur maitseaine kartulile 20 g",
     "url": "https://www.prismamarket.ee/entry/17326/podravka-vegeta-natur-maitseaine-kartulile-20-g/3850104265730",
     "hind": "0 49 /tk"
    },
    {
     "product": "Podravka Vegeta Natur maitseaine kanale 20 g",
     "url": "https://www.prismamarket.ee/entry/17326/podravka-vegeta-natur-maitseaine-kanale-20-g/3850104083228",
     "hind": "0 49 /tk"
    },
    {
     "product": "Pihvimaitseaine 30 g",
     "url": "https://www.prismamarket.ee/entry/17326/pihvimaitseaine-30-g/4740018100700",
     "hind": "0 89 /tk"
    },
    {
     "product": "Sinepipulber 400 g",
     "url": "https://www.prismamarket.ee/entry/17326/sinepipulber-400-g/4740506100496",
     "hind": "1 59 /tk"
    },
    {
     "product": "Friikartulite maitsesool 120 g",
     "url": "https://www.prismamarket.ee/entry/17326/friikartulite-maitsesool-120-g/6414201004059",
     "hind": "2 09 /tk"
    },
    {
     "product": "Podravka Vegeta 200 g",
     "url": "https://www.prismamarket.ee/entry/17326/podravka-vegeta-200-g/3850104236143",
     "hind": "1 49 /tk"
    },
    {
     "product": "Taimne maitseaine ahjujuurviljadele 25 g",
     "url": "https://www.prismamarket.ee/entry/17326/taimne-maitseaine-ahjujuurviljadele-25-g/6420101882826",
     "hind": "0 89 /tk"
    },
    {
     "product": "Taimne maitseaine vokitud roogadele 25 g",
     "url": "https://www.prismamarket.ee/entry/17326/taimne-maitseaine-vokitud-roogadele-25-g/6420101882857",
     "hind": "0 89 /tk"
    },
    {
     "product": "Jahimehesegu 220 g",
     "url": "https://www.prismamarket.ee/entry/17326/jahimehesegu-220-g/7311311016936",
     "hind": "4 59 /tk"
    },
    {
     "product": "Lihamaitseaine ürdi-küüslaugu 230 g",
     "url": "https://www.prismamarket.ee/entry/17326/lihamaitseaine-urdi-kuuslaugu-230-g/7311311014130",
     "hind": "6 49 /tk"
    },
    {
     "product": "Broilerimaitseaine 275 g",
     "url": "https://www.prismamarket.ee/entry/17326/broilerimaitseaine-275-g/7311311017247",
     "hind": "3 29 /tk"
    },
    {
     "product": "Broilerimaitseaine 43 g",
     "url": "https://www.prismamarket.ee/entry/17326/broilerimaitseaine-43-g/7311311016592",
     "hind": "1 29 /tk"
    },
    {
     "product": "Aroomisool 390 g",
     "url": "https://www.prismamarket.ee/entry/17326/aroomisool-390-g/7311311016912",
     "hind": "3 99 /tk"
    },
    {
     "product": "Kartulimaitseaine 35 g",
     "url": "https://www.prismamarket.ee/entry/17326/kartulimaitseaine-35-g/9001414045435",
     "hind": "1 69 /tk"
    },
    {
     "product": "Kanamaitseaine 76 g",
     "url": "https://www.prismamarket.ee/entry/17326/kanamaitseaine-76-g/9001414045442",
     "hind": "1 69 /tk"
    },
    {
     "product": "Kalamaitseaine 50 g",
     "url": "https://www.prismamarket.ee/entry/17326/kalamaitseaine-50-g/9001414045404",
     "hind": "1 69 /tk"
    },
    {
     "product": "Lihamaitseaine 76g",
     "url": "https://www.prismamarket.ee/entry/17326/lihamaitseaine-76g/9001414045329",
     "hind": "1 69 /tk"
    },
    {
     "product": "BBQ Kuivmarinaadisegu universaalne 22 g",
     "url": "https://www.prismamarket.ee/entry/17326/bbq-kuivmarinaadisegu-universaalne-22-g/7311310028602",
     "hind": "0 99 /tk"
    },
    {
     "product": "Suitsune grillmaitseaine 85 g veskis",
     "url": "https://www.prismamarket.ee/entry/17326/suitsune-grillmaitseaine-85-g-veskis/7311310026769",
     "hind": "3 79 /tk"
    },
    {
     "product": "Kalamaitseaine ürtidega 15 g",
     "url": "https://www.prismamarket.ee/entry/17326/kalamaitseaine-urtidega-15-g/4740018154178",
     "hind": "0 79 /tk"
    },
    {
     "product": "Aroomisool 46 g",
     "url": "https://www.prismamarket.ee/entry/17326/aroomisool-46-g/6414201000228",
     "hind": "0 59 /tk"
    },
    {
     "product": "Kuivatatud puravikud 20 g",
     "url": "https://www.prismamarket.ee/entry/17326/kuivatatud-puravikud-20-g/8003073035070",
     "hind": "2 49 /tk"
    },
    {
     "product": "Marinaadisegu kurkidele 100 g",
     "url": "https://www.prismamarket.ee/entry/17326/marinaadisegu-kurkidele-100-g/6418474131580",
     "hind": "0 89 /tk"
    }
   ]
  },
  {
   "info": [
    {
     "product": "Röstitud sibul 200 g",
     "url": "https://www.prismamarket.ee/entry/17327/rostitud-sibul-200-g/6415712901769",
     "hind": "1 09 /tk"
    },
    {
     "product": "Paprika 24 g",
     "url": "https://www.prismamarket.ee/entry/17327/paprika-24-g/6414200136959",
     "hind": "0 49 /tk"
    },
    {
     "product": "Karri 25 g",
     "url": "https://www.prismamarket.ee/entry/17327/karri-25-g/6418474118321",
     "hind": "0 67 /tk"
    },
    {
     "product": "Küüslaugupulber 40 g",
     "url": "https://www.prismamarket.ee/entry/17327/kuuslaugupulber-40-g/6414200137109",
     "hind": "1 39 /tk"
    },
    {
     "product": "Persillade 35 g",
     "url": "https://www.prismamarket.ee/entry/17327/persillade-35-g/4740018172059",
     "hind": "0 69 /tk"
    },
    {
     "product": "Köömned 20 g",
     "url": "https://www.prismamarket.ee/entry/17327/koomned-20-g/6414201002086",
     "hind": "0 69 /tk"
    },
    {
     "product": "Muskaatpähkel 10 g",
     "url": "https://www.prismamarket.ee/entry/17327/muskaatpahkel-10-g/6418474152790",
     "hind": "1 09 /tk"
    },
    {
     "product": "Meira jahvatatud mahekollajuur 39 g, FairTrade",
     "url": "https://www.prismamarket.ee/entry/17327/meira-jahvatatud-mahekollajuur-39-g--fairtrade/6420101884325",
     "hind": "2 29 /tk"
    },
    {
     "product": "Küüslaugupulber 70 g",
     "url": "https://www.prismamarket.ee/entry/17327/kuuslaugupulber-70-g/7340011425847",
     "hind": "1 49 /tk"
    },
    {
     "product": "Kurkum 24 g",
     "url": "https://www.prismamarket.ee/entry/17327/kurkum-24-g/6420101882864",
     "hind": "0 59 /tk"
    },
    {
     "product": "Kurkum jahvatatud 35 g",
     "url": "https://www.prismamarket.ee/entry/17327/kurkum-jahvatatud-35-g/7311311015281",
     "hind": "1 49 /tk"
    },
    {
     "product": "Karri 34 g",
     "url": "https://www.prismamarket.ee/entry/17327/karri-34-g/7311311014635",
     "hind": "1 29 /tk"
    },
    {
     "product": "Kurkum jahvatatud 20 g",
     "url": "https://www.prismamarket.ee/entry/17327/kurkum-jahvatatud-20-g/7311311019852",
     "hind": "0 69 /tk"
    },
    {
     "product": "Küüslauk tükeldatud 25 g",
     "url": "https://www.prismamarket.ee/entry/17327/kuuslauk-tukeldatud-25-g/7311311019869",
     "hind": "0 79 /tk"
    },
    {
     "product": "Vürtsköömen 20 g",
     "url": "https://www.prismamarket.ee/entry/17327/vurtskoomen-20-g/7311311019876",
     "hind": "0 89 /tk"
    },
    {
     "product": "Sibulahelbed röstitud 110 g",
     "url": "https://www.prismamarket.ee/entry/17327/sibulahelbed-rostitud-110-g/7311311014918",
     "hind": "3 09 /tk"
    },
    {
     "product": "Nelk 15 g",
     "url": "https://www.prismamarket.ee/entry/17327/nelk-15-g/4750334000172",
     "hind": "0 79 /tk"
    },
    {
     "product": "Loorberilehed 4 g",
     "url": "https://www.prismamarket.ee/entry/17327/loorberilehed-4-g/9001414015346",
     "hind": "0 79 /tk"
    },
    {
     "product": "Köömned, 20g",
     "url": "https://www.prismamarket.ee/entry/17327/koomned--20g/4750334000226",
     "hind": "0 24 /tk"
    },
    {
     "product": "X-tra jahvatatud paprika 100 g",
     "url": "https://www.prismamarket.ee/entry/17327/x-tra-jahvatatud-paprika-100-g/7340011495024",
     "hind": "0 73 /tk"
    },
    {
     "product": "Kurkum ehk kollajuur 100 g",
     "url": "https://www.prismamarket.ee/entry/17327/kurkum-ehk-kollajuur-100-g/5013531420167",
     "hind": "1 45 /tk"
    },
    {
     "product": "Vürtsköömen Seemned 100 g",
     "url": "https://www.prismamarket.ee/entry/17327/vurtskoomen-seemned-100-g/5013531211178",
     "hind": "1 79 /tk"
    },
    {
     "product": "Meira jahvatatud maheingver 30 g, FairTrade",
     "url": "https://www.prismamarket.ee/entry/17327/meira-jahvatatud-maheingver-30-g--fairtrade/6420101884318",
     "hind": "1 99 /tk"
    },
    {
     "product": "Paprika jahvatatud 60 g",
     "url": "https://www.prismamarket.ee/entry/17327/paprika-jahvatatud-60-g/6414201003533",
     "hind": "1 19 /tk"
    },
    {
     "product": "Sibulapulber 30 g",
     "url": "https://www.prismamarket.ee/entry/17327/sibulapulber-30-g/6414201004493",
     "hind": "0 89 /tk"
    },
    {
     "product": "Kurkum 60 g",
     "url": "https://www.prismamarket.ee/entry/17327/kurkum-60-g/6414201002154",
     "hind": "1 19 /tk"
    },
    {
     "product": "Suitsune paprika 22 g",
     "url": "https://www.prismamarket.ee/entry/17327/suitsune-paprika-22-g/6414201003540",
     "hind": "1 19 /tk"
    },
    {
     "product": "Loorberlehed 10 g",
     "url": "https://www.prismamarket.ee/entry/17327/loorberlehed-10-g/4750334000073",
     "hind": "0 19 /tk"
    },
    {
     "product": "Loorberileht 4 g",
     "url": "https://www.prismamarket.ee/entry/17327/loorberileht-4-g/7311311005831",
     "hind": "1 09 /tk"
    },
    {
     "product": "Loorberileht 40 g",
     "url": "https://www.prismamarket.ee/entry/17327/loorberileht-40-g/4770412090192",
     "hind": "0 49 /tk"
    },
    {
     "product": "Köömned 20 g",
     "url": "https://www.prismamarket.ee/entry/17327/koomned-20-g/6418474152776",
     "hind": "0 65 /tk"
    },
    {
     "product": "Sinepiseemned 41 g",
     "url": "https://www.prismamarket.ee/entry/17327/sinepiseemned-41-g/6414201004400",
     "hind": "0 99 /tk"
    },
    {
     "product": "Ingver 20 g",
     "url": "https://www.prismamarket.ee/entry/17327/ingver-20-g/6418474118185",
     "hind": "0 67 /tk"
    },
    {
     "product": "Paprika jahvatatud 17 g, Organic",
     "url": "https://www.prismamarket.ee/entry/17327/paprika-jahvatatud-17-g--organic/7311310021214",
     "hind": "0 79 /tk"
    },
    {
     "product": "Vürtsköömen 25 g",
     "url": "https://www.prismamarket.ee/entry/17327/vurtskoomen-25-g/6414201001355",
     "hind": "0 89 /tk"
    },
    {
     "product": "Küüslaugupulber 25 g, Organic",
     "url": "https://www.prismamarket.ee/entry/17327/kuuslaugupulber-25-g--organic/7311310021269",
     "hind": "0 99 /tk"
    },
    {
     "product": "Nelk 10 g",
     "url": "https://www.prismamarket.ee/entry/17327/nelk-10-g/6418474152783",
     "hind": "0 72 /tk"
    },
    {
     "product": "Muskaatpähkel jahvatatud 23 g",
     "url": "https://www.prismamarket.ee/entry/17327/muskaatpahkel-jahvatatud-23-g/6414200136874",
     "hind": "1 39 /tk"
    },
    {
     "product": "Ingver jahvatatud 22 g",
     "url": "https://www.prismamarket.ee/entry/17327/ingver-jahvatatud-22-g/6414201001102",
     "hind": "0 89 /tk"
    },
    {
     "product": "Safran 0,5 g",
     "url": "https://www.prismamarket.ee/entry/17327/safran-0-5-g/6414201004110",
     "hind": "2 99 /tk"
    },
    {
     "product": "Sinepiseemned 35 g",
     "url": "https://www.prismamarket.ee/entry/17327/sinepiseemned-35-g/6418474118093",
     "hind": "0 67 /tk"
    },
    {
     "product": "Röstitud sibulahelbed 22 g",
     "url": "https://www.prismamarket.ee/entry/17327/rostitud-sibulahelbed-22-g/6414201004479",
     "hind": "0 89 /tk"
    },
    {
     "product": "Nelk jahvatatud 30 g",
     "url": "https://www.prismamarket.ee/entry/17327/nelk-jahvatatud-30-g/6414200136904",
     "hind": "1 59 /tk"
    },
    {
     "product": "Nelk jahvatamata 15 g",
     "url": "https://www.prismamarket.ee/entry/17327/nelk-jahvatamata-15-g/6414200126158",
     "hind": "1 19 /tk"
    }
   ]
  },
  {
   "info": [
    {
     "product": "Mandlilaastud 100 g",
     "url": "https://www.prismamarket.ee/entry/17328/mandlilaastud-100-g/6415712900823",
     "hind": "1 99 /tk"
    },
    {
     "product": "Kookoshelbed 100 g",
     "url": "https://www.prismamarket.ee/entry/17328/kookoshelbed-100-g/5997347555605",
     "hind": "0 75 /tk"
    },
    {
     "product": "Valge küpsetusšokolaad 100 g",
     "url": "https://www.prismamarket.ee/entry/17328/valge-kupsetussokolaad-100-g/6415715127715",
     "hind": "1 09 /tk"
    },
    {
     "product": "Kuivpärm 2*12 g 24 g",
     "url": "https://www.prismamarket.ee/entry/17328/kuivparm-2-12-g-24-g/73500377",
     "hind": "0 69 /tk"
    },
    {
     "product": "Kookoshelbed 100 g",
     "url": "https://www.prismamarket.ee/entry/17328/kookoshelbed-100-g/4742155001254",
     "hind": "0 79 /tk"
    },
    {
     "product": "Želatiin kiirelt lahustuv 20 g",
     "url": "https://www.prismamarket.ee/entry/17328/zelatiin-kiirelt-lahustuv-20-g/4740085501042",
     "hind": "0 89 /tk"
    },
    {
     "product": "Tume šokolaad küpsetamiseks 70% 200 g",
     "url": "https://www.prismamarket.ee/entry/17328/tume-sokolaad-kupsetamiseks-70--200-g/4740012035589",
     "hind": "2 45 /tk"
    },
    {
     "product": "Kuivpärm 11 g",
     "url": "https://www.prismamarket.ee/entry/17328/kuivparm-11-g/4740281007508",
     "hind": "0 39 /tk"
    },
    {
     "product": "Küpsetuspulber 225 g",
     "url": "https://www.prismamarket.ee/entry/17328/kupsetuspulber-225-g/6415712700317",
     "hind": "1 15 /tk"
    },
    {
     "product": "Tume küpsetusšokolaad 200 g",
     "url": "https://www.prismamarket.ee/entry/17328/tume-kupsetussokolaad-200-g/6415715128811",
     "hind": "1 39 /tk"
    },
    {
     "product": "Valge šokolaad küpsetamiseks 200 g",
     "url": "https://www.prismamarket.ee/entry/17328/valge-sokolaad-kupsetamiseks-200-g/4740012035596",
     "hind": "2 45 /tk"
    },
    {
     "product": "Meira lehtželatiin 20 g",
     "url": "https://www.prismamarket.ee/entry/17328/meira-lehtzelatiin-20-g/6414203405397",
     "hind": "1 29 /tk"
    },
    {
     "product": "Purustatud mandel 100 g",
     "url": "https://www.prismamarket.ee/entry/17328/purustatud-mandel-100-g/6415712900847",
     "hind": "1 99 /tk"
    },
    {
     "product": "Piimašokolaad küpsetamiseks 200 g",
     "url": "https://www.prismamarket.ee/entry/17328/piimasokolaad-kupsetamiseks-200-g/4740012035572",
     "hind": "2 45 /tk"
    },
    {
     "product": "Toidželatiin 70 g",
     "url": "https://www.prismamarket.ee/entry/17328/toidzelatiin-70-g/4740085601094",
     "hind": "1 29 /tk"
    },
    {
     "product": "Želatiin 25 g",
     "url": "https://www.prismamarket.ee/entry/17328/zelatiin-25-g/4740018154673",
     "hind": "0 69 /tk"
    },
    {
     "product": "Moosipaksendaja 30 g",
     "url": "https://www.prismamarket.ee/entry/17328/moosipaksendaja-30-g/4740140200255",
     "hind": "1 29 /tk"
    },
    {
     "product": "Maitsepärm, 125 g",
     "url": "https://www.prismamarket.ee/entry/17328/maitseparm--125-g/4742117001285",
     "hind": "3 39 /tk"
    },
    {
     "product": "DR.Oetker suhkruglasuur, punane, 125g",
     "url": "https://www.prismamarket.ee/entry/17328/dr-oetker-suhkruglasuur--punane--125g/5701073041369",
     "hind": "1 89 /tk"
    },
    {
     "product": "Valge šokolaadi nööbid 200 g",
     "url": "https://www.prismamarket.ee/entry/17328/valge-sokolaadi-noobid-200-g/4770082316387",
     "hind": "3 29 /tk"
    },
    {
     "product": "Tumeda šokolaadi nööbid 200 g",
     "url": "https://www.prismamarket.ee/entry/17328/tumeda-sokolaadi-noobid-200-g/4770082316394",
     "hind": "3 29 /tk"
    },
    {
     "product": "Dr. Oetker Marjamaitseline glasuuripulbrisegu 230 g",
     "url": "https://www.prismamarket.ee/entry/17328/dr--oetker-marjamaitseline-glasuuripulbrisegu-230-g/5701073061299",
     "hind": "1 59 /tk"
    },
    {
     "product": "Dekooride valik Neon 100 g",
     "url": "https://www.prismamarket.ee/entry/17328/dekooride-valik-neon-100-g/5701073063835",
     "hind": "3 89 /tk"
    },
    {
     "product": "Dekooride valik Super Hero 76 g",
     "url": "https://www.prismamarket.ee/entry/17328/dekooride-valik-super-hero-76-g/5701073064481",
     "hind": "3 89 /tk"
    },
    {
     "product": "Sinine suhkrumass 250 g",
     "url": "https://www.prismamarket.ee/entry/17328/sinine-suhkrumass-250-g/5701073064887",
     "hind": "2 59 /tk"
    },
    {
     "product": "Küpsetuspulber 20 g",
     "url": "https://www.prismamarket.ee/entry/17328/kupsetuspulber-20-g/4750334000059",
     "hind": "0 19 /tk"
    },
    {
     "product": "Värviline nonparell 60 g",
     "url": "https://www.prismamarket.ee/entry/17328/varviline-nonparell-60-g/6414203400651",
     "hind": "0 99 /tk"
    },
    {
     "product": "Värviline strössel 55 g",
     "url": "https://www.prismamarket.ee/entry/17328/varviline-strossel-55-g/6414203400552",
     "hind": "0 99 /tk"
    },
    {
     "product": "Purpur nonparell 60 g",
     "url": "https://www.prismamarket.ee/entry/17328/purpur-nonparell-60-g/6414203405564",
     "hind": "0 99 /tk"
    },
    {
     "product": "Vaniljekreemipulber 100 g",
     "url": "https://www.prismamarket.ee/entry/17328/vaniljekreemipulber-100-g/5701073023983",
     "hind": "1 79 /tk"
    },
    {
     "product": "Šokolaadikreemipulber 100 g",
     "url": "https://www.prismamarket.ee/entry/17328/sokolaadikreemipulber-100-g/5701073024607",
     "hind": "1 59 /tk"
    },
    {
     "product": "Maasikakreemipulber 100 g",
     "url": "https://www.prismamarket.ee/entry/17328/maasikakreemipulber-100-g/5701073024614",
     "hind": "1 59 /tk"
    },
    {
     "product": "Koogikaunistuste segu 50 g",
     "url": "https://www.prismamarket.ee/entry/17328/koogikaunistuste-segu-50-g/5701073061077",
     "hind": "1 79 /tk"
    },
    {
     "product": "Želatiin 15 g",
     "url": "https://www.prismamarket.ee/entry/17328/zelatiin-15-g/4750334000035",
     "hind": "0 39 /tk"
    },
    {
     "product": "Dr.Oetker mõrušokolaadi glasuur 150 g",
     "url": "https://www.prismamarket.ee/entry/17328/dr-oetker-morusokolaadi-glasuur-150-g/4000521026448",
     "hind": "1 59 /tk"
    },
    {
     "product": "Dr.Oetker piimašokolaadi glasuur 150 g",
     "url": "https://www.prismamarket.ee/entry/17328/dr-oetker-piimasokolaadi-glasuur-150-g/4000521026417",
     "hind": "1 59 /tk"
    },
    {
     "product": "Vahukooretugevdaja 40 g",
     "url": "https://www.prismamarket.ee/entry/17328/vahukooretugevdaja-40-g/40352862",
     "hind": "0 49 /tk"
    },
    {
     "product": "Munaasendaja 200 g, gluteenivaba",
     "url": "https://www.prismamarket.ee/entry/17328/munaasendaja-200-g--gluteenivaba/720516010552",
     "hind": "4 49 /tk"
    }
   ]
  }
 ]
}