{
 "name": "PUU- JA JUURVILJAD",
 "tooted": [
  {
   "info": [
    {
     "product": "Kiivi karbis, 500g",
     "url": "https://www.prismamarket.ee/entry/16972/kiivi-karbis--500g/7340011428497",
     "hind": "1 69 /tk"
    },
    {
     "product": "Rainbow avokaado pakitud 800 g",
     "url": "https://www.prismamarket.ee/entry/16972/rainbow-avokaado-pakitud-800-g/7340011432371",
     "hind": "4 99 /tk"
    },
    {
     "product": "Õunakrõpsud Golden 40 g",
     "url": "https://www.prismamarket.ee/entry/16972/ounakropsud-golden-40-g/5997690711574",
     "hind": "1 25 /tk"
    },
    {
     "product": "Õunakrpsud Jonathan 40 g",
     "url": "https://www.prismamarket.ee/entry/16972/ounakrpsud-jonathan-40-g/5997690707874",
     "hind": "1 25 /tk"
    },
    {
     "product": "Pirn Conference pakitud 1 kg",
     "url": "https://www.prismamarket.ee/entry/16972/pirn-conference-pakitud-1-kg/6414890440176",
     "hind": "1 19 /tk"
    },
    {
     "product": "Viinamari Red Globe, Iklass",
     "url": "https://www.prismamarket.ee/entry/16972/viinamari--red-globe--iklass/2060460200004",
     "hind": "3 49 /kg"
    },
    {
     "product": "Nektariin I klass",
     "url": "https://www.prismamarket.ee/entry/16972/nektariin-i-klass/2060470300008",
     "hind": "6 49 /kg"
    },
    {
     "product": "Virsik I klass",
     "url": "https://www.prismamarket.ee/entry/16972/virsik-i-klass/2060470400005",
     "hind": "6 49 /kg"
    },
    {
     "product": "Ananass Rainbow",
     "url": "https://www.prismamarket.ee/entry/16972/ananass-rainbow/2060490100008",
     "hind": "1 89 /kg"
    },
    {
     "product": "Kollane melon",
     "url": "https://www.prismamarket.ee/entry/16972/kollane-melon/2060490500006",
     "hind": "1 49 /kg"
    },
    {
     "product": "Avokaado Hass, söögivalmis",
     "url": "https://www.prismamarket.ee/entry/16972/avokaado-hass--soogivalmis/2060490600003",
     "hind": "6 59 /kg"
    },
    {
     "product": "Karambola/tähtvili",
     "url": "https://www.prismamarket.ee/entry/16972/karambola-tahtvili/2060490700000",
     "hind": "21 99 /kg"
    },
    {
     "product": "Melon Galia",
     "url": "https://www.prismamarket.ee/entry/16972/melon-galia/2060491900003",
     "hind": "2 79 /kg"
    },
    {
     "product": "Laim,",
     "url": "https://www.prismamarket.ee/entry/16972/laim-/2060493000008",
     "hind": "2 99 /kg"
    },
    {
     "product": "Greip White marsh",
     "url": "https://www.prismamarket.ee/entry/16972/greip-white-marsh/2060505200006",
     "hind": "2 19 /kg"
    },
    {
     "product": "Õun Paulared, II klass",
     "url": "https://www.prismamarket.ee/entry/16972/oun--paulared--ii-klass/2060514600002",
     "hind": "0 55 /kg"
    },
    {
     "product": "Õun Granny Smith, I klass",
     "url": "https://www.prismamarket.ee/entry/16972/oun-granny-smith--i-klass/2060515000009",
     "hind": "1 99 /kg"
    },
    {
     "product": "Õun Royal Gala, I klass",
     "url": "https://www.prismamarket.ee/entry/16972/oun-royal-gala---i-klass/2060515100006",
     "hind": "1 79 /kg"
    },
    {
     "product": "MUREL I KLASS",
     "url": "https://www.prismamarket.ee/entry/16972/murel-i-klass/2060560700008",
     "hind": "14 99 /kg"
    },
    {
     "product": "Pom´bel õuna-banaani-maasika puuviljamiks, 4x100 g",
     "url": "https://www.prismamarket.ee/entry/16972/pom-bel-ouna-banaani-maasika-puuviljamiks--4x100-g/8437010537158",
     "hind": "2 39 /tk"
    },
    {
     "product": "Banaan Chiquita",
     "url": "https://www.prismamarket.ee/entry/16972/banaan--chiquita/2060400700007",
     "hind": "0 86 /kg"
    },
    {
     "product": "Pomel",
     "url": "https://www.prismamarket.ee/entry/16972/pomel/2060531200001",
     "hind": "1 99 /kg"
    },
    {
     "product": "Punane greip",
     "url": "https://www.prismamarket.ee/entry/16972/punane-greip/2060491500005",
     "hind": "1 89 /kg"
    },
    {
     "product": "Füüsal 100 g",
     "url": "https://www.prismamarket.ee/entry/16972/fuusal-100-g/8718366803136",
     "hind": "1 69 /tk"
    },
    {
     "product": "Granadill",
     "url": "https://www.prismamarket.ee/entry/16972/granadill/2060492300000",
     "hind": "11 99 /kg"
    },
    {
     "product": "Hele viinamari Thompson 2 seemneteta 500 g",
     "url": "https://www.prismamarket.ee/entry/16972/hele-viinamari-thompson-2-seemneteta-500-g/6414894500609",
     "hind": "2 39 /tk"
    },
    {
     "product": "Tume viinamari Seventeen I klass seem.-ta 500 g",
     "url": "https://www.prismamarket.ee/entry/16972/tume-viinamari-seventeen-i-klass-seem--ta-500-g/6414894500401",
     "hind": "2 59 /tk"
    },
    {
     "product": "Pirn Xenia I klass",
     "url": "https://www.prismamarket.ee/entry/16972/pirn-xenia-i-klass/2060440700005",
     "hind": "2 49 /kg"
    },
    {
     "product": "Mandariin I klass",
     "url": "https://www.prismamarket.ee/entry/16972/mandariin-i-klass/2060401500002",
     "hind": "2 49 /kg"
    },
    {
     "product": "Avokaado, mahe 300g",
     "url": "https://www.prismamarket.ee/entry/16972/avokaado--mahe-300g/8713037000241",
     "hind": "5 09 /tk"
    },
    {
     "product": "Kiivi mahe 300 g",
     "url": "https://www.prismamarket.ee/entry/16972/kiivi-mahe-300-g/8713037001071",
     "hind": "1 59 /tk"
    },
    {
     "product": "Apelsin Valencia, I klass",
     "url": "https://www.prismamarket.ee/entry/16972/apelsin-valencia--i-klass/2060402200000",
     "hind": "1 29 /kg"
    },
    {
     "product": "Avokaado roheline Fuertel",
     "url": "https://www.prismamarket.ee/entry/16972/avokaado-roheline-fuertel/2060493400006",
     "hind": "3 99 /kg"
    },
    {
     "product": "Kookospähkel",
     "url": "https://www.prismamarket.ee/entry/16972/kookospahkel/6405940735090",
     "hind": "1 39 /tk"
    },
    {
     "product": "Pom´bel õuna-aprikoosi puuviljamiks, 4x100 g",
     "url": "https://www.prismamarket.ee/entry/16972/pom-bel-ouna-aprikoosi-puuviljamiks--4x100-g/8437010537134",
     "hind": "2 39 /tk"
    },
    {
     "product": "Kiivi, II klass",
     "url": "https://www.prismamarket.ee/entry/16972/kiivi---ii-klass/2060492900002",
     "hind": "2 29 /kg"
    },
    {
     "product": "Nektariin korvis I klass 500 g",
     "url": "https://www.prismamarket.ee/entry/16972/nektariin-korvis-i-klass-500-g/6009801534381",
     "hind": "2 99 /tk"
    },
    {
     "product": "Melon Cantaloupe",
     "url": "https://www.prismamarket.ee/entry/16972/melon-cantaloupe/2060493600000",
     "hind": "2 99 /kg"
    },
    {
     "product": "Pombel õuna-punaste marjade puuviljamiks, 4x100 g",
     "url": "https://www.prismamarket.ee/entry/16972/pombel-ouna-punaste-marjade-puuviljamiks--4x100-g/8437010537332",
     "hind": "2 79 /tk"
    },
    {
     "product": "Miniarbuus",
     "url": "https://www.prismamarket.ee/entry/16972/miniarbuus/2060494500002",
     "hind": "2 49 /kg"
    },
    {
     "product": "Avokaado söögivalmis, 300 g",
     "url": "https://www.prismamarket.ee/entry/16972/avokaado-soogivalmis--300-g/8718366857269",
     "hind": "2 89 /tk"
    },
    {
     "product": "Pirn Conference, I klass",
     "url": "https://www.prismamarket.ee/entry/16972/pirn-conference--i-klass/2060442000004",
     "hind": "0 99 /kg"
    },
    {
     "product": "Õun Jonagold, I klass",
     "url": "https://www.prismamarket.ee/entry/16972/oun-jonagold--i-klass/2060433700005",
     "hind": "1 09 /kg"
    },
    {
     "product": "Apelsin punane pakitud 1 kg",
     "url": "https://www.prismamarket.ee/entry/16972/apelsin-punane-pakitud-1-kg/4740669014500",
     "hind": "1 99 /tk"
    },
    {
     "product": "Papaia Formosa",
     "url": "https://www.prismamarket.ee/entry/16972/papaia-formosa/2060494700006",
     "hind": "5 99 /kg"
    },
    {
     "product": "Datlid taldrikul 200 g",
     "url": "https://www.prismamarket.ee/entry/16972/datlid-taldrikul-200-g/4742022670033",
     "hind": "1 19 /tk"
    },
    {
     "product": "ÕUN BONITA 1,5 KG",
     "url": "https://www.prismamarket.ee/entry/16972/oun-bonita-1-5-kg/9033400001750",
     "hind": "2 79 /tk"
    },
    {
     "product": "Banaan Fair Trade",
     "url": "https://www.prismamarket.ee/entry/16972/banaan-fair-trade/2060138400002",
     "hind": "1 79 /kg"
    },
    {
     "product": "Puuviljasalat ananassi, kiivi ja viinamarjaga, 300 g",
     "url": "https://www.prismamarket.ee/entry/16972/puuviljasalat--ananassi--kiivi-ja-viinamarjaga--300-g/4742024310036",
     "hind": "2 99 /tk"
    },
    {
     "product": "Puuviljasalat arbuusi, kollase meloni ja cantaloupe meloniga...",
     "url": "https://www.prismamarket.ee/entry/16972/puuviljasalat--arbuusi--kollase-meloni-ja-cantaloupe-meloniga--400-g/4742024310074",
     "hind": "2 99 /tk"
    },
    {
     "product": "Viinamari Hele Thompson I klass",
     "url": "https://www.prismamarket.ee/entry/16972/viinamari-hele-thompson-i-klass/2060762800001",
     "hind": "4 49 /kg"
    },
    {
     "product": "Õun Kanzi I klass",
     "url": "https://www.prismamarket.ee/entry/16972/oun-kanzi-i-klass/2060210500002",
     "hind": "2 79 /kg"
    },
    {
     "product": "Õun Idared pakendatud 1,5 kg",
     "url": "https://www.prismamarket.ee/entry/16972/oun-idared-pakendatud-1-5-kg/5902021230457",
     "hind": "1 49 /tk"
    },
    {
     "product": "Dattel Wadi 400 g",
     "url": "https://www.prismamarket.ee/entry/16972/dattel-wadi-400-g/4779050710103",
     "hind": "2 99 /tk"
    },
    {
     "product": "PLOOM TUME RUBY STAR",
     "url": "https://www.prismamarket.ee/entry/16972/ploom-tume-ruby-star/2060163600002",
     "hind": "2 19 /kg"
    },
    {
     "product": "Jahubanaan",
     "url": "https://www.prismamarket.ee/entry/16972/jahubanaan/2060163500005",
     "hind": "2 79 /kg"
    },
    {
     "product": "Dattel Medjoul 400 g",
     "url": "https://www.prismamarket.ee/entry/16972/dattel-medjoul-400-g/4779050710110",
     "hind": "4 99 /tk"
    },
    {
     "product": "Arbuusikuubikud topsis 250 g",
     "url": "https://www.prismamarket.ee/entry/16972/arbuusikuubikud-topsis-250-g/4740199000547",
     "hind": "2 99 /tk"
    },
    {
     "product": "Pom´bel õuna-mango puuviljamiks, 4x100 g",
     "url": "https://www.prismamarket.ee/entry/16972/pom-bel-ouna-mango-puuviljamiks--4x100-g/8437010537165",
     "hind": "2 39 /tk"
    },
    {
     "product": "Sidrun, I klass",
     "url": "https://www.prismamarket.ee/entry/16972/sidrun--i-klass/2060400800004",
     "hind": "1 69 /kg"
    },
    {
     "product": "Granaatõun",
     "url": "https://www.prismamarket.ee/entry/16972/granaatoun/2060430500004",
     "hind": "4 79 /kg"
    },
    {
     "product": "Õun Golden, I klass",
     "url": "https://www.prismamarket.ee/entry/16972/oun-golden---i-klass/2060430700008",
     "hind": "1 99 /kg"
    }
   ]
  },
  {
   "info": [
    {
     "product": "Lehtsalat potis",
     "url": "https://www.prismamarket.ee/entry/16974/lehtsalat--potis/4741116000015",
     "hind": "0 79 /tk"
    },
    {
     "product": "Metsik rukola, 100 g",
     "url": "https://www.prismamarket.ee/entry/16974/metsik-rukola--100-g/4740669040127",
     "hind": "1 19 /tk"
    },
    {
     "product": "Sibul võrgus",
     "url": "https://www.prismamarket.ee/entry/16974/sibul-vorgus/4740669029061",
     "hind": "0 99 /tk"
    },
    {
     "product": "Salat Mesculum, 100 g",
     "url": "https://www.prismamarket.ee/entry/16974/salat-mesculum--100-g/4740669040066",
     "hind": "1 39 /tk"
    },
    {
     "product": "Beebi lehtsalati mix, 100 g",
     "url": "https://www.prismamarket.ee/entry/16974/beebi-lehtsalati-mix--100-g/4740669040073",
     "hind": "1 29 /tk"
    },
    {
     "product": "Beebi spinat, 100 g",
     "url": "https://www.prismamarket.ee/entry/16974/beebi--spinat--100-g/4740669040141",
     "hind": "1 19 /tk"
    },
    {
     "product": "Kirsstomat punane, Intsu talu, I klass, 250 g",
     "url": "https://www.prismamarket.ee/entry/16974/kirsstomat-punane--intsu-talu--i-klass--250-g/4740407000109",
     "hind": "3 99 /tk"
    },
    {
     "product": "Magus paprika, I klass, 300 g",
     "url": "https://www.prismamarket.ee/entry/16974/magus--paprika--i-klass--300-g/6418945008113",
     "hind": "3 59 /tk"
    },
    {
     "product": "Piklik minitomat punane, Intsu talu, I klass, 250 g",
     "url": "https://www.prismamarket.ee/entry/16974/piklik-minitomat-punane--intsu-talu--i-klass--250-g/4740407000123",
     "hind": "3 99 /tk"
    },
    {
     "product": "Värske soolakurk 350 g",
     "url": "https://www.prismamarket.ee/entry/16974/varske-soolakurk-350-g/4740684000052",
     "hind": "2 79 /tk"
    },
    {
     "product": "Paprika mix, I klass, 400 g",
     "url": "https://www.prismamarket.ee/entry/16974/paprika-mix--i-klass--400-g/6414894500623",
     "hind": "3 39 /tk"
    },
    {
     "product": "Rabarber 500 g",
     "url": "https://www.prismamarket.ee/entry/16974/rabarber-500-g/4740174045396",
     "hind": "2 59 /tk"
    },
    {
     "product": "Rucola potis",
     "url": "https://www.prismamarket.ee/entry/16974/rucola--potis/4741116000145",
     "hind": "1 29 /tk"
    },
    {
     "product": "Porgand Crispy 200 g",
     "url": "https://www.prismamarket.ee/entry/16974/porgand-crispy-200-g/4751006960169",
     "hind": "1 19 /tk"
    },
    {
     "product": "Mahe idusalat, 150g",
     "url": "https://www.prismamarket.ee/entry/16974/mahe-idusalat--150g/6416332000177",
     "hind": "1 89 /tk"
    },
    {
     "product": "Hapukapsas karbis 500 g",
     "url": "https://www.prismamarket.ee/entry/16974/hapukapsas-karbis-500-g/4740174045419",
     "hind": "0 99 /tk"
    },
    {
     "product": "Salat Frillice potis",
     "url": "https://www.prismamarket.ee/entry/16974/salat--frillice-potis/4741116000169",
     "hind": "1 19 /tk"
    },
    {
     "product": "Münt potis",
     "url": "https://www.prismamarket.ee/entry/16974/munt-potis/4741116000176",
     "hind": "1 29 /tk"
    },
    {
     "product": "Spinat potis",
     "url": "https://www.prismamarket.ee/entry/16974/spinat-potis/4741116000138",
     "hind": "1 29 /tk"
    },
    {
     "product": "Peipsi hapukurk ämbris, 500 g",
     "url": "https://www.prismamarket.ee/entry/16974/peipsi-hapukurk-ambris--500-g/4740684000045",
     "hind": "2 79 /tk"
    },
    {
     "product": "Hapukapsas Porgandiga topsis 800 g",
     "url": "https://www.prismamarket.ee/entry/16974/hapukapsas-porgandiga-topsis-800-g/4740175000516",
     "hind": "1 59 /tk"
    },
    {
     "product": "Jääsalat potis",
     "url": "https://www.prismamarket.ee/entry/16974/jaasalat-potis/6414894500128",
     "hind": "1 59 /tk"
    },
    {
     "product": "Salatimix potis",
     "url": "https://www.prismamarket.ee/entry/16974/salatimix-potis/6414894500142",
     "hind": "1 49 /tk"
    },
    {
     "product": "Oranž ploomtomat, Intsu talu, I klass, 250 g",
     "url": "https://www.prismamarket.ee/entry/16974/oranz-ploomtomat--intsu-talu--i-klass--250-g/4740407000116",
     "hind": "3 99 /tk"
    },
    {
     "product": "Värske kapsas",
     "url": "https://www.prismamarket.ee/entry/16974/varske-kapsas/2060528000003",
     "hind": "1 49 /kg"
    },
    {
     "product": "Hiinakapsas",
     "url": "https://www.prismamarket.ee/entry/16974/hiinakapsas/2060530100005",
     "hind": "1 99 /kg"
    },
    {
     "product": "Jääsalat,I klass",
     "url": "https://www.prismamarket.ee/entry/16974/jaasalat-i-klass/2060530600000",
     "hind": "2 49 /kg"
    },
    {
     "product": "Rabarber",
     "url": "https://www.prismamarket.ee/entry/16974/rabarber/2060560400007",
     "hind": "3 79 /kg"
    },
    {
     "product": "Must küüslauk, 75 g",
     "url": "https://www.prismamarket.ee/entry/16974/must-kuuslauk--75-g/4744117011011",
     "hind": "6 99 /tk"
    },
    {
     "product": "Mahe redise idu, 85g",
     "url": "https://www.prismamarket.ee/entry/16974/mahe-redise-idu--85g/6416332001020",
     "hind": "1 79 /tk"
    },
    {
     "product": "Lühike kurk",
     "url": "https://www.prismamarket.ee/entry/16974/luhike-kurk/2060520600003",
     "hind": "2 69 /kg"
    },
    {
     "product": "Küüslauk",
     "url": "https://www.prismamarket.ee/entry/16974/kuuslauk/2060523500003",
     "hind": "4 49 /kg"
    },
    {
     "product": "Värske soolakurk 300 g",
     "url": "https://www.prismamarket.ee/entry/16974/varske-soolakurk-300-g/4742798002328",
     "hind": "2 99 /tk"
    },
    {
     "product": "Värske soolakurk ämbris 1000/500 g",
     "url": "https://www.prismamarket.ee/entry/16974/varske-soolakurk-ambris-1000-500-g/4742798000980",
     "hind": "3 49 /tk"
    },
    {
     "product": "Mahe idutrio, 150 g",
     "url": "https://www.prismamarket.ee/entry/16974/mahe-idutrio--150-g/6416332001006",
     "hind": "1 79 /tk"
    },
    {
     "product": "Keedetud maisitõlvikud, 450 g",
     "url": "https://www.prismamarket.ee/entry/16974/keedetud-maisitolvikud--450-g/6414894500630",
     "hind": "1 59 /tk"
    },
    {
     "product": "Suhkruhernes, 150 g",
     "url": "https://www.prismamarket.ee/entry/16974/suhkruhernes--150-g/8718366141511",
     "hind": "2 49 /tk"
    },
    {
     "product": "Peipsi hapukurk",
     "url": "https://www.prismamarket.ee/entry/16974/peipsi-hapukurk/2060580900006",
     "hind": "4 69 /kg"
    },
    {
     "product": "Värske soolakurk lahtine",
     "url": "https://www.prismamarket.ee/entry/16974/varske-soolakurk-lahtine/2060580300004",
     "hind": "6 69 /kg"
    },
    {
     "product": "Küüslauk, 100 g",
     "url": "https://www.prismamarket.ee/entry/16974/kuuslauk--100-g/6414894501255",
     "hind": "0 59 /tk"
    },
    {
     "product": "Mahe paprika mix, I klass, 350g",
     "url": "https://www.prismamarket.ee/entry/16974/mahe-paprika--mix--i-klass--350g/6414893391093",
     "hind": "3 39 /tk"
    },
    {
     "product": "Valge sibul, 3 tk",
     "url": "https://www.prismamarket.ee/entry/16974/valge-sibul--3-tk/6414894500197",
     "hind": "1 99 /tk"
    },
    {
     "product": "Mahe küüslauk, 100 g",
     "url": "https://www.prismamarket.ee/entry/16974/mahe-kuuslauk--100-g/8412187000711",
     "hind": "0 99 /tk"
    },
    {
     "product": "Pudelkõrvits, 1 kg",
     "url": "https://www.prismamarket.ee/entry/16974/pudelkorvits---1-kg/2060541900007",
     "hind": "1 79 /kg"
    },
    {
     "product": "Küüslaugu küüned, 100 g",
     "url": "https://www.prismamarket.ee/entry/16974/kuuslaugu-kuuned--100-g/4740270000404",
     "hind": "1 59 /tk"
    },
    {
     "product": "Magus sibul, 3 tk",
     "url": "https://www.prismamarket.ee/entry/16974/magus-sibul--3-tk/6414894500203",
     "hind": "1 59 /tk"
    },
    {
     "product": "Aedviljapuljong vegan 750 ml",
     "url": "https://www.prismamarket.ee/entry/16974/aedviljapuljong-vegan-750-ml/4744481010016",
     "hind": "3 99 /tk"
    },
    {
     "product": "Kanapuljong, 750 ml",
     "url": "https://www.prismamarket.ee/entry/16974/kanapuljong---750-ml/4744481010030",
     "hind": "3 99 /tk"
    },
    {
     "product": "Veisepuljong, 750 ml",
     "url": "https://www.prismamarket.ee/entry/16974/veisepuljong---750-ml/4744481010047",
     "hind": "3 99 /tk"
    },
    {
     "product": "Jääsalat lõigatud, pakitud, I klass",
     "url": "https://www.prismamarket.ee/entry/16974/jaasalat-loigatud--pakitud--i-klass/6414894500135",
     "hind": "1 39 /tk"
    },
    {
     "product": "Tomat Kumato 500 G",
     "url": "https://www.prismamarket.ee/entry/16974/tomat-kumato-500-g/4740669030692",
     "hind": "3 29 /tk"
    },
    {
     "product": "Rainbow ploomtomat 500 g",
     "url": "https://www.prismamarket.ee/entry/16974/rainbow-ploomtomat-500-g/6414894500258",
     "hind": "1 99 /tk"
    },
    {
     "product": "Rainbow Brokkoli 300 g",
     "url": "https://www.prismamarket.ee/entry/16974/rainbow-brokkoli-300-g/8710147570831",
     "hind": "1 29 /tk"
    },
    {
     "product": "Rainbow kirssploomtomat, I klass, 250g",
     "url": "https://www.prismamarket.ee/entry/16974/rainbow-kirssploomtomat--i-klass--250g/6414894500210",
     "hind": "1 29 /tk"
    },
    {
     "product": "Mahe magus paprika, I klass, 180 g",
     "url": "https://www.prismamarket.ee/entry/16974/mahe-magus--paprika--i-klass--180-g/8713037004256",
     "hind": "2 99 /tk"
    },
    {
     "product": "Punane kirsstomat, I klass, 250g",
     "url": "https://www.prismamarket.ee/entry/16974/punane--kirsstomat--i-klass--250g/4740669030012",
     "hind": "1 19 /tk"
    },
    {
     "product": "Paksoi Shangai pakis",
     "url": "https://www.prismamarket.ee/entry/16974/paksoi-shangai-pakis/8718963051329",
     "hind": "3 99 /tk"
    },
    {
     "product": "Apteegitill fenkol",
     "url": "https://www.prismamarket.ee/entry/16974/apteegitill-fenkol/2060592100005",
     "hind": "2 79 /kg"
    },
    {
     "product": "Kurk kõver",
     "url": "https://www.prismamarket.ee/entry/16974/kurk-kover/2060604700001",
     "hind": "1 79 /kg"
    },
    {
     "product": "Brokolini Bimi, 200 g",
     "url": "https://www.prismamarket.ee/entry/16974/brokolini-bimi--200-g/8425644004122",
     "hind": "2 49 /tk"
    },
    {
     "product": "Punase veini kaste 230ml",
     "url": "https://www.prismamarket.ee/entry/16974/punase-veini-kaste-230ml/4744481010078",
     "hind": "3 99 /tk"
    },
    {
     "product": "Värske soolakurk ämbris 1000/500 g",
     "url": "https://www.prismamarket.ee/entry/16974/varske-soolakurk-ambris-1000-500-g/4744664010031",
     "hind": "4 29 /tk"
    },
    {
     "product": "Grillpaprika Padron 200 g",
     "url": "https://www.prismamarket.ee/entry/16974/grillpaprika-padron-200-g/8427148440017",
     "hind": "1 69 /tk"
    },
    {
     "product": "Mahe mungoaidu, 150 g",
     "url": "https://www.prismamarket.ee/entry/16974/mahe-mungoaidu--150-g/6416332001501",
     "hind": "1 89 /tk"
    },
    {
     "product": "Mahe mugulsibula mix 500 g",
     "url": "https://www.prismamarket.ee/entry/16974/mahe-mugulsibula-mix-500-g/4742981010239",
     "hind": "4 49 /tk"
    },
    {
     "product": "Aedviljapuljong, 350ml",
     "url": "https://www.prismamarket.ee/entry/16974/aedviljapuljong--350ml/4744481010412",
     "hind": "2 49 /tk"
    },
    {
     "product": "Kalapuljong, 350 ml",
     "url": "https://www.prismamarket.ee/entry/16974/kalapuljong--350-ml/4744481010429",
     "hind": "2 49 /tk"
    },
    {
     "product": "Kanapuljong, 350 ml",
     "url": "https://www.prismamarket.ee/entry/16974/kanapuljong--350-ml/4744481010436",
     "hind": "2 49 /tk"
    },
    {
     "product": "Veisepuljong, 350 ml",
     "url": "https://www.prismamarket.ee/entry/16974/veisepuljong--350-ml/4744481010443",
     "hind": "2 49 /tk"
    },
    {
     "product": "Aasia puljong, 350 ml",
     "url": "https://www.prismamarket.ee/entry/16974/aasia-puljong--350-ml/4744481010450",
     "hind": "2 49 /tk"
    },
    {
     "product": "MAHE MUGULSIBUL 500 G",
     "url": "https://www.prismamarket.ee/entry/16974/mahe-mugulsibul-500-g/4742981010598",
     "hind": "3 49 /tk"
    },
    {
     "product": "Nams Kobartomat I klass karbis 500 g",
     "url": "https://www.prismamarket.ee/entry/16974/nams-kobartomat-i-klass-karbis-500-g/6430064550007",
     "hind": "4 79 /tk"
    },
    {
     "product": "Ploomtomat I klass",
     "url": "https://www.prismamarket.ee/entry/16974/ploomtomat-i-klass/2060472300006",
     "hind": "2 69 /kg"
    },
    {
     "product": "Mini Rooma salat 230 g",
     "url": "https://www.prismamarket.ee/entry/16974/mini-rooma-salat-230-g/4740608085899",
     "hind": "1 99 /tk"
    },
    {
     "product": "Peipsi hapukurk, 400 g",
     "url": "https://www.prismamarket.ee/entry/16974/peipsi-hapukurk--400-g/4744664010017",
     "hind": "1 89 /tk"
    },
    {
     "product": "Basiiliku salatikaste, 200 ml",
     "url": "https://www.prismamarket.ee/entry/16974/basiiliku-salatikaste--200-ml/4744481014403",
     "hind": "2 99 /tk"
    },
    {
     "product": "Chimichurri salatikaste, 200 ml",
     "url": "https://www.prismamarket.ee/entry/16974/chimichurri-salatikaste--200-ml/4744481014410",
     "hind": "2 99 /tk"
    },
    {
     "product": "Porrulauk",
     "url": "https://www.prismamarket.ee/entry/16974/porrulauk/2060522000009",
     "hind": "2 99 /kg"
    },
    {
     "product": "Lihatomat kollane I klass",
     "url": "https://www.prismamarket.ee/entry/16974/lihatomat-kollane-i-klass/2060527700003",
     "hind": "3 99 /kg"
    },
    {
     "product": "Hapukapsas porgandiga pakitud 500 g",
     "url": "https://www.prismamarket.ee/entry/16974/hapukapsas-porgandiga-pakitud-500-g/4740175000233",
     "hind": "1 09 /tk"
    },
    {
     "product": "Hetki mahe wokisegu, 200 g",
     "url": "https://www.prismamarket.ee/entry/16974/hetki-mahe-wokisegu--200-g/6406510093923",
     "hind": "1 99 /tk"
    },
    {
     "product": "Coleslaw salat 240 g",
     "url": "https://www.prismamarket.ee/entry/16974/coleslaw-salat-240-g/6406510093800",
     "hind": "2 59 /tk"
    },
    {
     "product": "Hetki Soome salatisegu, 150 g",
     "url": "https://www.prismamarket.ee/entry/16974/hetki-soome-salatisegu---150-g/6406510093848",
     "hind": "1 99 /tk"
    },
    {
     "product": "Kotimaista salatisegu 180 g, tükeldatud salat: jääsalat, valge",
     "url": "https://www.prismamarket.ee/entry/16974/kotimaista--salatisegu-180-g--tukeldatud-salat--jaasalat--valge/6415712904913",
     "hind": "2 59 /tk"
    },
    {
     "product": "Rainbow peresalatisegu 250 g, pestud tükeldatud peasalat, ro...",
     "url": "https://www.prismamarket.ee/entry/16974/rainbow--peresalatisegu-250-g--pestud-tukeldatud-peasalat--rooma-salat-/6415712905729",
     "hind": "2 39 /tk"
    },
    {
     "product": "Kookose-karri kaste, 350 ml",
     "url": "https://www.prismamarket.ee/entry/16974/kookose-karri-kaste--350-ml/4744481010085",
     "hind": "3 99 /tk"
    },
    {
     "product": "Koorene praekaste Bechanel 350 ml",
     "url": "https://www.prismamarket.ee/entry/16974/koorene-praekaste-bechanel-350-ml/4744481010191",
     "hind": "2 99 /tk"
    },
    {
     "product": "Mahedamaitseline võrsete mix 40 g",
     "url": "https://www.prismamarket.ee/entry/16974/mahedamaitseline-vorsete-mix-40-g/4742023130543",
     "hind": "2 79 /tk"
    },
    {
     "product": "Mahe päevalille võrsed 50 g",
     "url": "https://www.prismamarket.ee/entry/16974/mahe-paevalille-vorsed-50-g/4742023130536",
     "hind": "2 89 /tk"
    },
    {
     "product": "Mahe brokkoli võrsed 40 g",
     "url": "https://www.prismamarket.ee/entry/16974/mahe-brokkoli-vorsed-40-g/4742023130512",
     "hind": "2 89 /tk"
    },
    {
     "product": "Oranž pärltomat, I klass, 200 g",
     "url": "https://www.prismamarket.ee/entry/16974/oranz-parltomat--i-klass--200-g/6416075931271",
     "hind": "2 89 /tk"
    },
    {
     "product": "Kirss-kobartomat, I klass, 500g",
     "url": "https://www.prismamarket.ee/entry/16974/kirss-kobartomat---i-klass--500g/4740669030050",
     "hind": "2 29 /tk"
    },
    {
     "product": "Mahe roheline sibul 100 g",
     "url": "https://www.prismamarket.ee/entry/16974/mahe-roheline-sibul-100-g/4740576860054",
     "hind": "1 99 /tk"
    },
    {
     "product": "Salatimix õitega, 100 g",
     "url": "https://www.prismamarket.ee/entry/16974/salatimix-oitega--100-g/4740669040189",
     "hind": "1 79 /tk"
    },
    {
     "product": "KIRSS-KOBARTOMAT DULCITA I KLASS 200 G",
     "url": "https://www.prismamarket.ee/entry/16974/kirss-kobartomat-dulcita-i-klass-200-g/8716062000996",
     "hind": "3 39 /tk"
    },
    {
     "product": "Kobartomat, I klass",
     "url": "https://www.prismamarket.ee/entry/16974/kobartomat--i-klass/2060471900009",
     "hind": "2 59 /kg"
    }
   ]
  },
  {
   "info": [
    {
     "product": "Kartul Laura, 2 kg",
     "url": "https://www.prismamarket.ee/entry/16977/kartul-laura--2-kg/4743116000019",
     "hind": "2 49 /tk"
    },
    {
     "product": "Laheotsa kartul, 2 kg",
     "url": "https://www.prismamarket.ee/entry/16977/laheotsa-kartul--2-kg/4743116000163",
     "hind": "1 79 /tk"
    },
    {
     "product": "Kartul Laura, 4 kg",
     "url": "https://www.prismamarket.ee/entry/16977/kartul-laura--4-kg/4743116000026",
     "hind": "4 59 /tk"
    },
    {
     "product": "Laheotsa kartul, 4 kg",
     "url": "https://www.prismamarket.ee/entry/16977/laheotsa-kartul--4-kg/4743116000200",
     "hind": "3 99 /tk"
    },
    {
     "product": "Mahe bataat, 500 g",
     "url": "https://www.prismamarket.ee/entry/16977/mahe-bataat---500-g/8713037005079",
     "hind": "3 99 /tk"
    },
    {
     "product": "Kartul Gala pestud 2 kg",
     "url": "https://www.prismamarket.ee/entry/16977/kartul-gala-pestud-2-kg/4743097000114",
     "hind": "1 69 /tk"
    },
    {
     "product": "Kartul Gala pesemata",
     "url": "https://www.prismamarket.ee/entry/16977/kartul-gala-pesemata/2060500200001",
     "hind": "0 15 /kg"
    },
    {
     "product": "Kartul värske pestud 1,5 kg",
     "url": "https://www.prismamarket.ee/entry/16977/kartul-varske-pestud-1-5-kg/4740669008202",
     "hind": "1 79 /tk"
    },
    {
     "product": "Kartul gala pestud",
     "url": "https://www.prismamarket.ee/entry/16977/kartul-gala-pestud/4740243474904",
     "hind": "1 19 /tk"
    },
    {
     "product": "Pestud kartul 5 kg",
     "url": "https://www.prismamarket.ee/entry/16977/pestud-kartul-5-kg/4740243478001",
     "hind": "2 79 /tk"
    },
    {
     "product": "Eelkeedetud varajane kartul tilliga 800g",
     "url": "https://www.prismamarket.ee/entry/16977/eelkeedetud-varajane-kartul-tilliga-800g/4748001012917",
     "hind": "3 29 /tk"
    },
    {
     "product": "Kartul Jõgeva kollane pesemata 2 kg",
     "url": "https://www.prismamarket.ee/entry/16977/kartul-jogeva-kollane-pesemata-2-kg/4742981011687",
     "hind": "1 79 /tk"
    },
    {
     "product": "Mahe kartul Alouette 1 kg",
     "url": "https://www.prismamarket.ee/entry/16977/mahe-kartul-alouette-1-kg/4742981012738",
     "hind": "1 59 /tk"
    },
    {
     "product": "Kartul Soraya pestud 2,5 kg",
     "url": "https://www.prismamarket.ee/entry/16977/kartul-soraya-pestud-2-5-kg/4742981018655",
     "hind": "1 99 /tk"
    },
    {
     "product": "Kartul Laura",
     "url": "https://www.prismamarket.ee/entry/16977/kartul-laura/2060500100004",
     "hind": "0 27 /kg"
    },
    {
     "product": "Bataat",
     "url": "https://www.prismamarket.ee/entry/16977/bataat/2060500600009",
     "hind": "1 99 /kg"
    },
    {
     "product": "Kartul Gala pestud",
     "url": "https://www.prismamarket.ee/entry/16977/kartul-gala-pestud/2060500800003",
     "hind": "0 39 /kg"
    },
    {
     "product": "Kartul Varajane",
     "url": "https://www.prismamarket.ee/entry/16977/kartul-varajane/2060501100003",
     "hind": "0 79 /kg"
    }
   ]
  },
  {
   "info": [
    {
     "product": "Beebiporgand, 250 g",
     "url": "https://www.prismamarket.ee/entry/16973/beebiporgand--250-g/4740175000530",
     "hind": "1 29 /tk"
    },
    {
     "product": "Porgand pakitud, 500 g",
     "url": "https://www.prismamarket.ee/entry/16973/porgand-pakitud--500-g/4740175000011",
     "hind": "0 45 /tk"
    },
    {
     "product": "Kooritud ja aurutatud punapeedid, 500 g",
     "url": "https://www.prismamarket.ee/entry/16973/kooritud-ja-aurutatud-punapeedid--500-g/4740175000578",
     "hind": "1 29 /tk"
    },
    {
     "product": "Riivitud keedupeet, 400 g",
     "url": "https://www.prismamarket.ee/entry/16973/riivitud-keedupeet--400-g/4740174045518",
     "hind": "1 19 /tk"
    },
    {
     "product": "Kaalikas",
     "url": "https://www.prismamarket.ee/entry/16973/kaalikas/2060510300005",
     "hind": "1 09 /kg"
    },
    {
     "product": "Punane peet",
     "url": "https://www.prismamarket.ee/entry/16973/punane-peet/2060510500009",
     "hind": "0 25 /kg"
    },
    {
     "product": "Mustrõigas",
     "url": "https://www.prismamarket.ee/entry/16973/mustroigas/2060525100003",
     "hind": "0 79 /kg"
    },
    {
     "product": "Ingver",
     "url": "https://www.prismamarket.ee/entry/16973/ingver/2060541000004",
     "hind": "4 29 /kg"
    },
    {
     "product": "Roheline jalopeno (medium)",
     "url": "https://www.prismamarket.ee/entry/16973/roheline-jalopeno--medium-/2060540700004",
     "hind": "10 90 /kg"
    },
    {
     "product": "Punane tsilli (medium)",
     "url": "https://www.prismamarket.ee/entry/16973/punane--tsilli--medium-/2060540600007",
     "hind": "9 99 /kg"
    },
    {
     "product": "Juurviljakuubikud (porgand, kaalikas, pastinaak, porrulauk, s...",
     "url": "https://www.prismamarket.ee/entry/16973/juurviljakuubikud--porgand--kaalikas--pastinaak--porrulauk--seller---300g/6414894500661",
     "hind": "1 99 /tk"
    },
    {
     "product": "Porgand",
     "url": "https://www.prismamarket.ee/entry/16973/porgand/2060512000002",
     "hind": "0 34 /kg"
    },
    {
     "product": "Pestud värvilised porgandid 1 kg",
     "url": "https://www.prismamarket.ee/entry/16973/pestud-varvilised-porgandid-1-kg/6430035370498",
     "hind": "1 59 /tk"
    },
    {
     "product": "Snäkk 5 porgand ja kaalikas 250 g",
     "url": "https://www.prismamarket.ee/entry/16973/snakk-5-porgand-ja-kaalikas-250-g/4742368001621",
     "hind": "1 29 /tk"
    },
    {
     "product": "Baklazhaan Graffiti 300 g",
     "url": "https://www.prismamarket.ee/entry/16973/baklazhaan-graffiti-300-g/6414893388864",
     "hind": "2 29 /tk"
    },
    {
     "product": "Viibergi keedupeet, 400 g",
     "url": "https://www.prismamarket.ee/entry/16973/viibergi-keedupeet--400-g/4742063005368",
     "hind": "1 19 /tk"
    },
    {
     "product": "Pestud porgand, 1 kg",
     "url": "https://www.prismamarket.ee/entry/16973/pestud--porgand--1-kg/4742368001553",
     "hind": "1 59 /tk"
    },
    {
     "product": "Mõisaproua aurutatud peet, 500 g",
     "url": "https://www.prismamarket.ee/entry/16973/moisaproua-aurutatud-peet--500-g/4748001005254",
     "hind": "0 89 /tk"
    },
    {
     "product": "Mõisaproua aurutatud riivitud peet, 500 g",
     "url": "https://www.prismamarket.ee/entry/16973/moisaproua-aurutatud-riivitud-peet--500-g/4748001005902",
     "hind": "0 99 /tk"
    },
    {
     "product": "Pastinaak, 1kg",
     "url": "https://www.prismamarket.ee/entry/16973/pastinaak--1kg/2060541600006",
     "hind": "1 19 /kg"
    },
    {
     "product": "Roheline spargel 500 g",
     "url": "https://www.prismamarket.ee/entry/16973/roheline-spargel-500-g/6414893391048",
     "hind": "5 49 /tk"
    },
    {
     "product": "Ahjusegu 700 g",
     "url": "https://www.prismamarket.ee/entry/16973/ahjusegu-700-g/4742368001539",
     "hind": "1 99 /tk"
    },
    {
     "product": "Redis, 125 g",
     "url": "https://www.prismamarket.ee/entry/16973/redis--125-g/8717755790637",
     "hind": "0 69 /tk"
    },
    {
     "product": "Keedetud peedikuubikud, 400 g",
     "url": "https://www.prismamarket.ee/entry/16973/keedetud-peedikuubikud--400-g/4740174046423",
     "hind": "1 19 /tk"
    },
    {
     "product": "Sellerivars, pakitud",
     "url": "https://www.prismamarket.ee/entry/16973/sellerivars--pakitud/2060510200008",
     "hind": "1 99 /kg"
    },
    {
     "product": "Juurseller",
     "url": "https://www.prismamarket.ee/entry/16973/juurseller/2060529000002",
     "hind": "0 89 /kg"
    },
    {
     "product": "Mahe maapirn 500 g",
     "url": "https://www.prismamarket.ee/entry/16973/mahe-maapirn-500-g/4742981017856",
     "hind": "2 49 /tk"
    },
    {
     "product": "Kedupeet koorimata vaakumpakendis",
     "url": "https://www.prismamarket.ee/entry/16973/kedupeet-koorimata-vaakumpakendis/2060161200006",
     "hind": "1 79 /kg"
    },
    {
     "product": "Mahe keedupeet 300 g",
     "url": "https://www.prismamarket.ee/entry/16973/mahe-keedupeet-300-g/4742981012882",
     "hind": "2 99 /tk"
    },
    {
     "product": "Hernes pakitud 500 g",
     "url": "https://www.prismamarket.ee/entry/16973/hernes-pakitud-500-g/4740669030913",
     "hind": "4 99 /tk"
    },
    {
     "product": "AASIA BAKLAZHAAN",
     "url": "https://www.prismamarket.ee/entry/16973/aasia-baklazhaan/2003701100008",
     "hind": "16 99 /kg"
    },
    {
     "product": "Cassave/Maniokk",
     "url": "https://www.prismamarket.ee/entry/16973/cassave-maniokk/2060168900008",
     "hind": "2 59 /kg"
    },
    {
     "product": "Spargel valge 500 g",
     "url": "https://www.prismamarket.ee/entry/16973/spargel-valge-500-g/6414890539870",
     "hind": "3 49 /tk"
    }
   ]
  },
  {
   "info": [
    {
     "product": "Vaarikas 125 g",
     "url": "https://www.prismamarket.ee/entry/16975/vaarikas-125-g/8718226440051",
     "hind": "2 99 /tk"
    },
    {
     "product": "Maasikas 500 g",
     "url": "https://www.prismamarket.ee/entry/16975/maasikas-500-g/4742022670101",
     "hind": "2 79 /tk"
    },
    {
     "product": "Maasikas 250 g",
     "url": "https://www.prismamarket.ee/entry/16975/maasikas-250-g/4742022670019",
     "hind": "1 69 /tk"
    },
    {
     "product": "Maasikas 400 g",
     "url": "https://www.prismamarket.ee/entry/16975/maasikas-400-g/8433065002993",
     "hind": "2 99 /tk"
    },
    {
     "product": "Kultuurmustikad karbis, 125 g",
     "url": "https://www.prismamarket.ee/entry/16975/kultuurmustikad-karbis--125-g/4740669013060",
     "hind": "2 79 /tk"
    },
    {
     "product": "Punane sõstar 125 g",
     "url": "https://www.prismamarket.ee/entry/16975/punane-sostar-125-g/4740576001655",
     "hind": "5 99 /tk"
    },
    {
     "product": "Põldmari, 125g",
     "url": "https://www.prismamarket.ee/entry/16975/poldmari--125g/4740608051658",
     "hind": "4 79 /tk"
    },
    {
     "product": "Kultuurmustikad, karbis, 300 g",
     "url": "https://www.prismamarket.ee/entry/16975/kultuurmustikad--karbis--300-g/8718226440693",
     "hind": "6 49 /tk"
    },
    {
     "product": "Maasikad 900 g",
     "url": "https://www.prismamarket.ee/entry/16975/maasikad-900-g/8433065003013",
     "hind": "5 99 /tk"
    },
    {
     "product": "Maasikad südamekujulises karbis 340 g",
     "url": "https://www.prismamarket.ee/entry/16975/maasikad-sudamekujulises-karbis-340-g/4740576001822",
     "hind": "2 59 /tk"
    }
   ]
  },
  {
   "info": [
    {
     "product": "Šampinjon, 250 g",
     "url": "https://www.prismamarket.ee/entry/16976/sampinjon---250-g/4771085203018",
     "hind": "1 29 /tk"
    },
    {
     "product": "Šampinjon pruun, 250 g",
     "url": "https://www.prismamarket.ee/entry/16976/sampinjon-pruun--250-g/4771085203179",
     "hind": "1 49 /tk"
    },
    {
     "product": "Grillšampinjon, 500 g",
     "url": "https://www.prismamarket.ee/entry/16976/grillsampinjon--500-g/4771085203025",
     "hind": "2 29 /tk"
    },
    {
     "product": "Austerservik karbis 300 g",
     "url": "https://www.prismamarket.ee/entry/16976/austerservik-karbis-300-g/4771085203162",
     "hind": "2 29 /tk"
    },
    {
     "product": "Seen portabella, 280 g",
     "url": "https://www.prismamarket.ee/entry/16976/seen--portabella--280-g/4771085203353",
     "hind": "2 39 /tk"
    },
    {
     "product": "Shampinjon, pruun 230g",
     "url": "https://www.prismamarket.ee/entry/16976/shampinjon--pruun--230g/4742960010021",
     "hind": "2 09 /tk"
    },
    {
     "product": "Kuivatatud Kivipuravik 35g",
     "url": "https://www.prismamarket.ee/entry/16976/kuivatatud-kivipuravik-35g/4742798003233",
     "hind": "4 99 /tk"
    },
    {
     "product": "Kuivatatud kukeseened 30g",
     "url": "https://www.prismamarket.ee/entry/16976/kuivatatud-kukeseened-30g/4742798006548",
     "hind": "4 59 /tk"
    },
    {
     "product": "Kuivatatud must torbikseen 25 g",
     "url": "https://www.prismamarket.ee/entry/16976/kuivatatud-must-torbikseen-25-g/4742798002229",
     "hind": "4 29 /tk"
    },
    {
     "product": "Shampinjon baby 230 g",
     "url": "https://www.prismamarket.ee/entry/16976/shampinjon-baby-230-g/4742960010076",
     "hind": "1 79 /tk"
    },
    {
     "product": "Seen Shimeji valge 150 g",
     "url": "https://www.prismamarket.ee/entry/16976/seen-shimeji-valge-150-g/6930299220084",
     "hind": "1 69 /tk"
    },
    {
     "product": "Seen Shimeji pruun 150 g",
     "url": "https://www.prismamarket.ee/entry/16976/seen-shimeji-pruun-150-g/6930299220107",
     "hind": "1 69 /tk"
    },
    {
     "product": "Marineeritud kivipuravik 500 g",
     "url": "https://www.prismamarket.ee/entry/16976/marineeritud-kivipuravik-500-g/4742798000232",
     "hind": "5 99 /tk"
    },
    {
     "product": "Šampinjon",
     "url": "https://www.prismamarket.ee/entry/16976/sampinjon/2060580400001",
     "hind": "2 89 /kg"
    },
    {
     "product": "Šampinjon baby, 200 g",
     "url": "https://www.prismamarket.ee/entry/16976/sampinjon-baby--200-g/4771085203315",
     "hind": "1 49 /tk"
    },
    {
     "product": "Marineeritud šampinjonid, 500 g",
     "url": "https://www.prismamarket.ee/entry/16976/marineeritud-sampinjonid--500-g/4742798003219",
     "hind": "4 19 /tk"
    },
    {
     "product": "Marineeritud kukeseen, 500g",
     "url": "https://www.prismamarket.ee/entry/16976/marineeritud-kukeseen--500g/4742798001123",
     "hind": "4 79 /tk"
    },
    {
     "product": "Marineeritud männiriisikad, 450 g",
     "url": "https://www.prismamarket.ee/entry/16976/marineeritud-manniriisikad--450-g/4740536111011",
     "hind": "3 99 /tk"
    }
   ]
  },
  {
   "info": [
    {
     "product": "Basiilik potis",
     "url": "https://www.prismamarket.ee/entry/17336/basiilik-potis/4741116000077",
     "hind": "1 29 /tk"
    },
    {
     "product": "Till potis",
     "url": "https://www.prismamarket.ee/entry/17336/till-potis/4741116000046",
     "hind": "1 29 /tk"
    },
    {
     "product": "Koriander potis",
     "url": "https://www.prismamarket.ee/entry/17336/koriander-potis/4741116000398",
     "hind": "1 29 /tk"
    },
    {
     "product": "Petersell potis",
     "url": "https://www.prismamarket.ee/entry/17336/petersell-potis/4741116000053",
     "hind": "1 29 /tk"
    },
    {
     "product": "Murulauk potis",
     "url": "https://www.prismamarket.ee/entry/17336/murulauk-potis/4741116000060",
     "hind": "1 29 /tk"
    },
    {
     "product": "Murulauk potis",
     "url": "https://www.prismamarket.ee/entry/17336/murulauk-potis/6414893388239",
     "hind": "1 19 /tk"
    },
    {
     "product": "Basiilik potis",
     "url": "https://www.prismamarket.ee/entry/17336/basiilik--potis/6414893388246",
     "hind": "1 39 /tk"
    },
    {
     "product": "Münt potis",
     "url": "https://www.prismamarket.ee/entry/17336/munt-potis/6414893388345",
     "hind": "1 39 /tk"
    },
    {
     "product": "Nisuoras potis",
     "url": "https://www.prismamarket.ee/entry/17336/nisuoras-potis/6414893388406",
     "hind": "1 49 /tk"
    },
    {
     "product": "Koriander potis",
     "url": "https://www.prismamarket.ee/entry/17336/koriander-potis/6414893388253",
     "hind": "1 39 /tk"
    },
    {
     "product": "Petersell potis",
     "url": "https://www.prismamarket.ee/entry/17336/petersell-potis/6414893388222",
     "hind": "1 19 /tk"
    },
    {
     "product": "Tüümian potis",
     "url": "https://www.prismamarket.ee/entry/17336/tuumian-potis/6414893388260",
     "hind": "1 29 /tk"
    },
    {
     "product": "Aed-majoraan",
     "url": "https://www.prismamarket.ee/entry/17336/aed-majoraan/6414893388277",
     "hind": "1 29 /tk"
    },
    {
     "product": "Rosmariin, 50 g",
     "url": "https://www.prismamarket.ee/entry/17336/rosmariin--50-g/8028495000598",
     "hind": "1 69 /tk"
    },
    {
     "product": "Koriander, 50 g",
     "url": "https://www.prismamarket.ee/entry/17336/koriander--50-g/8028495000376",
     "hind": "1 69 /tk"
    },
    {
     "product": "Roheline sibul, pakitud, 100 g",
     "url": "https://www.prismamarket.ee/entry/17336/roheline--sibul--pakitud--100-g/4742022670026",
     "hind": "0 69 /tk"
    },
    {
     "product": "Rosmariin potis",
     "url": "https://www.prismamarket.ee/entry/17336/rosmariin-potis/4740608092163",
     "hind": "2 19 /tk"
    },
    {
     "product": "Estragon potis",
     "url": "https://www.prismamarket.ee/entry/17336/estragon-potis/6430021740069",
     "hind": "2 79 /tk"
    },
    {
     "product": "Lehtpetersell potis",
     "url": "https://www.prismamarket.ee/entry/17336/lehtpetersell-potis/6414893388352",
     "hind": "1 39 /tk"
    },
    {
     "product": "Müür-liivsinep potis",
     "url": "https://www.prismamarket.ee/entry/17336/muur-liivsinep-potis/6430021740403",
     "hind": "2 79 /tk"
    },
    {
     "product": "Oregano potis",
     "url": "https://www.prismamarket.ee/entry/17336/oregano-potis/6430021740083",
     "hind": "2 79 /tk"
    },
    {
     "product": "Petersell, 30 g",
     "url": "https://www.prismamarket.ee/entry/17336/petersell--30-g/6414894500289",
     "hind": "0 99 /tk"
    },
    {
     "product": "Piparmünt potis",
     "url": "https://www.prismamarket.ee/entry/17336/piparmunt-potis/6430021740106",
     "hind": "2 79 /tk"
    },
    {
     "product": "Salvei potis",
     "url": "https://www.prismamarket.ee/entry/17336/salvei-potis/6430021740045",
     "hind": "2 79 /tk"
    },
    {
     "product": "Sidrun-liivatee potis",
     "url": "https://www.prismamarket.ee/entry/17336/sidrun-liivatee-potis/6430021740076",
     "hind": "2 79 /tk"
    },
    {
     "product": "Till, 30 g",
     "url": "https://www.prismamarket.ee/entry/17336/till--30-g/6414894500272",
     "hind": "1 19 /tk"
    },
    {
     "product": "Punane basiilik mahe",
     "url": "https://www.prismamarket.ee/entry/17336/punane-basiilik-mahe/6415350010533",
     "hind": "2 89 /tk"
    },
    {
     "product": "Deliverde lehtpetersell",
     "url": "https://www.prismamarket.ee/entry/17336/deliverde-lehtpetersell/6430021740175",
     "hind": "2 99 /tk"
    },
    {
     "product": "Sidrunhein, 50 g",
     "url": "https://www.prismamarket.ee/entry/17336/sidrunhein--50-g/7340083404672",
     "hind": "1 49 /tk"
    },
    {
     "product": "Lehtpetersell, pakitud alusel",
     "url": "https://www.prismamarket.ee/entry/17336/lehtpetersell--pakitud-alusel/2060523100005",
     "hind": "8 99 /kg"
    },
    {
     "product": "Till, pakitud alusel",
     "url": "https://www.prismamarket.ee/entry/17336/till--pakitud--alusel/2060524000007",
     "hind": "11 99 /kg"
    },
    {
     "product": "Till potis",
     "url": "https://www.prismamarket.ee/entry/17336/till-potis/6414893388215",
     "hind": "1 19 /tk"
    },
    {
     "product": "Hernevõrsed potis",
     "url": "https://www.prismamarket.ee/entry/17336/hernevorsed-potis/4741116000374",
     "hind": "1 29 /tk"
    }
   ]
  }
 ]
}