{
 "name": "VALMISTOIT",
 "tooted": [
  {
   "info": [
    {
     "product": "Kanasupp 300 g",
     "url": "https://www.prismamarket.ee/entry/17195/kanasupp-300-g/4740184500427",
     "hind": "1 89 /tk"
    },
    {
     "product": "Kodune seljanka 300 g",
     "url": "https://www.prismamarket.ee/entry/17195/kodune-seljanka-300-g/4740184500519",
     "hind": "1 89 /tk"
    },
    {
     "product": "Plov sealihast 300 g",
     "url": "https://www.prismamarket.ee/entry/17195/plov-sealihast-300-g/4740584000152",
     "hind": "2 19 /tk"
    },
    {
     "product": "Frikadellisupp 300 g",
     "url": "https://www.prismamarket.ee/entry/17195/frikadellisupp-300-g/4740184500410",
     "hind": "1 59 /tk"
    },
    {
     "product": "Hakklihakaste tatraga 400 g",
     "url": "https://www.prismamarket.ee/entry/17195/hakklihakaste-tatraga-400-g/4740584001357",
     "hind": "2 19 /tk"
    },
    {
     "product": "Azuu 300 g",
     "url": "https://www.prismamarket.ee/entry/17195/azuu-300-g/4742910010606",
     "hind": "1 39 /tk"
    },
    {
     "product": "Maksastrooganov ahjukartuliga 400 g",
     "url": "https://www.prismamarket.ee/entry/17195/maksastrooganov-ahjukartuliga-400-g/4740584001463",
     "hind": "2 49 /tk"
    },
    {
     "product": "Kodune juurviljahautis 300 g",
     "url": "https://www.prismamarket.ee/entry/17195/kodune-juurviljahautis-300-g/4740584000244",
     "hind": "1 99 /tk"
    },
    {
     "product": "Borš 300 g",
     "url": "https://www.prismamarket.ee/entry/17195/bors-300-g/4740184500403",
     "hind": "1 59 /tk"
    },
    {
     "product": "Sealiha guljašš kartulipüreega 450 g",
     "url": "https://www.prismamarket.ee/entry/17195/sealiha-guljass-kartulipureega-450-g/4740584002613",
     "hind": "2 99 /tk"
    },
    {
     "product": "Pasta singi-koorekastmes 300 g",
     "url": "https://www.prismamarket.ee/entry/17195/pasta-singi-koorekastmes-300-g/4740184500533",
     "hind": "2 39 /tk"
    },
    {
     "product": "Makaronid hakklihaga 350 g",
     "url": "https://www.prismamarket.ee/entry/17195/makaronid-hakklihaga-350-g/4740584001395",
     "hind": "1 99 /tk"
    },
    {
     "product": "Hakklihakaste kartulipüreega 300 g",
     "url": "https://www.prismamarket.ee/entry/17195/hakklihakaste-kartulipureega-300-g/4740184510686",
     "hind": "2 29 /tk"
    },
    {
     "product": "Köögiviljapüreesupp kanaga 300 g",
     "url": "https://www.prismamarket.ee/entry/17195/koogiviljapureesupp-kanaga-300-g/4740184510983",
     "hind": "2 19 /tk"
    },
    {
     "product": "Seljanka põhi 500 g",
     "url": "https://www.prismamarket.ee/entry/17195/seljanka-pohi-500-g/4740584000312",
     "hind": "3 19 /tk"
    },
    {
     "product": "Forellisupp 300 g",
     "url": "https://www.prismamarket.ee/entry/17195/forellisupp-300-g/4740184511072",
     "hind": "2 59 /tk"
    },
    {
     "product": "Ökoloogiline köögiviljapüreesupp kanafileega 300 g",
     "url": "https://www.prismamarket.ee/entry/17195/okoloogiline-koogiviljapureesupp-kanafileega-300-g/4740073073773",
     "hind": "2 69 /tk"
    },
    {
     "product": "Suitsusingipasta sulajuustuga 300 g",
     "url": "https://www.prismamarket.ee/entry/17195/suitsusingipasta-sulajuustuga-300-g/4740184600899",
     "hind": "2 39 /tk"
    },
    {
     "product": "Spinatisupp 300 g",
     "url": "https://www.prismamarket.ee/entry/17195/spinatisupp-300-g/6415712903435",
     "hind": "1 19 /tk"
    },
    {
     "product": "Koorene kartulivorm 700 g",
     "url": "https://www.prismamarket.ee/entry/17195/koorene-kartulivorm-700-g/6415712904890",
     "hind": "3 69 /tk"
    },
    {
     "product": "Rainbow kreemine tomatisupp, 570 ml",
     "url": "https://www.prismamarket.ee/entry/17195/rainbow-kreemine-tomatisupp--570-ml/7340011494164",
     "hind": "2 19 /tk"
    },
    {
     "product": "Jalostaja hernesupp lihaga, 550 ml",
     "url": "https://www.prismamarket.ee/entry/17195/jalostaja-hernesupp-lihaga--550-ml/6409536651009",
     "hind": "2 39 /tk"
    },
    {
     "product": "Põltsamaa TOPZ! Minestroone tomatine supp, 380 g",
     "url": "https://www.prismamarket.ee/entry/17195/poltsamaa-topz--minestroone-tomatine-supp--380-g/4740029063124",
     "hind": "2 49 /tk"
    },
    {
     "product": "Eine kana tikka masala 320 g",
     "url": "https://www.prismamarket.ee/entry/17195/eine-kana-tikka-masala-320-g/6409100071356",
     "hind": "3 59 /tk"
    },
    {
     "product": "Forellivorm, gluteenivaba, laktoosivaba 300 g",
     "url": "https://www.prismamarket.ee/entry/17195/forellivorm--gluteenivaba--laktoosivaba-300-g/6414893502536",
     "hind": "1 99 /tk"
    },
    {
     "product": "Tesco Plant Chef läätse-paprikasupp 400 g",
     "url": "https://www.prismamarket.ee/entry/17195/tesco-plant-chef-laatse-paprikasupp-400-g/5057753901165",
     "hind": "1 59 /tk"
    },
    {
     "product": "Lihapallid ahjukartuli ja kastmega 400 g",
     "url": "https://www.prismamarket.ee/entry/17195/lihapallid-ahjukartuli-ja-kastmega-400-g/4740184500557",
     "hind": "2 79 /tk"
    },
    {
     "product": "Hakkšnitsel ahjukartuliga 390 g",
     "url": "https://www.prismamarket.ee/entry/17195/hakksnitsel-ahjukartuliga-390-g/4740584004280",
     "hind": "2 59 /tk"
    },
    {
     "product": "Pasta Spagetti Carbonara 370 g",
     "url": "https://www.prismamarket.ee/entry/17195/pasta-spagetti-carbonara-370-g/4742513006662",
     "hind": "3 69 /tk"
    },
    {
     "product": "Kanafilee hakk-kotlet ahjukartuliga 420 g",
     "url": "https://www.prismamarket.ee/entry/17195/kanafilee-hakk-kotlet-ahjukartuliga-420-g/4740584003696",
     "hind": "3 29 /tk"
    },
    {
     "product": "Spageti bolognese 500 g",
     "url": "https://www.prismamarket.ee/entry/17195/spageti-bolognese-500-g/6415712905194",
     "hind": "2 39 /tk"
    },
    {
     "product": "Mee-tšilli WOK kanaliha ja nuudliga 380 g",
     "url": "https://www.prismamarket.ee/entry/17195/mee-tsilli-wok-kanaliha-ja-nuudliga-380-g/4742513005016",
     "hind": "3 49 /tk"
    },
    {
     "product": "Koorene kanapasta 300 g",
     "url": "https://www.prismamarket.ee/entry/17195/koorene-kanapasta-300-g/4740184300881",
     "hind": "2 39 /tk"
    },
    {
     "product": "Kõrvitsapüreesupp 300 g",
     "url": "https://www.prismamarket.ee/entry/17195/korvitsapureesupp-300-g/4740184300874",
     "hind": "2 19 /tk"
    },
    {
     "product": "Lasanje 1 kg",
     "url": "https://www.prismamarket.ee/entry/17195/lasanje-1-kg/7340011403456",
     "hind": "3 79 /tk"
    },
    {
     "product": "Tom Kha supp, 300 g",
     "url": "https://www.prismamarket.ee/entry/17195/tom-kha-supp--300-g/4740184600455",
     "hind": "2 59 /tk"
    },
    {
     "product": "Hapukapsasupp, 300 g",
     "url": "https://www.prismamarket.ee/entry/17195/hapukapsasupp--300-g/4740184600448",
     "hind": "1 89 /tk"
    },
    {
     "product": "Kalabitkiid kartulipüreega 460 g",
     "url": "https://www.prismamarket.ee/entry/17195/kalabitkiid-kartulipureega-460-g/4740584001333",
     "hind": "2 69 /tk"
    },
    {
     "product": "Kanasupp 300 g",
     "url": "https://www.prismamarket.ee/entry/17195/kanasupp-300-g/6415712903497",
     "hind": "1 69 /tk"
    },
    {
     "product": "Ökoloogiline kõrvitsapüreesupp kookospiimaga 300 g",
     "url": "https://www.prismamarket.ee/entry/17195/okoloogiline-korvitsapureesupp-kookospiimaga-300-g/4740073073797",
     "hind": "2 69 /tk"
    },
    {
     "product": "Ökoloogiline tomatipüreesupp ürtidega 300 g",
     "url": "https://www.prismamarket.ee/entry/17195/okoloogiline-tomatipureesupp-urtidega-300-g/4740073073780",
     "hind": "2 69 /tk"
    },
    {
     "product": "Chilli Con Carne 300 g",
     "url": "https://www.prismamarket.ee/entry/17195/chilli-con-carne-300-g/4742513007096",
     "hind": "3 49 /tk"
    },
    {
     "product": "Riisikauss broileriga 280 g",
     "url": "https://www.prismamarket.ee/entry/17195/riisikauss-broileriga-280-g/4740376026803",
     "hind": "3 69 /tk"
    },
    {
     "product": "Nuudlikauss soolalõhega 280 g",
     "url": "https://www.prismamarket.ee/entry/17195/nuudlikauss-soolalohega-280-g/4740376027701",
     "hind": "3 69 /tk"
    },
    {
     "product": "Riisikauss veisepõselihaga 265 g",
     "url": "https://www.prismamarket.ee/entry/17195/riisikauss-veiseposelihaga-265-g/4740376026407",
     "hind": "3 69 /tk"
    },
    {
     "product": "Tesco Plant Chef tomati-kikerherne-baklažaanisupp 400 g",
     "url": "https://www.prismamarket.ee/entry/17195/tesco-plant-chef-tomati-kikerherne-baklazaanisupp-400-g/5057753897925",
     "hind": "1 59 /tk"
    },
    {
     "product": "Singivorm, gluteenivaba, laktoosivaba 300 g",
     "url": "https://www.prismamarket.ee/entry/17195/singivorm--gluteenivaba--laktoosivaba-300-g/6415712905507",
     "hind": "1 89 /tk"
    },
    {
     "product": "Forellisupp, gluteenivaba, laktoosivaba 300 g",
     "url": "https://www.prismamarket.ee/entry/17195/forellisupp--gluteenivaba--laktoosivaba-300-g/6415712903459",
     "hind": "1 99 /tk"
    },
    {
     "product": "Red thai curry eine 320 g",
     "url": "https://www.prismamarket.ee/entry/17195/red-thai-curry-eine-320-g/6409100071899",
     "hind": "3 59 /tk"
    },
    {
     "product": "Kartulipudru-loomaliha vorm 350 g",
     "url": "https://www.prismamarket.ee/entry/17195/kartulipudru-loomaliha-vorm-350-g/6414893502116",
     "hind": "2 19 /tk"
    },
    {
     "product": "Kollane tai karri & riis 300 g",
     "url": "https://www.prismamarket.ee/entry/17195/kollane-tai-karri---riis-300-g/4748001010371",
     "hind": "3 19 /tk"
    },
    {
     "product": "Tomati-kikerherne püreesupp 300 g",
     "url": "https://www.prismamarket.ee/entry/17195/tomati-kikerherne-pureesupp-300-g/4740184601070",
     "hind": "2 29 /tk"
    },
    {
     "product": "Riisikauss pardifileega 280 g",
     "url": "https://www.prismamarket.ee/entry/17195/riisikauss-pardifileega-280-g/4740376026506",
     "hind": "2 99 /tk"
    },
    {
     "product": "Riisikauss soolalõhega 280 g",
     "url": "https://www.prismamarket.ee/entry/17195/riisikauss-soolalohega-280-g/4740376026704",
     "hind": "2 99 /tk"
    },
    {
     "product": "Ramen veisepõselihaga 305 g",
     "url": "https://www.prismamarket.ee/entry/17195/ramen-veiseposelihaga-305-g/4740376026902",
     "hind": "4 59 /tk"
    },
    {
     "product": "Nuudlikauss broileriga 280 g",
     "url": "https://www.prismamarket.ee/entry/17195/nuudlikauss-broileriga-280-g/4740376027800",
     "hind": "2 99 /tk"
    },
    {
     "product": "Maroko kanaroog 300 g",
     "url": "https://www.prismamarket.ee/entry/17195/maroko-kanaroog-300-g/4742513007065",
     "hind": "3 79 /tk"
    },
    {
     "product": "Burgundia pada 300 g",
     "url": "https://www.prismamarket.ee/entry/17195/burgundia-pada-300-g/4742513007140",
     "hind": "3 49 /tk"
    },
    {
     "product": "Kimchi rassolnik 300 g",
     "url": "https://www.prismamarket.ee/entry/17195/kimchi-rassolnik-300-g/4742513007126",
     "hind": "2 99 /tk"
    },
    {
     "product": "Röstitud kanafilee bulguriploviga 280g",
     "url": "https://www.prismamarket.ee/entry/17195/rostitud-kanafilee-bulguriploviga-280g/4740584006383",
     "hind": "3 49 /tk"
    },
    {
     "product": "Vürtsikad kana riisinuudlid köögiviljadega 300 g",
     "url": "https://www.prismamarket.ee/entry/17195/vurtsikad-kana-riisinuudlid-koogiviljadega-300-g/4748001013099",
     "hind": "2 99 /tk"
    },
    {
     "product": "Võikana kookospiimaga 310 g",
     "url": "https://www.prismamarket.ee/entry/17195/voikana-kookospiimaga-310-g/4742513006624",
     "hind": "3 09 /tk"
    },
    {
     "product": "Mehhiko kanaroog riisinuudlitega 300 g",
     "url": "https://www.prismamarket.ee/entry/17195/mehhiko-kanaroog-riisinuudlitega-300-g/4742513006648",
     "hind": "3 09 /tk"
    },
    {
     "product": "Pasta bolognese 335 g",
     "url": "https://www.prismamarket.ee/entry/17195/pasta-bolognese-335-g/6409100070328",
     "hind": "3 39 /tk"
    }
   ]
  },
  {
   "info": [
    {
     "product": "Kanapihvid 320 g",
     "url": "https://www.prismamarket.ee/entry/17196/kanapihvid-320-g/4740046004070",
     "hind": "0 89 /tk"
    },
    {
     "product": "Kanašnitsel 220 g",
     "url": "https://www.prismamarket.ee/entry/17196/kanasnitsel-220-g/4740625000400",
     "hind": "2 39 /tk"
    },
    {
     "product": "Keedetud tatar 200 g",
     "url": "https://www.prismamarket.ee/entry/17196/keedetud-tatar-200-g/4740584000848",
     "hind": "0 89 /tk"
    },
    {
     "product": "Väike kotlet 290 g",
     "url": "https://www.prismamarket.ee/entry/17196/vaike-kotlet-290-g/4740625000851",
     "hind": "1 19 /tk"
    },
    {
     "product": "Kana-juustupihvid 320 g",
     "url": "https://www.prismamarket.ee/entry/17196/kana-juustupihvid-320-g/4740046004049",
     "hind": "0 89 /tk"
    },
    {
     "product": "Kartulipüree 300 g",
     "url": "https://www.prismamarket.ee/entry/17196/kartulipuree-300-g/4740584000756",
     "hind": "1 79 /tk"
    },
    {
     "product": "Pozarski kotlet 350 g",
     "url": "https://www.prismamarket.ee/entry/17196/pozarski-kotlet-350-g/4740046005435",
     "hind": "1 79 /tk"
    },
    {
     "product": "Ahjukartul 300 g",
     "url": "https://www.prismamarket.ee/entry/17196/ahjukartul-300-g/4740584001203",
     "hind": "1 39 /tk"
    },
    {
     "product": "Kanafileest hakkšnitsel 340 g",
     "url": "https://www.prismamarket.ee/entry/17196/kanafileest-hakksnitsel-340-g/4740046004711",
     "hind": "2 19 /tk"
    },
    {
     "product": "Kruubipuder pekiga 400 g",
     "url": "https://www.prismamarket.ee/entry/17196/kruubipuder-pekiga-400-g/4740584001753",
     "hind": "1 29 /tk"
    },
    {
     "product": "Soja grillkotlett 250 g",
     "url": "https://www.prismamarket.ee/entry/17196/soja-grillkotlett-250-g/4742117000554",
     "hind": "1 59 /tk"
    },
    {
     "product": "Tofu kroket ürtidega 200 g",
     "url": "https://www.prismamarket.ee/entry/17196/tofu-kroket-urtidega-200-g/4742117000806",
     "hind": "1 89 /tk"
    },
    {
     "product": "Soja hakk-kotlet 250 g",
     "url": "https://www.prismamarket.ee/entry/17196/soja-hakk-kotlet-250-g/4742117000547",
     "hind": "1 79 /tk"
    },
    {
     "product": "Hakitud soja tomatikastmes 300 g",
     "url": "https://www.prismamarket.ee/entry/17196/hakitud-soja-tomatikastmes-300-g/4742117001070",
     "hind": "1 59 /tk"
    },
    {
     "product": "Lihapallid 350 g",
     "url": "https://www.prismamarket.ee/entry/17196/lihapallid-350-g/4740171084657",
     "hind": "2 09 /tk"
    },
    {
     "product": "Tortelloonid kana-peekoni täidisega 250 g",
     "url": "https://www.prismamarket.ee/entry/17196/tortelloonid-kana-peekoni-taidisega-250-g/6415712903152",
     "hind": "1 69 /tk"
    },
    {
     "product": "Lihapihvid, sulajuustutäidisega 400 g",
     "url": "https://www.prismamarket.ee/entry/17196/lihapihvid--sulajuustutaidisega-400-g/4740171185774",
     "hind": "2 69 /tk"
    },
    {
     "product": "Ravioolid spinati ja ricottaga 300 g",
     "url": "https://www.prismamarket.ee/entry/17196/ravioolid-spinati-ja-ricottaga-300-g/4744262011133",
     "hind": "2 49 /tk"
    },
    {
     "product": "Rebitud kaer tomatiga 240 g",
     "url": "https://www.prismamarket.ee/entry/17196/rebitud-kaer-tomatiga-240-g/6430061140515",
     "hind": "3 79 /tk"
    },
    {
     "product": "Vinnutatud singi täidisega tortelloonid 250 g",
     "url": "https://www.prismamarket.ee/entry/17196/vinnutatud-singi-taidisega-tortelloonid-250-g/6415712905286",
     "hind": "1 69 /tk"
    },
    {
     "product": "Delikatess Kiievi kotlet, 270 g",
     "url": "https://www.prismamarket.ee/entry/17196/delikatess-kiievi-kotlet--270-g/4740625001902",
     "hind": "2 49 /tk"
    },
    {
     "product": "Kanaburgeri pihv, 660 g",
     "url": "https://www.prismamarket.ee/entry/17196/kanaburgeri-pihv--660-g/4740046011207",
     "hind": "1 89 /tk"
    },
    {
     "product": "Lihapihvid 400 g",
     "url": "https://www.prismamarket.ee/entry/17196/lihapihvid-400-g/4740171085968",
     "hind": "2 19 /tk"
    },
    {
     "product": "Kikerherne-porgandi pallid 200 g",
     "url": "https://www.prismamarket.ee/entry/17196/kikerherne-porgandi-pallid-200-g/4740667249188",
     "hind": "1 89 /tk"
    },
    {
     "product": "Kikerherne-porgandi kotlet 240 g",
     "url": "https://www.prismamarket.ee/entry/17196/kikerherne-porgandi-kotlet-240-g/4740667249218",
     "hind": "2 29 /tk"
    },
    {
     "product": "Kikerherne-kapsa kotletid 240 g Vegan",
     "url": "https://www.prismamarket.ee/entry/17196/kikerherne-kapsa-kotletid-240-g-vegan/4740667249287",
     "hind": "1 79 /tk"
    },
    {
     "product": "Oa-peedikotlet 240 g Vegan",
     "url": "https://www.prismamarket.ee/entry/17196/oa-peedikotlet-240-g-vegan/4740667249430",
     "hind": "2 59 /tk"
    },
    {
     "product": "Kuldne šnitsel 250 g",
     "url": "https://www.prismamarket.ee/entry/17196/kuldne-snitsel-250-g/4740579541431",
     "hind": "1 99 /tk"
    },
    {
     "product": "Pihvid 400 g",
     "url": "https://www.prismamarket.ee/entry/17196/pihvid-400-g/4740189074206",
     "hind": "2 69 /tk"
    },
    {
     "product": "Rebitud kaer 240 g",
     "url": "https://www.prismamarket.ee/entry/17196/rebitud-kaer-240-g/6430061140522",
     "hind": "3 79 /tk"
    },
    {
     "product": "Kanapallid 360 g",
     "url": "https://www.prismamarket.ee/entry/17196/kanapallid-360-g/4740046011665",
     "hind": "0 99 /tk"
    },
    {
     "product": "Pihvid 400 g",
     "url": "https://www.prismamarket.ee/entry/17196/pihvid-400-g/4740003014180",
     "hind": "2 49 /tk"
    },
    {
     "product": "Pihvid juustuga 400 g",
     "url": "https://www.prismamarket.ee/entry/17196/pihvid-juustuga-400-g/4740003014197",
     "hind": "2 29 /tk"
    },
    {
     "product": "Ravioolid Teriyaki kanaga 300 g",
     "url": "https://www.prismamarket.ee/entry/17196/ravioolid-teriyaki-kanaga-300-g/4744262011317",
     "hind": "2 79 /tk"
    },
    {
     "product": "Kana fileepulgad 175 g",
     "url": "https://www.prismamarket.ee/entry/17196/kana-fileepulgad-175-g/4740625001889",
     "hind": "1 49 /tk"
    },
    {
     "product": "Kanapallid 1 kg",
     "url": "https://www.prismamarket.ee/entry/17196/kanapallid-1-kg/4740003010588",
     "hind": "2 29 /tk"
    },
    {
     "product": "Perepihv 400 g",
     "url": "https://www.prismamarket.ee/entry/17196/perepihv-400-g/4740003010601",
     "hind": "1 17 /tk"
    },
    {
     "product": "Järlepa kotlet 480 g",
     "url": "https://www.prismamarket.ee/entry/17196/jarlepa-kotlet-480-g/4740046007347",
     "hind": "1 35 /tk"
    },
    {
     "product": "Lihapihvid juustuga 400 g",
     "url": "https://www.prismamarket.ee/entry/17196/lihapihvid-juustuga-400-g/4740171085975",
     "hind": "2 29 /tk"
    },
    {
     "product": "Kapsasnitsel 315 g",
     "url": "https://www.prismamarket.ee/entry/17196/kapsasnitsel-315-g/4742910010484",
     "hind": "1 69 /tk"
    },
    {
     "product": "Mini lihapallid 300 g",
     "url": "https://www.prismamarket.ee/entry/17196/mini-lihapallid-300-g/4740003011646",
     "hind": "1 85 /tk"
    },
    {
     "product": "Lillkapsa-brokkolipihvid (vegan) 300 g",
     "url": "https://www.prismamarket.ee/entry/17196/lillkapsa-brokkolipihvid--vegan--300-g/4742910012877",
     "hind": "2 19 /tk"
    },
    {
     "product": "Juustu ja päikesekuivatatud tomati täidisega tortelloonid 250 g",
     "url": "https://www.prismamarket.ee/entry/17196/juustu-ja-paikesekuivatatud-tomati-taidisega-tortelloonid-250-g/6415712901721",
     "hind": "1 69 /tk"
    },
    {
     "product": "Tortelloonid Ricotta, Edami, Emmentali, Grana Padano ja Gorgo...",
     "url": "https://www.prismamarket.ee/entry/17196/tortelloonid-ricotta--edami--emmentali--grana-padano-ja-gorgonzolajuustu-taidisega-250-g/6415712901745",
     "hind": "1 69 /tk"
    },
    {
     "product": "Fettuccine 300 g",
     "url": "https://www.prismamarket.ee/entry/17196/fettuccine-300-g/6415712904272",
     "hind": "1 89 /tk"
    },
    {
     "product": "Porgandipihvid 300 g",
     "url": "https://www.prismamarket.ee/entry/17196/porgandipihvid-300-g/4742910012952",
     "hind": "1 99 /tk"
    },
    {
     "product": "Kanalihatasku Cordon Bleu singi ja juustuga 375 g",
     "url": "https://www.prismamarket.ee/entry/17196/kanalihatasku-cordon-bleu-singi-ja-juustuga-375-g/4770276200904",
     "hind": "2 19 /tk"
    },
    {
     "product": "Lihapallid ürdi-toorjuustuseguga 300 g",
     "url": "https://www.prismamarket.ee/entry/17196/lihapallid-urdi-toorjuustuseguga-300-g/4740003014807",
     "hind": "2 29 /tk"
    },
    {
     "product": "Vebab 250 g",
     "url": "https://www.prismamarket.ee/entry/17196/vebab-250-g/4740667250320",
     "hind": "2 39 /tk"
    },
    {
     "product": "Kalkunilihapihv Esimesed Triibulised 300 g",
     "url": "https://www.prismamarket.ee/entry/17196/kalkunilihapihv-esimesed-triibulised-300-g/4740296012016",
     "hind": "2 59 /tk"
    },
    {
     "product": "Kanalihapihv Esimesed Triibulised 320 g",
     "url": "https://www.prismamarket.ee/entry/17196/kanalihapihv-esimesed-triibulised-320-g/4740296012009",
     "hind": "2 59 /tk"
    },
    {
     "product": "Lihapallid, laktoosivabad 360 g",
     "url": "https://www.prismamarket.ee/entry/17196/lihapallid--laktoosivabad-360-g/6409100070021",
     "hind": "0 99 /tk"
    },
    {
     "product": "Lihaasendaja Texmex, laktoosivaba 250 g",
     "url": "https://www.prismamarket.ee/entry/17196/lihaasendaja-texmex--laktoosivaba-250-g/6408430342143",
     "hind": "3 99 /tk"
    },
    {
     "product": "Lihaasendaja paprika-tšilli, laktoosivaba 250 g",
     "url": "https://www.prismamarket.ee/entry/17196/lihaasendaja-paprika-tsilli--laktoosivaba-250-g/6408430340958",
     "hind": "3 99 /tk"
    },
    {
     "product": "Kiievi kotlet 300 g",
     "url": "https://www.prismamarket.ee/entry/17196/kiievi-kotlet-300-g/4740046011801",
     "hind": "3 59 /tk"
    },
    {
     "product": "Kanatasku juustutäidisega 230 g",
     "url": "https://www.prismamarket.ee/entry/17196/kanatasku-juustutaidisega-230-g/4740625003043",
     "hind": "1 69 /tk"
    },
    {
     "product": "Lihapallid 345 g",
     "url": "https://www.prismamarket.ee/entry/17196/lihapallid-345-g/4740189074244",
     "hind": "1 99 /tk"
    },
    {
     "product": "Seitan pikantne 200 g",
     "url": "https://www.prismamarket.ee/entry/17196/seitan-pikantne-200-g/4742117001681",
     "hind": "2 59 /tk"
    },
    {
     "product": "Ravioolid BBQ lihaga 300 g",
     "url": "https://www.prismamarket.ee/entry/17196/ravioolid-bbq-lihaga-300-g/4744262011324",
     "hind": "2 79 /tk"
    },
    {
     "product": "Peedipallid 230 g",
     "url": "https://www.prismamarket.ee/entry/17196/peedipallid-230-g/4740667250108",
     "hind": "1 79 /tk"
    },
    {
     "product": "Hamburgeri pihvid veiselihast 380 g",
     "url": "https://www.prismamarket.ee/entry/17196/hamburgeri-pihvid-veiselihast-380-g/4740189074237",
     "hind": "3 39 /tk"
    },
    {
     "product": "Kanapihvid 400 g",
     "url": "https://www.prismamarket.ee/entry/17196/kanapihvid-400-g/4740171180458",
     "hind": "1 99 /tk"
    },
    {
     "product": "Paneeritud kanafileešnitsel 340 g",
     "url": "https://www.prismamarket.ee/entry/17196/paneeritud-kanafileesnitsel-340-g/4740171182872",
     "hind": "2 59 /tk"
    },
    {
     "product": "Kartulikotlet köögiviljatäidisega 240 g",
     "url": "https://www.prismamarket.ee/entry/17196/kartulikotlet-koogiviljataidisega-240-g/4740667249546",
     "hind": "2 39 /tk"
    },
    {
     "product": "Falafel 230 g",
     "url": "https://www.prismamarket.ee/entry/17196/falafel-230-g/4740667250030",
     "hind": "2 19 /tk"
    },
    {
     "product": "Kaera-Märt 220 g",
     "url": "https://www.prismamarket.ee/entry/17196/kaera-mart--220-g/4740667250016",
     "hind": "1 99 /tk"
    },
    {
     "product": "Suvikõrvitsa- bataadikotletid 260 g",
     "url": "https://www.prismamarket.ee/entry/17196/suvikorvitsa--bataadikotletid-260-g/4740667250061",
     "hind": "2 69 /tk"
    },
    {
     "product": "Vegan Veekon 80 g",
     "url": "https://www.prismamarket.ee/entry/17196/vegan-veekon-80-g/4740667249744",
     "hind": "2 19 /tk"
    },
    {
     "product": "Lihapallid toorjuustuseguga 300 g",
     "url": "https://www.prismamarket.ee/entry/17196/lihapallid-toorjuustuseguga-300-g/4740003014791",
     "hind": "2 29 /tk"
    },
    {
     "product": "Mini Kiievi kotlet tillivõiga 300 g",
     "url": "https://www.prismamarket.ee/entry/17196/mini-kiievi-kotlet-tillivoiga-300-g/4740046012013",
     "hind": "2 99 /tk"
    },
    {
     "product": "Lihakas lihapall 300 g",
     "url": "https://www.prismamarket.ee/entry/17196/lihakas-lihapall-300-g/4740003014838",
     "hind": "1 99 /tk"
    },
    {
     "product": "Original kaera-seemnepallid 230 g",
     "url": "https://www.prismamarket.ee/entry/17196/original-kaera-seemnepallid-230-g/6424200067030",
     "hind": "2 29 /tk"
    },
    {
     "product": "Tšilli-tomati kaera-seemnepallid 230 g",
     "url": "https://www.prismamarket.ee/entry/17196/tsilli-tomati-kaera-seemnepallid-230-g/6424200067139",
     "hind": "2 29 /tk"
    },
    {
     "product": "Bataadipallid 220 g",
     "url": "https://www.prismamarket.ee/entry/17196/bataadipallid-220-g/4740667250047",
     "hind": "2 49 /tk"
    },
    {
     "product": "Värske pasta fettuccine, naturaalne 500 g",
     "url": "https://www.prismamarket.ee/entry/17196/varske-pasta-fettuccine--naturaalne-500-g/7340011382584",
     "hind": "1 89 /tk"
    }
   ]
  },
  {
   "info": [
    {
     "product": "Oa-singisalat 200 g",
     "url": "https://www.prismamarket.ee/entry/17197/oa-singisalat-200-g/4740584000176",
     "hind": "1 99 /tk"
    },
    {
     "product": "Peedi-küüslaugusalat 200 g",
     "url": "https://www.prismamarket.ee/entry/17197/peedi-kuuslaugusalat-200-g/4740184510273",
     "hind": "1 19 /tk"
    },
    {
     "product": "Kartulisalat usin 1 kg",
     "url": "https://www.prismamarket.ee/entry/17197/kartulisalat-usin-1-kg/4740584001975",
     "hind": "4 19 /tk"
    },
    {
     "product": "Sünnipäeva salat 800 g",
     "url": "https://www.prismamarket.ee/entry/17197/sunnipaeva-salat-800-g/4740584001241",
     "hind": "4 69 /tk"
    },
    {
     "product": "Kartuli-vorsti salat 400g",
     "url": "https://www.prismamarket.ee/entry/17197/kartuli-vorsti-salat-400g/4740584001289",
     "hind": "1 79 /tk"
    },
    {
     "product": "Punane lihasalat 400 g",
     "url": "https://www.prismamarket.ee/entry/17197/punane-lihasalat-400-g/4740184510310",
     "hind": "2 69 /tk"
    },
    {
     "product": "Kartuli-lihasalat 400 g",
     "url": "https://www.prismamarket.ee/entry/17197/kartuli-lihasalat-400-g/4740184510518",
     "hind": "2 69 /tk"
    },
    {
     "product": "Lihafilee salat 800 g",
     "url": "https://www.prismamarket.ee/entry/17197/lihafilee-salat-800-g/4740584001739",
     "hind": "5 99 /tk"
    },
    {
     "product": "Rosolje 400 g",
     "url": "https://www.prismamarket.ee/entry/17197/rosolje-400-g/4740584001302",
     "hind": "2 89 /tk"
    },
    {
     "product": "Rosolje 200 g",
     "url": "https://www.prismamarket.ee/entry/17197/rosolje-200-g/4740584001715",
     "hind": "1 69 /tk"
    },
    {
     "product": "Hiinakapsa-makra salat 200 g",
     "url": "https://www.prismamarket.ee/entry/17197/hiinakapsa-makra-salat-200-g/4740584002743",
     "hind": "1 59 /tk"
    },
    {
     "product": "Metsaseenesalat 180 g",
     "url": "https://www.prismamarket.ee/entry/17197/metsaseenesalat-180-g/4740602004612",
     "hind": "2 19 /tk"
    },
    {
     "product": "Punane lihasalat 800 g",
     "url": "https://www.prismamarket.ee/entry/17197/punane-lihasalat-800-g/4740184510327",
     "hind": "3 99 /tk"
    },
    {
     "product": "Lihafilee salat 200 g",
     "url": "https://www.prismamarket.ee/entry/17197/lihafilee-salat-200-g/4740584001722",
     "hind": "1 89 /tk"
    },
    {
     "product": "Delikatess suitsukanasalat 200 g",
     "url": "https://www.prismamarket.ee/entry/17197/delikatess-suitsukanasalat-200-g/4740584000657",
     "hind": "1 99 /tk"
    },
    {
     "product": "Makaroni-singisalat 200 g",
     "url": "https://www.prismamarket.ee/entry/17197/makaroni-singisalat-200-g/4740541001666",
     "hind": "1 09 /tk"
    },
    {
     "product": "Kodune kanasalat 400 g",
     "url": "https://www.prismamarket.ee/entry/17197/kodune-kanasalat-400-g/4740602003349",
     "hind": "2 49 /tk"
    },
    {
     "product": "Suitsuforelli-pastasalat 800 g",
     "url": "https://www.prismamarket.ee/entry/17197/suitsuforelli-pastasalat-800-g/4740184602268",
     "hind": "4 89 /tk"
    },
    {
     "product": "Kanalihasalat 800 g",
     "url": "https://www.prismamarket.ee/entry/17197/kanalihasalat-800-g/4740184511126",
     "hind": "4 79 /tk"
    },
    {
     "product": "Porgandi-küüslaugusalat 200 g",
     "url": "https://www.prismamarket.ee/entry/17197/porgandi-kuuslaugusalat-200-g/4740541002182",
     "hind": "0 99 /tk"
    },
    {
     "product": "Kartuli-muna salat 300 g",
     "url": "https://www.prismamarket.ee/entry/17197/kartuli-muna-salat-300-g/4740584004273",
     "hind": "2 19 /tk"
    },
    {
     "product": "Tatra-suitsukanasalat 200 g",
     "url": "https://www.prismamarket.ee/entry/17197/tatra-suitsukanasalat-200-g/4740602007637",
     "hind": "1 39 /tk"
    },
    {
     "product": "Kartulisalat singiga 400 g",
     "url": "https://www.prismamarket.ee/entry/17197/kartulisalat-singiga-400-g/4742910011108",
     "hind": "1 99 /tk"
    },
    {
     "product": "Salat Mimoos 300 g",
     "url": "https://www.prismamarket.ee/entry/17197/salat-mimoos-300-g/4742910010972",
     "hind": "2 15 /tk"
    },
    {
     "product": "Makaroni-singi-juustusalat 200 g",
     "url": "https://www.prismamarket.ee/entry/17197/makaroni-singi-juustusalat-200-g/4742910011238",
     "hind": "1 29 /tk"
    },
    {
     "product": "Kasukas kihiline 400 g",
     "url": "https://www.prismamarket.ee/entry/17197/kasukas-kihiline-400-g/4742910011016",
     "hind": "2 29 /tk"
    },
    {
     "product": "Vegan kartulisalat 200 g",
     "url": "https://www.prismamarket.ee/entry/17197/vegan-kartulisalat-200-g/4740584004822",
     "hind": "1 19 /tk"
    },
    {
     "product": "Kartulisalat 1 kg",
     "url": "https://www.prismamarket.ee/entry/17197/kartulisalat-1-kg/7340011465171",
     "hind": "2 49 /tk"
    },
    {
     "product": "Pasta-singisalat, 800 g",
     "url": "https://www.prismamarket.ee/entry/17197/pasta-singisalat--800-g/4740184600363",
     "hind": "4 89 /tk"
    },
    {
     "product": "Sünnipäevasalat 400 g",
     "url": "https://www.prismamarket.ee/entry/17197/sunnipaevasalat-400-g/4740376045002",
     "hind": "2 99 /tk"
    },
    {
     "product": "Peedi-küüslaugusalat 200 g",
     "url": "https://www.prismamarket.ee/entry/17197/peedi-kuuslaugusalat-200-g/4742910010804",
     "hind": "0 99 /tk"
    },
    {
     "product": "Pastasalat muna ja juustuga 300 g",
     "url": "https://www.prismamarket.ee/entry/17197/pastasalat-muna-ja-juustuga-300-g/4740584006680",
     "hind": "2 19 /tk"
    },
    {
     "product": "Vegan kartulisalat 250 g",
     "url": "https://www.prismamarket.ee/entry/17197/vegan-kartulisalat-250-g/4740667250337",
     "hind": "1 99 /tk"
    },
    {
     "product": "Coleslaw salat 200 g",
     "url": "https://www.prismamarket.ee/entry/17197/coleslaw-salat-200-g/4740602006623",
     "hind": "0 99 /tk"
    },
    {
     "product": "Coleslaw salat 350 g",
     "url": "https://www.prismamarket.ee/entry/17197/coleslaw-salat-350-g/6415712904807",
     "hind": "1 39 /tk"
    },
    {
     "product": "Itaaliasalat 400 g",
     "url": "https://www.prismamarket.ee/entry/17197/itaaliasalat-400-g/6415712901417",
     "hind": "1 29 /tk"
    },
    {
     "product": "Peedisalat 400g",
     "url": "https://www.prismamarket.ee/entry/17197/peedisalat-400g/6415712901455",
     "hind": "1 19 /tk"
    },
    {
     "product": "Kartulisalat 400 g",
     "url": "https://www.prismamarket.ee/entry/17197/kartulisalat-400-g/6415712901431",
     "hind": "1 19 /tk"
    },
    {
     "product": "Salat waldorf 250 g",
     "url": "https://www.prismamarket.ee/entry/17197/salat-waldorf-250-g/4742910013409",
     "hind": "1 99 /tk"
    },
    {
     "product": "Riisi-makrasalat 400 g",
     "url": "https://www.prismamarket.ee/entry/17197/riisi-makrasalat-400-g/4740584005454",
     "hind": "2 39 /tk"
    },
    {
     "product": "Tuunikala salat kihina 200g",
     "url": "https://www.prismamarket.ee/entry/17197/tuunikala-salat-kihina-200g/4740584006369",
     "hind": "2 09 /tk"
    }
   ]
  },
  {
   "info": [
    {
     "product": "Vinigrett 300g",
     "url": "https://www.prismamarket.ee/entry/17198/vinigrett-300g/4740584000015",
     "hind": "1 59 /tk"
    },
    {
     "product": "Kapsa-porgandisalat 400 g",
     "url": "https://www.prismamarket.ee/entry/17198/kapsa-porgandisalat-400-g/4740602004735",
     "hind": "1 39 /tk"
    },
    {
     "product": "Porgandi-ananassisalat 200 g",
     "url": "https://www.prismamarket.ee/entry/17198/porgandi-ananassisalat-200-g/4740584000183",
     "hind": "1 29 /tk"
    },
    {
     "product": "Mõnus segasalat 200 g",
     "url": "https://www.prismamarket.ee/entry/17198/monus-segasalat-200-g/4742910010675",
     "hind": "0 99 /tk"
    },
    {
     "product": "Kapsa-juurviljasalat 400 g",
     "url": "https://www.prismamarket.ee/entry/17198/kapsa-juurviljasalat-400-g/4742910012938",
     "hind": "1 79 /tk"
    },
    {
     "product": "Tervisesalat 400 g",
     "url": "https://www.prismamarket.ee/entry/17198/tervisesalat-400-g/4742910011641",
     "hind": "1 39 /tk"
    },
    {
     "product": "Punase kapsa salat 250 g",
     "url": "https://www.prismamarket.ee/entry/17198/punase-kapsa-salat-250-g/4740602007897",
     "hind": "0 99 /tk"
    },
    {
     "product": "Päikesesalat 350 g",
     "url": "https://www.prismamarket.ee/entry/17198/paikesesalat-350-g/6415712903381",
     "hind": "1 49 /tk"
    },
    {
     "product": "Ahjupeedisalat 250 g",
     "url": "https://www.prismamarket.ee/entry/17198/ahjupeedisalat-250-g/4740602007880",
     "hind": "1 39 /tk"
    },
    {
     "product": "Salat \"Värviline Värskus\" 150 g",
     "url": "https://www.prismamarket.ee/entry/17198/salat--varviline-varskus--150-g/4740584006635",
     "hind": "0 89 /tk"
    },
    {
     "product": "Kapsa-redise salat 250 g",
     "url": "https://www.prismamarket.ee/entry/17198/kapsa-redise-salat-250-g/4740602002663",
     "hind": "1 29 /tk"
    },
    {
     "product": "Kapsa-porro-kurgisalat 200 g",
     "url": "https://www.prismamarket.ee/entry/17198/kapsa-porro-kurgisalat-200-g/4742910010736",
     "hind": "0 99 /tk"
    },
    {
     "product": "Porgandi-kaalikasalat 200 g",
     "url": "https://www.prismamarket.ee/entry/17198/porgandi-kaalikasalat-200-g/4742910010873",
     "hind": "1 09 /tk"
    },
    {
     "product": "Porgand Korea päraselt 200 g",
     "url": "https://www.prismamarket.ee/entry/17198/porgand-korea-paraselt-200-g/4742910010859",
     "hind": "0 99 /tk"
    }
   ]
  },
  {
   "info": [
    {
     "product": "Caesari salat kanaga 270 g",
     "url": "https://www.prismamarket.ee/entry/17199/caesari-salat-kanaga-270-g/4740184510938",
     "hind": "3 59 /tk"
    },
    {
     "product": "Punane Vahemere kanasalat 250 g",
     "url": "https://www.prismamarket.ee/entry/17199/punane-vahemere-kanasalat-250-g/4742513002114",
     "hind": "3 09 /tk"
    },
    {
     "product": "Klaasnuudli-köögivilja salat 300 g",
     "url": "https://www.prismamarket.ee/entry/17199/klaasnuudli-koogivilja-salat-300-g/4740376047006",
     "hind": "2 65 /tk"
    },
    {
     "product": "Pasta caesari salat 250g",
     "url": "https://www.prismamarket.ee/entry/17199/pasta-caesari-salat-250g/4742513002138",
     "hind": "3 59 /tk"
    },
    {
     "product": "Mehhikopärane kanasalat jogurti-laimikastmega, laktoosivaba 3...",
     "url": "https://www.prismamarket.ee/entry/17199/mehhikoparane-kanasalat-jogurti-laimikastmega--laktoosivaba-300-g/6406510092490",
     "hind": "4 99 /tk"
    },
    {
     "product": "Kana-fetajuustu salat 300 g",
     "url": "https://www.prismamarket.ee/entry/17199/kana-fetajuustu-salat-300-g/6414893505346",
     "hind": "4 49 /tk"
    },
    {
     "product": "Kana-taco salat, laktoosivaba 300 g",
     "url": "https://www.prismamarket.ee/entry/17199/kana-taco-salat--laktoosivaba-300-g/6415712715595",
     "hind": "3 29 /tk"
    },
    {
     "product": "Kreeka salat, laktoosivaba 300 g",
     "url": "https://www.prismamarket.ee/entry/17199/kreeka-salat--laktoosivaba-300-g/6415712715625",
     "hind": "3 29 /tk"
    },
    {
     "product": "Bataadi salat rebitud veiselihaga 230 g",
     "url": "https://www.prismamarket.ee/entry/17199/bataadi-salat-rebitud-veiselihaga-230-g/4742513006693",
     "hind": "4 19 /tk"
    },
    {
     "product": "Kana-Caesarisalat, laktoosivaba 230 g",
     "url": "https://www.prismamarket.ee/entry/17199/kana-caesarisalat--laktoosivaba-230-g/6406510096474",
     "hind": "2 99 /tk"
    }
   ]
  },
  {
   "info": [
    {
     "product": "Pannkoogid kanatäidisega 200 g",
     "url": "https://www.prismamarket.ee/entry/17200/pannkoogid-kanataidisega-200-g/4740184520104",
     "hind": "1 69 /tk"
    },
    {
     "product": "Pannkoogid hakklihaga 400 g",
     "url": "https://www.prismamarket.ee/entry/17200/pannkoogid-hakklihaga-400-g/4740584000138",
     "hind": "2 99 /tk"
    },
    {
     "product": "Hamburger juustuga 195 g",
     "url": "https://www.prismamarket.ee/entry/17200/hamburger-juustuga-195-g/4740184530158",
     "hind": "1 79 /tk"
    },
    {
     "product": "Singipitsa 200 g",
     "url": "https://www.prismamarket.ee/entry/17200/singipitsa-200-g/6412000034529",
     "hind": "1 79 /tk"
    },
    {
     "product": "Hot dog viineritega 135 g",
     "url": "https://www.prismamarket.ee/entry/17200/hot-dog-viineritega-135-g/4740184530134",
     "hind": "1 49 /tk"
    },
    {
     "product": "Hamburger 100 g",
     "url": "https://www.prismamarket.ee/entry/17200/hamburger-100-g/6409100077884",
     "hind": "0 59 /tk"
    },
    {
     "product": "Ülepannikoogid 350 g",
     "url": "https://www.prismamarket.ee/entry/17200/ulepannikoogid-350-g/4740184520050",
     "hind": "1 89 /tk"
    },
    {
     "product": "Karjala pirukas, hele 630 g/ 9 tk",
     "url": "https://www.prismamarket.ee/entry/17200/karjala-pirukas--hele-630-g--9-tk/6412000084470",
     "hind": "3 59 /tk"
    },
    {
     "product": "Hakklihapitsa 200 g",
     "url": "https://www.prismamarket.ee/entry/17200/hakklihapitsa-200-g/6412000034505",
     "hind": "1 79 /tk"
    },
    {
     "product": "Kõrvitsa-kohupiimapannkoogid, 200 g",
     "url": "https://www.prismamarket.ee/entry/17200/korvitsa-kohupiimapannkoogid--200-g/4740184600400",
     "hind": "2 19 /tk"
    },
    {
     "product": "Pannkoogid Merevaigu ja suitsukanaga, 200 g",
     "url": "https://www.prismamarket.ee/entry/17200/pannkoogid-merevaigu-ja-suitsukanaga--200-g/4740184600394",
     "hind": "1 29 /tk"
    },
    {
     "product": "Kaera-õuna pannkoogid 200 g",
     "url": "https://www.prismamarket.ee/entry/17200/kaera-ouna-pannkoogid-200-g/4740184600561",
     "hind": "2 19 /tk"
    },
    {
     "product": "Juustupannkoogid 200 g",
     "url": "https://www.prismamarket.ee/entry/17200/juustupannkoogid-200-g/4740184600578",
     "hind": "2 19 /tk"
    },
    {
     "product": "Spinatipannkook 400 g",
     "url": "https://www.prismamarket.ee/entry/17200/spinatipannkook-400-g/6407850056654",
     "hind": "2 29 /tk"
    },
    {
     "product": "Kohupiimapannkook õuna-kaneeli 380 g",
     "url": "https://www.prismamarket.ee/entry/17200/kohupiimapannkook-ouna-kaneeli-380-g/6407850056487",
     "hind": "2 29 /tk"
    },
    {
     "product": "Hakklihapitsa 200 g",
     "url": "https://www.prismamarket.ee/entry/17200/hakklihapitsa-200-g/6407860061723",
     "hind": "1 49 /tk"
    },
    {
     "product": "Salaamipitsa 200 g",
     "url": "https://www.prismamarket.ee/entry/17200/salaamipitsa-200-g/6407860061747",
     "hind": "1 49 /tk"
    },
    {
     "product": "BBQ kanapitsa 200 g",
     "url": "https://www.prismamarket.ee/entry/17200/bbq-kanapitsa-200-g/6407860062256",
     "hind": "1 49 /tk"
    },
    {
     "product": "Singi-ananassipitsa 200 g",
     "url": "https://www.prismamarket.ee/entry/17200/singi-ananassipitsa-200-g/6407860062287",
     "hind": "1 49 /tk"
    },
    {
     "product": "Riisipirukad 6 tk 390 g",
     "url": "https://www.prismamarket.ee/entry/17200/riisipirukad-6-tk-390-g/6415712713423",
     "hind": "1 89 /tk"
    },
    {
     "product": "Pannkoogid kapsaga 300 g",
     "url": "https://www.prismamarket.ee/entry/17200/pannkoogid-kapsaga-300-g/4740584006529",
     "hind": "1 89 /tk"
    },
    {
     "product": "Kohupiimapannkoogid 400g",
     "url": "https://www.prismamarket.ee/entry/17200/kohupiimapannkoogid-400g/4740184601001",
     "hind": "2 89 /tk"
    },
    {
     "product": "Veisekebabi panini 195 g",
     "url": "https://www.prismamarket.ee/entry/17200/veisekebabi-panini-195-g/4740376022102",
     "hind": "2 89 /tk"
    },
    {
     "product": "Kanakebabi panini 195 g",
     "url": "https://www.prismamarket.ee/entry/17200/kanakebabi-panini-195-g/4740376022201",
     "hind": "2 89 /tk"
    },
    {
     "product": "Grillburger 200 g",
     "url": "https://www.prismamarket.ee/entry/17200/grillburger-200-g/4740184600936",
     "hind": "2 29 /tk"
    },
    {
     "product": "Kohupiimapannkoogid 200 g",
     "url": "https://www.prismamarket.ee/entry/17200/kohupiimapannkoogid-200-g/4740184602305",
     "hind": "2 19 /tk"
    },
    {
     "product": "Pannkoogid maasikalisandiga 200 g",
     "url": "https://www.prismamarket.ee/entry/17200/pannkoogid-maasikalisandiga-200-g/4740184520012",
     "hind": "1 59 /tk"
    },
    {
     "product": "Sõrnikud 320 g",
     "url": "https://www.prismamarket.ee/entry/17200/sornikud-320-g/4742910012037",
     "hind": "2 39 /tk"
    },
    {
     "product": "Pannkoogid singi-juustutäidisega 200 g",
     "url": "https://www.prismamarket.ee/entry/17200/pannkoogid-singi-juustutaidisega-200-g/4740184512000",
     "hind": "1 69 /tk"
    },
    {
     "product": "Retroburger 230 g",
     "url": "https://www.prismamarket.ee/entry/17200/retroburger-230-g/4740184300775",
     "hind": "1 59 /tk"
    },
    {
     "product": "Banaani-kohupiimapannkook 200 g",
     "url": "https://www.prismamarket.ee/entry/17200/banaani-kohupiimapannkook-200-g/4740184600202",
     "hind": "2 19 /tk"
    },
    {
     "product": "Pannkoogid vaarikalisandiga 200 g",
     "url": "https://www.prismamarket.ee/entry/17200/pannkoogid-vaarikalisandiga-200-g/4740184600219",
     "hind": "1 69 /tk"
    },
    {
     "product": "Pannkoogid 8 tk, 480 g",
     "url": "https://www.prismamarket.ee/entry/17200/pannkoogid-8-tk--480-g/7340011482291",
     "hind": "1 69 /tk"
    },
    {
     "product": "Pepperoni pitsa 490 g",
     "url": "https://www.prismamarket.ee/entry/17200/pepperoni-pitsa-490-g/4740376022904",
     "hind": "4 99 /tk"
    },
    {
     "product": "Margarita pitsa 490 g",
     "url": "https://www.prismamarket.ee/entry/17200/margarita-pitsa-490-g/4740376023109",
     "hind": "4 99 /tk"
    },
    {
     "product": "Praetud tšeburekid 220 g",
     "url": "https://www.prismamarket.ee/entry/17200/praetud-tseburekid-220-g/4740584006840",
     "hind": "1 69 /tk"
    },
    {
     "product": "Sõrnikud 270 g",
     "url": "https://www.prismamarket.ee/entry/17200/sornikud-270-g/4740584006109",
     "hind": "3 19 /tk"
    },
    {
     "product": "Veggie oa-metsaseene burger 250 g",
     "url": "https://www.prismamarket.ee/entry/17200/veggie-oa-metsaseene-burger-250-g/4742910014345",
     "hind": "2 79 /tk"
    }
   ]
  },
  {
   "info": [
    {
     "product": "Batoon kanaga 180 g",
     "url": "https://www.prismamarket.ee/entry/17201/batoon-kanaga-180-g/4742476001209",
     "hind": "1 89 /tk"
    },
    {
     "product": "Juustu võileib suitsusingi-cheddar 210 g",
     "url": "https://www.prismamarket.ee/entry/17201/juustu-voileib-suitsusingi-cheddar-210-g/4742476001858",
     "hind": "2 79 /tk"
    },
    {
     "product": "Kanalihaga kolmnurk võileib 150 g",
     "url": "https://www.prismamarket.ee/entry/17201/kanalihaga-kolmnurk-voileib-150-g/6415712901516",
     "hind": "1 59 /tk"
    },
    {
     "product": "Singi ja juustuga kolmnurk võileib 150 g",
     "url": "https://www.prismamarket.ee/entry/17201/singi-ja-juustuga-kolmnurk-voileib-150-g/6415712901479",
     "hind": "1 39 /tk"
    },
    {
     "product": "Broileri - parmesani ciabatta 270 g",
     "url": "https://www.prismamarket.ee/entry/17201/broileri---parmesani-ciabatta-270-g/4742476005580",
     "hind": "2 99 /tk"
    },
    {
     "product": "Külmsuitsulõhe-muna tume ciabatta 270 g",
     "url": "https://www.prismamarket.ee/entry/17201/kulmsuitsulohe-muna-tume-ciabatta-270-g/4742476005597",
     "hind": "2 99 /tk"
    },
    {
     "product": "Veisesingi-juustu tume ciabatta 270 g",
     "url": "https://www.prismamarket.ee/entry/17201/veisesingi-juustu-tume-ciabatta-270-g/4742476005603",
     "hind": "3 59 /tk"
    },
    {
     "product": "Kana-ranch-võileib kaerasaiaga 165 g",
     "url": "https://www.prismamarket.ee/entry/17201/kana-ranch-voileib-kaerasaiaga-165-g/4740184600653",
     "hind": "2 59 /tk"
    },
    {
     "product": "Rukkileib omleti ja singiga 150 g",
     "url": "https://www.prismamarket.ee/entry/17201/rukkileib-omleti-ja-singiga-150-g/4740184600660",
     "hind": "1 99 /tk"
    },
    {
     "product": "Suitsulõhe kolmnurk võileib 210 g",
     "url": "https://www.prismamarket.ee/entry/17201/suitsulohe-kolmnurk-voileib-210-g/4742476001483",
     "hind": "3 79 /tk"
    },
    {
     "product": "Singiga kolmnurk võileib 150 g",
     "url": "https://www.prismamarket.ee/entry/17201/singiga-kolmnurk-voileib-150-g/6415712901493",
     "hind": "1 39 /tk"
    },
    {
     "product": "Tuunikalaga kolmnurk võileib 150 g",
     "url": "https://www.prismamarket.ee/entry/17201/tuunikalaga-kolmnurk-voileib-150-g/6415712901530",
     "hind": "1 59 /tk"
    },
    {
     "product": "Salaamiga kolmnurk võileib 150 g",
     "url": "https://www.prismamarket.ee/entry/17201/salaamiga-kolmnurk-voileib-150-g/6415712901554",
     "hind": "1 39 /tk"
    },
    {
     "product": "Singi-juustu kolmnurk võielib 110 g",
     "url": "https://www.prismamarket.ee/entry/17201/singi-juustu-kolmnurk-voielib-110-g/4742476002510",
     "hind": "1 89 /tk"
    },
    {
     "product": "Kana-caesarisalati ciabatta 250 g",
     "url": "https://www.prismamarket.ee/entry/17201/kana-caesarisalati-ciabatta-250-g/4742476001537",
     "hind": "3 59 /tk"
    },
    {
     "product": "Singi-juustu wrap 210 g",
     "url": "https://www.prismamarket.ee/entry/17201/singi-juustu-wrap-210-g/6415712715649",
     "hind": "2 49 /tk"
    },
    {
     "product": "Tex mex wrap 210 g",
     "url": "https://www.prismamarket.ee/entry/17201/tex-mex-wrap-210-g/6415712715663",
     "hind": "2 49 /tk"
    },
    {
     "product": "Caesari-kana-wrap 220 g",
     "url": "https://www.prismamarket.ee/entry/17201/caesari-kana-wrap-220-g/4740184600837",
     "hind": "2 99 /tk"
    },
    {
     "product": "Tuunikala-wrap 220 g",
     "url": "https://www.prismamarket.ee/entry/17201/tuunikala-wrap-220-g/4740184602114",
     "hind": "2 89 /tk"
    },
    {
     "product": "Makula suitsutatud vikerforelli-Lapi leiva võileib 90 g",
     "url": "https://www.prismamarket.ee/entry/17201/makula-suitsutatud-vikerforelli-lapi-leiva-voileib-90-g/6415712715830",
     "hind": "1 99 /tk"
    },
    {
     "product": "Vöner võileib 210 g",
     "url": "https://www.prismamarket.ee/entry/17201/voner-voileib-210-g/6415712715878",
     "hind": "3 99 /tk"
    },
    {
     "product": "Singi-juustubatoon 190 g",
     "url": "https://www.prismamarket.ee/entry/17201/singi-juustubatoon-190-g/4740184530042",
     "hind": "1 79 /tk"
    },
    {
     "product": "Rukkileib singiga 140 g",
     "url": "https://www.prismamarket.ee/entry/17201/rukkileib-singiga-140-g/4740184530066",
     "hind": "1 59 /tk"
    },
    {
     "product": "BBQ rebitud sealihaga võileib 165 g",
     "url": "https://www.prismamarket.ee/entry/17201/bbq-rebitud-sealihaga-voileib-165-g/4740184400048",
     "hind": "2 19 /tk"
    }
   ]
  },
  {
   "info": [
    {
     "product": "Mannakreem 200 g",
     "url": "https://www.prismamarket.ee/entry/17203/mannakreem-200-g/4740602004766",
     "hind": "1 29 /tk"
    },
    {
     "product": "Küpsise magustoit 200 g",
     "url": "https://www.prismamarket.ee/entry/17203/kupsise-magustoit-200-g/4740541001895",
     "hind": "1 19 /tk"
    },
    {
     "product": "Karamelli-kirsimaius 180 g",
     "url": "https://www.prismamarket.ee/entry/17203/karamelli-kirsimaius-180-g/4740541004667",
     "hind": "1 49 /tk"
    },
    {
     "product": "Leivavaht 200 g",
     "url": "https://www.prismamarket.ee/entry/17203/leivavaht-200-g/4740541001888",
     "hind": "0 79 /tk"
    },
    {
     "product": "Kohupiimakreem kisselliga 200 g",
     "url": "https://www.prismamarket.ee/entry/17203/kohupiimakreem-kisselliga-200-g/4740602005619",
     "hind": "2 09 /tk"
    },
    {
     "product": "Virsikutarretis 200 g",
     "url": "https://www.prismamarket.ee/entry/17203/virsikutarretis-200-g/4740541002465",
     "hind": "1 09 /tk"
    },
    {
     "product": "Vaarika magustoit 180 g",
     "url": "https://www.prismamarket.ee/entry/17203/vaarika-magustoit-180-g/4740541003820",
     "hind": "1 19 /tk"
    },
    {
     "product": "Sefiir 50 g",
     "url": "https://www.prismamarket.ee/entry/17203/sefiir-50-g/4740541002267",
     "hind": "0 89 /tk"
    },
    {
     "product": "Saiavorm 300 g",
     "url": "https://www.prismamarket.ee/entry/17203/saiavorm-300-g/4740541001956",
     "hind": "1 39 /tk"
    },
    {
     "product": "Ananassiunelm 200 g",
     "url": "https://www.prismamarket.ee/entry/17203/ananassiunelm-200-g/4740541001925",
     "hind": "1 19 /tk"
    },
    {
     "product": "Pasha 150 g",
     "url": "https://www.prismamarket.ee/entry/17203/pasha-150-g/4740584002040",
     "hind": "1 59 /tk"
    },
    {
     "product": "Klassikaline Creme brulee 125 g",
     "url": "https://www.prismamarket.ee/entry/17203/klassikaline-creme-brulee-125-g/4742513005559",
     "hind": "2 39 /tk"
    },
    {
     "product": "Pasha 300 g",
     "url": "https://www.prismamarket.ee/entry/17203/pasha-300-g/4740584002057",
     "hind": "2 99 /tk"
    },
    {
     "product": "Kodujuustu-astelpajumagustoit 130 g",
     "url": "https://www.prismamarket.ee/entry/17203/kodujuustu-astelpajumagustoit-130-g/4740541007927",
     "hind": "1 79 /tk"
    },
    {
     "product": "Mustsõstra-kohupiimakreem 150 g",
     "url": "https://www.prismamarket.ee/entry/17203/mustsostra-kohupiimakreem-150-g/4740602008344",
     "hind": "1 39 /tk"
    },
    {
     "product": "Riisipuder 300 g",
     "url": "https://www.prismamarket.ee/entry/17203/riisipuder-300-g/6415712905088",
     "hind": "0 99 /tk"
    },
    {
     "product": "Pohla-mannavaht 400 g",
     "url": "https://www.prismamarket.ee/entry/17203/pohla-mannavaht-400-g/6415712903657",
     "hind": "1 49 /tk"
    },
    {
     "product": "Mannapuder 300 g",
     "url": "https://www.prismamarket.ee/entry/17203/mannapuder-300-g/6415712905101",
     "hind": "0 99 /tk"
    },
    {
     "product": "Creme brulee pistaatsia 125 g",
     "url": "https://www.prismamarket.ee/entry/17203/creme-brulee-pistaatsia-125-g/4742513004613",
     "hind": "2 49 /tk"
    },
    {
     "product": "Kakao pannacotta 120 g",
     "url": "https://www.prismamarket.ee/entry/17203/kakao-pannacotta-120-g/4740602008467",
     "hind": "1 69 /tk"
    },
    {
     "product": "Mango-kookose dessert 130 g",
     "url": "https://www.prismamarket.ee/entry/17203/mango-kookose-dessert-130-g/4740602008016",
     "hind": "1 89 /tk"
    },
    {
     "product": "Kohupiimavorm 300 g",
     "url": "https://www.prismamarket.ee/entry/17203/kohupiimavorm-300-g/4740602004810",
     "hind": "2 99 /tk"
    },
    {
     "product": "Kirsi-kodujuustudessert 220 g",
     "url": "https://www.prismamarket.ee/entry/17203/kirsi-kodujuustudessert-220-g/4740602004704",
     "hind": "1 79 /tk"
    },
    {
     "product": "Leivadessert 170 g",
     "url": "https://www.prismamarket.ee/entry/17203/leivadessert-170-g/4740602007255",
     "hind": "0 99 /tk"
    },
    {
     "product": "Mango Lassi 300 g",
     "url": "https://www.prismamarket.ee/entry/17203/mango-lassi-300-g/4742513006679",
     "hind": "3 09 /tk"
    }
   ]
  },
  {
   "info": [
    {
     "product": "Täidetud munad 180 g",
     "url": "https://www.prismamarket.ee/entry/17204/taidetud-munad-180-g/4740602001017",
     "hind": "2 99 /tk"
    },
    {
     "product": "Sushi in Tokyo 350 g",
     "url": "https://www.prismamarket.ee/entry/17204/sushi-in-tokyo-350-g/4742829010070",
     "hind": "6 89 /tk"
    },
    {
     "product": "Võileivatort kalaga 630 g",
     "url": "https://www.prismamarket.ee/entry/17204/voileivatort-kalaga-630-g/4740584001920",
     "hind": "10 99 /tk"
    },
    {
     "product": "Korvikesed makravõidega 200 g",
     "url": "https://www.prismamarket.ee/entry/17204/korvikesed-makravoidega-200-g/4740584001593",
     "hind": "3 59 /tk"
    },
    {
     "product": "Peolauavaagen 900 g",
     "url": "https://www.prismamarket.ee/entry/17204/peolauavaagen-900-g/4740602006425",
     "hind": "11 99 /tk"
    },
    {
     "product": "Juustu-küüslauguvõie, 150 g",
     "url": "https://www.prismamarket.ee/entry/17204/juustu-kuuslauguvoie--150-g/4740541007804",
     "hind": "1 69 /tk"
    },
    {
     "product": "Kananagitsad 800 g",
     "url": "https://www.prismamarket.ee/entry/17204/kananagitsad-800-g/4740003013787",
     "hind": "1 69 /tk"
    },
    {
     "product": "Juustu-singi pallid 170 g",
     "url": "https://www.prismamarket.ee/entry/17204/juustu-singi-pallid-170-g/4740667249249",
     "hind": "2 29 /tk"
    },
    {
     "product": "Juustupall 300 g",
     "url": "https://www.prismamarket.ee/entry/17204/juustupall-300-g/4740625002848",
     "hind": "3 69 /tk"
    },
    {
     "product": "Suupistevalik 400 g",
     "url": "https://www.prismamarket.ee/entry/17204/suupistevalik-400-g/4740602005961",
     "hind": "4 99 /tk"
    },
    {
     "product": "Kanafileenagitsad 300 g",
     "url": "https://www.prismamarket.ee/entry/17204/kanafileenagitsad-300-g/4740046011764",
     "hind": "1 39 /tk"
    },
    {
     "product": "Sibulamoos punase veini ja cayennega 130 g",
     "url": "https://www.prismamarket.ee/entry/17204/sibulamoos-punase-veini-ja-cayennega-130-g/4742513004446",
     "hind": "1 89 /tk"
    },
    {
     "product": "Singirullid küüslauguga 250 g",
     "url": "https://www.prismamarket.ee/entry/17204/singirullid-kuuslauguga-250-g/4740584006611",
     "hind": "3 79 /tk"
    },
    {
     "product": "Nagitsad sisefileest 230 g",
     "url": "https://www.prismamarket.ee/entry/17204/nagitsad-sisefileest-230-g/4740171184005",
     "hind": "1 99 /tk"
    },
    {
     "product": "Munavõi 100 g",
     "url": "https://www.prismamarket.ee/entry/17204/munavoi-100-g/4740602005091",
     "hind": "1 19 /tk"
    },
    {
     "product": "Kanafileefriikad juustuga 300 g",
     "url": "https://www.prismamarket.ee/entry/17204/kanafileefriikad-juustuga-300-g/4740046012051",
     "hind": "1 99 /tk"
    },
    {
     "product": "Tallegg kanafileerõngad 300 g",
     "url": "https://www.prismamarket.ee/entry/17204/tallegg-kanafileerongad-300-g/4740046011795",
     "hind": "1 39 /tk"
    },
    {
     "product": "Singirullid juustu-küüslaugu täidisega 150 g",
     "url": "https://www.prismamarket.ee/entry/17204/singirullid-juustu-kuuslaugu-taidisega-150-g/4740584002781",
     "hind": "2 49 /tk"
    },
    {
     "product": "Suupiste korvike kana-singi 300 g",
     "url": "https://www.prismamarket.ee/entry/17204/suupiste-korvike-kana-singi-300-g/4740584001210",
     "hind": "5 79 /tk"
    },
    {
     "product": "Kananagitsad 200 g",
     "url": "https://www.prismamarket.ee/entry/17204/kananagitsad-200-g/6414893502345",
     "hind": "1 39 /tk"
    },
    {
     "product": "Mininagitsad 300 g",
     "url": "https://www.prismamarket.ee/entry/17204/mininagitsad-300-g/4740046011146",
     "hind": "1 89 /tk"
    }
   ]
  }
 ]
}