{
 "name": "MUNAD",
 "tooted": [
  {
   "info": [
    {
     "product": "kanamunad kodukoha M 10 tk",
     "url": "https://www.prismamarket.ee/entry/17117/kanamunad-kodukoha-m-10-tk/4742389004229",
     "hind": "1 09 /tk"
    },
    {
     "product": "Kanamunad L, 10 tk",
     "url": "https://www.prismamarket.ee/entry/17117/kanamunad-l--10-tk/4742389004120",
     "hind": "1 29 /tk"
    },
    {
     "product": "Kanamunad M, 10 tk",
     "url": "https://www.prismamarket.ee/entry/17117/kanamunad-m--10-tk/4744623010034",
     "hind": "1 45 /tk"
    },
    {
     "product": "Kanamunad L, 10 tk",
     "url": "https://www.prismamarket.ee/entry/17117/kanamunad-l--10-tk/4744623010072",
     "hind": "1 59 /tk"
    },
    {
     "product": "Kanamunad L, 6 tk",
     "url": "https://www.prismamarket.ee/entry/17117/kanamunad-l--6-tk/4744623010065",
     "hind": "0 95 /tk"
    },
    {
     "product": "Kanamunad S, 10 tk",
     "url": "https://www.prismamarket.ee/entry/17117/kanamunad-s--10-tk/4744623010119",
     "hind": "0 95 /tk"
    },
    {
     "product": "Kanamunad L15 15 tk",
     "url": "https://www.prismamarket.ee/entry/17117/kanamunad-l15-15-tk/4744623010089",
     "hind": "2 15 /tk"
    },
    {
     "product": "Kanamunad M 10",
     "url": "https://www.prismamarket.ee/entry/17117/kanamunad-m-10/4750456000173",
     "hind": "0 78 /tk"
    }
   ]
  },
  {
   "info": [
    {
     "product": "Peremunad M, 10 tk",
     "url": "https://www.prismamarket.ee/entry/17118/peremunad-m--10-tk/4740229011017",
     "hind": "1 25 /tk"
    },
    {
     "product": "Peremunad M, 18 tk",
     "url": "https://www.prismamarket.ee/entry/17118/peremunad-m--18-tk/4740229011031",
     "hind": "2 79 /tk"
    }
   ]
  },
  {
   "info": [
    {
     "product": "Ökomunad M, 10 tk",
     "url": "https://www.prismamarket.ee/entry/17119/okomunad-m--10-tk/4742442000021",
     "hind": "3 29 /tk"
    },
    {
     "product": "Ökomunad L, 10 tk",
     "url": "https://www.prismamarket.ee/entry/17119/okomunad-l--10-tk/4742442000014",
     "hind": "3 69 /tk"
    },
    {
     "product": "Kodukana munad vabapidamiskanadelt M 10 tk",
     "url": "https://www.prismamarket.ee/entry/17119/kodukana-munad-vabapidamiskanadelt-m-10-tk/4740489001247",
     "hind": "1 99 /tk"
    },
    {
     "product": "Õrrekanade munad M 10 tk",
     "url": "https://www.prismamarket.ee/entry/17119/orrekanade-munad-m-10-tk/4740489000011",
     "hind": "1 89 /tk"
    },
    {
     "product": "Õrrekanade munad L 10 tk",
     "url": "https://www.prismamarket.ee/entry/17119/orrekanade-munad-l-10-tk/4740489000066",
     "hind": "1 99 /tk"
    },
    {
     "product": "Kodukana munad vabapidamiskanadelt L 10 tk",
     "url": "https://www.prismamarket.ee/entry/17119/kodukana-munad-vabapidamiskanadelt-l-10-tk/4740489000578",
     "hind": "2 09 /tk"
    }
   ]
  },
  {
   "info": [
    {
     "product": "Põldvutimunad, 12 tk",
     "url": "https://www.prismamarket.ee/entry/17115/poldvutimunad--12-tk/4740133000053",
     "hind": "2 19 /tk"
    },
    {
     "product": "Munavalged õrrekanade munadest, 1 kg",
     "url": "https://www.prismamarket.ee/entry/17115/munavalged-orrekanade-munadest--1-kg/5701607585789",
     "hind": "4 79 /tk"
    }
   ]
  }
 ]
}