{
 "name": "KALA",
 "tooted": [
  {
   "info": [
    {
     "product": "Lõhe jahutatud, roogitud, kg",
     "url": "https://www.prismamarket.ee/entry/17151/lohe-jahutatud--roogitud--kg/2060315800007",
     "hind": "9 90 /kg"
    },
    {
     "product": "Vikerforell jahutatud, kg",
     "url": "https://www.prismamarket.ee/entry/17151/vikerforell-jahutatud--kg/2060336200008",
     "hind": "9 49 /kg"
    },
    {
     "product": "Koha, jahutatud, roogitud, kg",
     "url": "https://www.prismamarket.ee/entry/17151/koha--jahutatud--roogitud--kg/2060131300002",
     "hind": "12 99 /kg"
    },
    {
     "product": "Ahven, roogitud, jahutatud, kg",
     "url": "https://www.prismamarket.ee/entry/17151/ahven--roogitud--jahutatud--kg/2060131400009",
     "hind": "6 99 /kg"
    },
    {
     "product": "Karpkala, roogitud, jahutatud, kg",
     "url": "https://www.prismamarket.ee/entry/17151/karpkala--roogitud--jahutatud--kg/2060330800006",
     "hind": "7 59 /kg"
    }
   ]
  },
  {
   "info": [
    {
     "product": "Lõhesteigid jahutatud, kg",
     "url": "https://www.prismamarket.ee/entry/17152/lohesteigid-jahutatud--kg/2060312100001",
     "hind": "13 99 /tk"
    },
    {
     "product": "Lõhefilee jahutatud, kg",
     "url": "https://www.prismamarket.ee/entry/17152/lohefilee-jahutatud--kg/2060315900004",
     "hind": "15 99 /kg"
    },
    {
     "product": "Lõheliblikas jahutatud, kg",
     "url": "https://www.prismamarket.ee/entry/17152/loheliblikas-jahutatud--kg/2060323100007",
     "hind": "16 99 /kg"
    },
    {
     "product": "Tursafilee nahata, sulatatud, kg",
     "url": "https://www.prismamarket.ee/entry/17152/tursafilee-nahata--sulatatud--kg/2060335400003",
     "hind": "14 29 /kg"
    },
    {
     "product": "Rainbow lõhefilee, kg",
     "url": "https://www.prismamarket.ee/entry/17152/rainbow-lohefilee--kg/2393064000009",
     "hind": "16 50 /kg"
    },
    {
     "product": "Kuldmerikoger, roogitud, jahutatud, kg",
     "url": "https://www.prismamarket.ee/entry/17152/kuldmerikoger--roogitud--jahutatud--kg/2060321800008",
     "hind": "12 99 /kg"
    },
    {
     "product": "Lõhefilee 300 g",
     "url": "https://www.prismamarket.ee/entry/17152/lohefilee-300-g/6414893330146",
     "hind": "5 99 /tk"
    }
   ]
  },
  {
   "info": [
    {
     "product": "Krabimaitselised pulgad, jahutatud 300 g",
     "url": "https://www.prismamarket.ee/entry/17156/krabimaitselised-pulgad--jahutatud-300-g/4770190037082",
     "hind": "2 09 /tk"
    },
    {
     "product": "Lumekrabi krabimaitselised pulgad surimi 250 g",
     "url": "https://www.prismamarket.ee/entry/17156/lumekrabi-krabimaitselised-pulgad-surimi-250-g/4770190379267",
     "hind": "2 69 /tk"
    },
    {
     "product": "Lumekrabi, jahutatud 120 g",
     "url": "https://www.prismamarket.ee/entry/17156/lumekrabi--jahutatud-120-g/4770190372145",
     "hind": "1 29 /tk"
    },
    {
     "product": "Krabimaitselised pulgad, jahutatud 150 g",
     "url": "https://www.prismamarket.ee/entry/17156/krabimaitselised-pulgad--jahutatud-150-g/4770190036115",
     "hind": "0 89 /tk"
    },
    {
     "product": "Lumekrabi krabimaitselised pulgad, surimi 150 g",
     "url": "https://www.prismamarket.ee/entry/17156/lumekrabi-krabimaitselised-pulgad--surimi-150-g/4770190372152",
     "hind": "1 69 /tk"
    },
    {
     "product": "Krabimaitselised pulgad, jahutatud 150 g",
     "url": "https://www.prismamarket.ee/entry/17156/krabimaitselised-pulgad--jahutatud-150-g/4740176031014",
     "hind": "0 89 /tk"
    },
    {
     "product": "Krabimaitselised nuudlid 200 g",
     "url": "https://www.prismamarket.ee/entry/17156/krabimaitselised-nuudlid-200-g/4770190374255",
     "hind": "1 69 /tk"
    },
    {
     "product": "krevetinuudlid, jahutatud 200 g",
     "url": "https://www.prismamarket.ee/entry/17156/krevetinuudlid--jahutatud-200-g/4740176941214",
     "hind": "1 49 /tk"
    },
    {
     "product": "Krevetid soolvees, 100/200 g",
     "url": "https://www.prismamarket.ee/entry/17156/krevetid-soolvees--100-200-g/4770190036016",
     "hind": "3 39 /tk"
    },
    {
     "product": "\"Meremari\" punane, kalamarjamaitseline toode, 113 g",
     "url": "https://www.prismamarket.ee/entry/17156/-meremari--punane--kalamarjamaitseline-toode---113-g/4740176022111",
     "hind": "1 29 /tk"
    },
    {
     "product": "Söödav rannakarp soolvees 100 g",
     "url": "https://www.prismamarket.ee/entry/17156/soodav-rannakarp-soolvees-100-g/4770190036054",
     "hind": "1 59 /tk"
    },
    {
     "product": "Krabimaitselised pulgad surimist 400 g",
     "url": "https://www.prismamarket.ee/entry/17156/krabimaitselised-pulgad-surimist-400-g/4770190049139",
     "hind": "1 49 /tk"
    },
    {
     "product": "\"Meremari\" must, kalamarjamaitseline toode, 113 g",
     "url": "https://www.prismamarket.ee/entry/17156/-meremari--must--kalamarjamaitseline-toode--113-g/4740176021114",
     "hind": "1 29 /tk"
    },
    {
     "product": "Tiigerkrevett marinaadis 300/150 g",
     "url": "https://www.prismamarket.ee/entry/17156/tiigerkrevett-marinaadis-300-150-g/4740173000907",
     "hind": "5 59 /tk"
    },
    {
     "product": "Kaheksajalad soolvees 200 g",
     "url": "https://www.prismamarket.ee/entry/17156/kaheksajalad-soolvees-200-g/4770190074384",
     "hind": "4 99 /tk"
    },
    {
     "product": "Käsitsi kooritud krevetid marinaadis 150/300 g",
     "url": "https://www.prismamarket.ee/entry/17156/kasitsi-kooritud-krevetid-marinaadis-150-300-g/4740173000235",
     "hind": "4 99 /tk"
    },
    {
     "product": "Rannakarbid marinaadis 350/560 g",
     "url": "https://www.prismamarket.ee/entry/17156/rannakarbid-marinaadis-350-560-g/5700003006317",
     "hind": "2 89 /tk"
    },
    {
     "product": "Rannakarbid Catalane 350/560 g",
     "url": "https://www.prismamarket.ee/entry/17156/rannakarbid-catalane-350-560-g/5700003006331",
     "hind": "2 89 /tk"
    },
    {
     "product": "Rannakarbid veinikastmes 350/560 g",
     "url": "https://www.prismamarket.ee/entry/17156/rannakarbid-veinikastmes-350-560-g/5700003100091",
     "hind": "2 89 /tk"
    },
    {
     "product": "Mereandide kokteil 500 g",
     "url": "https://www.prismamarket.ee/entry/17156/mereandide-kokteil-500-g/4770190069700",
     "hind": "4 99 /tk"
    },
    {
     "product": "Must teraline valgumari 200 g",
     "url": "https://www.prismamarket.ee/entry/17156/must-teraline-valgumari-200-g/4820040021669",
     "hind": "1 99 /tk"
    },
    {
     "product": "Merekapsasalat 500 g",
     "url": "https://www.prismamarket.ee/entry/17156/merekapsasalat-500-g/4740687001360",
     "hind": "1 79 /tk"
    },
    {
     "product": "Minikrevetid surimist õlis 320 g",
     "url": "https://www.prismamarket.ee/entry/17156/minikrevetid-surimist-olis-320-g/4770190138291",
     "hind": "2 59 /tk"
    },
    {
     "product": "Krabipulgad, jahutatud 200 g",
     "url": "https://www.prismamarket.ee/entry/17156/krabipulgad--jahutatud-200-g/4770190050036",
     "hind": "1 59 /tk"
    },
    {
     "product": "Punane teraline valgumari 200 g",
     "url": "https://www.prismamarket.ee/entry/17156/punane-teraline-valgumari-200-g/4820040021645",
     "hind": "1 99 /tk"
    },
    {
     "product": "Krabimaitselised pulgad surimist 250 g",
     "url": "https://www.prismamarket.ee/entry/17156/krabimaitselised-pulgad-surimist-250-g/4770190049191",
     "hind": "1 29 /tk"
    },
    {
     "product": "Sinine rannakarp,kg",
     "url": "https://www.prismamarket.ee/entry/17156/sinine-rannakarp-kg/4740409000091",
     "hind": "5 29 /tk"
    },
    {
     "product": "Surimi salat köögiviljadega 400 g",
     "url": "https://www.prismamarket.ee/entry/17156/surimi-salat-koogiviljadega-400-g/4770190065528",
     "hind": "1 55 /tk"
    },
    {
     "product": "Krevetid soolvees 333/170 g",
     "url": "https://www.prismamarket.ee/entry/17156/krevetid-soolvees-333-170-g/6414893096400",
     "hind": "4 79 /tk"
    },
    {
     "product": "Soovähk keedetud, sulatatud, kg",
     "url": "https://www.prismamarket.ee/entry/17156/soovahk-keedetud--sulatatud--kg/2060276600005",
     "hind": "8 59 /kg"
    },
    {
     "product": "Forellimari 450 g",
     "url": "https://www.prismamarket.ee/entry/17156/forellimari-450-g/4740192011830",
     "hind": "27 99 /tk"
    },
    {
     "product": "Forellimari 135 g",
     "url": "https://www.prismamarket.ee/entry/17156/forellimari-135-g/4740192011823",
     "hind": "9 99 /tk"
    },
    {
     "product": "Puhastatud vähisabad tilli marinaadis 185 g",
     "url": "https://www.prismamarket.ee/entry/17156/puhastatud-vahisabad-tilli-marinaadis-185-g/4740173000440",
     "hind": "3 69 /tk"
    },
    {
     "product": "Rannakarbid marinaadis 185/100 g",
     "url": "https://www.prismamarket.ee/entry/17156/rannakarbid-marinaadis-185-100-g/4740173000839",
     "hind": "1 69 /tk"
    },
    {
     "product": "Tursamari 100 g",
     "url": "https://www.prismamarket.ee/entry/17156/tursamari-100-g/4260051077772",
     "hind": "1 59 /tk"
    },
    {
     "product": "Rannakarbid soolvees 350/560 g",
     "url": "https://www.prismamarket.ee/entry/17156/rannakarbid-soolvees-350-560-g/5700003006348",
     "hind": "2 89 /tk"
    },
    {
     "product": "Krabimaitselised surimipulgad, jahutatud 300 g",
     "url": "https://www.prismamarket.ee/entry/17156/krabimaitselised-surimipulgad--jahutatud-300-g/4740176031038",
     "hind": "1 79 /tk"
    },
    {
     "product": "Krevetid maxi, soolvees 100/200 g",
     "url": "https://www.prismamarket.ee/entry/17156/krevetid-maxi--soolvees-100-200-g/4770190065986",
     "hind": "3 99 /tk"
    },
    {
     "product": "Maksikrevetid soolvees 320 g",
     "url": "https://www.prismamarket.ee/entry/17156/maksikrevetid-soolvees-320-g/4770190066907",
     "hind": "2 49 /tk"
    },
    {
     "product": "Maksikrevetid küüslaugumaitselises õlis 320 g",
     "url": "https://www.prismamarket.ee/entry/17156/maksikrevetid-kuuslaugumaitselises-olis-320-g/4770190066884",
     "hind": "2 69 /tk"
    },
    {
     "product": "Maksirevetid tšillimaitselises õlis 320 g",
     "url": "https://www.prismamarket.ee/entry/17156/maksirevetid-tsillimaitselises-olis-320-g/4770190073134",
     "hind": "2 69 /tk"
    },
    {
     "product": "Väikesed vähisõrad õlis surimist 320 g",
     "url": "https://www.prismamarket.ee/entry/17156/vaikesed-vahisorad-olis-surimist-320-g/4770190138277",
     "hind": "2 59 /tk"
    },
    {
     "product": "Lõhemari ikra 140 g",
     "url": "https://www.prismamarket.ee/entry/17156/lohemari-ikra-140-g/4260051078991",
     "hind": "10 90 /tk"
    },
    {
     "product": "Lõhemari ikra 300 g",
     "url": "https://www.prismamarket.ee/entry/17156/lohemari-ikra-300-g/4260051078335",
     "hind": "22 69 /tk"
    },
    {
     "product": "Forellimari 100 g",
     "url": "https://www.prismamarket.ee/entry/17156/forellimari-100-g/4103550001032",
     "hind": "6 49 /tk"
    }
   ]
  },
  {
   "info": [
    {
     "product": "Lõhefilee külmsuitsu, sulatatud, viilutatud, kg",
     "url": "https://www.prismamarket.ee/entry/17158/lohefilee-kulmsuitsu--sulatatud--viilutatud--kg/2060259500001",
     "hind": "19 99 /kg"
    },
    {
     "product": "Austrid 100 g",
     "url": "https://www.prismamarket.ee/entry/17158/austrid-100-g/2060309700009",
     "hind": "1 39 /tk"
    },
    {
     "product": "Soolavikerforellifilee, sulatatud, viilutatud, kg",
     "url": "https://www.prismamarket.ee/entry/17158/soolavikerforellifilee--sulatatud--viilutatud--kg/2060316200004",
     "hind": "19 99 /kg"
    },
    {
     "product": "Soolavikerforellifilee tilliga, sulatatud, viilutatud, kg",
     "url": "https://www.prismamarket.ee/entry/17158/soolavikerforellifilee-tilliga--sulatatud--viilutatud--kg/2060323900003",
     "hind": "19 90 /kg"
    },
    {
     "product": "Beebivikerforell, roogitud, jahutatud, kg",
     "url": "https://www.prismamarket.ee/entry/17158/beebivikerforell--roogitud--jahutatud--kg/2060321700001",
     "hind": "9 90 /kg"
    },
    {
     "product": "Kohafilee, sulatatud, KG",
     "url": "https://www.prismamarket.ee/entry/17158/kohafilee--sulatatud--kg/2060321600004",
     "hind": "16 99 /kg"
    },
    {
     "product": "Vikerforellimari, sulatatud, kg",
     "url": "https://www.prismamarket.ee/entry/17158/vikerforellimari--sulatatud--kg/2060161900005",
     "hind": "45 99 /kg"
    }
   ]
  },
  {
   "info": [
    {
     "product": "Lõhe lõik, külmsuitsu 170 g",
     "url": "https://www.prismamarket.ee/entry/17159/lohe-loik--kulmsuitsu-170-g/4740590890044",
     "hind": "4 79 /tk"
    },
    {
     "product": "Vikerforellifilee külmsuitsu, viilutatud 150 g",
     "url": "https://www.prismamarket.ee/entry/17159/vikerforellifilee-kulmsuitsu--viilutatud-150-g/6414893385917",
     "hind": "3 29 /tk"
    },
    {
     "product": "Kuumsuitsu hõbeheik, kg",
     "url": "https://www.prismamarket.ee/entry/17159/kuumsuitsu-hobeheik--kg/2319220900006",
     "hind": "6 59 /kg"
    },
    {
     "product": "Skumbria, külmsuitsu , kg",
     "url": "https://www.prismamarket.ee/entry/17159/skumbria--kulmsuitsu---kg/2319219500002",
     "hind": "6 79 /kg"
    },
    {
     "product": "Kuumsuitsu latikas kg",
     "url": "https://www.prismamarket.ee/entry/17159/kuumsuitsu-latikas-kg/2319221900005",
     "hind": "5 49 /kg"
    },
    {
     "product": "Luudeta suitsuvikerforellifilee, kg",
     "url": "https://www.prismamarket.ee/entry/17159/luudeta-suitsuvikerforellifilee--kg/2385271300003",
     "hind": "18 90 /kg"
    },
    {
     "product": "Külmsuitsulõhe, viilutatud 100 g",
     "url": "https://www.prismamarket.ee/entry/17159/kulmsuitsulohe--viilutatud-100-g/4740192010512",
     "hind": "3 29 /tk"
    },
    {
     "product": "Lõhe, külmsuitsu, viilutatud 200 g",
     "url": "https://www.prismamarket.ee/entry/17159/lohe--kulmsuitsu--viilutatud-200-g/4740192010529",
     "hind": "5 99 /tk"
    },
    {
     "product": "Kuumsuitsu tuulehaug, kg",
     "url": "https://www.prismamarket.ee/entry/17159/kuumsuitsu-tuulehaug--kg/2319220000003",
     "hind": "5 99 /kg"
    },
    {
     "product": "Kuumsuitsu skumbriafilee nahaga 175 g",
     "url": "https://www.prismamarket.ee/entry/17159/kuumsuitsu-skumbriafilee-nahaga-175-g/4770190113427",
     "hind": "2 49 /tk"
    },
    {
     "product": "Külmsuitsu vikerforellifilee, viilutatud 90 g",
     "url": "https://www.prismamarket.ee/entry/17159/kulmsuitsu-vikerforellifilee--viilutatud-90-g/4740663420277",
     "hind": "2 89 /tk"
    },
    {
     "product": "Külmsuitsu leegitatud vikerforellifilee, viilutatud 90 g",
     "url": "https://www.prismamarket.ee/entry/17159/kulmsuitsu-leegitatud-vikerforellifilee--viilutatud-90-g/4740663420284",
     "hind": "2 99 /tk"
    },
    {
     "product": "Lõhefilee külmsuitsu, viilutatud 100 g",
     "url": "https://www.prismamarket.ee/entry/17159/lohefilee-kulmsuitsu--viilutatud-100-g/6415715101418",
     "hind": "2 99 /tk"
    },
    {
     "product": "Kuumsuitsu vikerforellifilee portsjon, leegitatud 170 g",
     "url": "https://www.prismamarket.ee/entry/17159/kuumsuitsu-vikerforellifilee-portsjon--leegitatud-170-g/6408002340003",
     "hind": "4 99 /tk"
    },
    {
     "product": "Kuumsuitsu vikerforellifilee portsjon pipraga 170 g",
     "url": "https://www.prismamarket.ee/entry/17159/kuumsuitsu-vikerforellifilee-portsjon-pipraga-170-g/6408002015000",
     "hind": "4 99 /tk"
    },
    {
     "product": "Külmsuitsu vikerforellifilee portsjon 170 g",
     "url": "https://www.prismamarket.ee/entry/17159/kulmsuitsu-vikerforellifilee-portsjon-170-g/6408002205005",
     "hind": "4 99 /tk"
    },
    {
     "product": "Kuumsuitsu vikerforellifilee leegitatud portsjon, kg",
     "url": "https://www.prismamarket.ee/entry/17159/kuumsuitsu-vikerforellifilee-leegitatud-portsjon--kg/2380026700008",
     "hind": "27 90 /kg"
    },
    {
     "product": "Külmsuitsu vikerforellifilee portsjon, kg",
     "url": "https://www.prismamarket.ee/entry/17159/kulmsuitsu-vikerforellifilee-portsjon--kg/2380015000003",
     "hind": "25 90 /kg"
    },
    {
     "product": "Külmsuitsu süvalest, kg",
     "url": "https://www.prismamarket.ee/entry/17159/kulmsuitsu-suvalest--kg/2070969800001",
     "hind": "15 90 /kg"
    }
   ]
  },
  {
   "info": [
    {
     "product": "Lõhe lõik, soolatud 170 g",
     "url": "https://www.prismamarket.ee/entry/17160/lohe-loik--soolatud-170-g/4740590890037",
     "hind": "3 99 /tk"
    },
    {
     "product": "Soolalõhe, viilutatud 100 g",
     "url": "https://www.prismamarket.ee/entry/17160/soolalohe--viilutatud-100-g/4740192010017",
     "hind": "1 99 /tk"
    },
    {
     "product": "Soolaheeringas, vaakumpakendis, kg",
     "url": "https://www.prismamarket.ee/entry/17160/soolaheeringas--vaakumpakendis--kg/2358971200003",
     "hind": "3 59 /kg"
    },
    {
     "product": "Heeringafilee, kergsoola 220 g",
     "url": "https://www.prismamarket.ee/entry/17160/heeringafilee--kergsoola-220-g/4770190377669",
     "hind": "1 59 /tk"
    },
    {
     "product": "Soolalõhefilee tükk 160 g",
     "url": "https://www.prismamarket.ee/entry/17160/soolalohefilee-tukk-160-g/4770190122085",
     "hind": "4 59 /tk"
    },
    {
     "product": "Õrnas soolas lõhefilee, viilutatud 90 g",
     "url": "https://www.prismamarket.ee/entry/17160/ornas-soolas-lohefilee--viilutatud-90-g/4740663420246",
     "hind": "2 99 /tk"
    },
    {
     "product": "Õrnas soolas tilliga vikerforellifilee, viilutatud 90 g",
     "url": "https://www.prismamarket.ee/entry/17160/ornas-soolas-tilliga-vikerforellifilee--viilutatud-90-g/4740663420291",
     "hind": "2 79 /tk"
    },
    {
     "product": "Vähesoola lõhefilee viilud",
     "url": "https://www.prismamarket.ee/entry/17160/vahesoola-lohefilee-viilud/4744957010014",
     "hind": "2 99 /tk"
    },
    {
     "product": "Vähesoola forellifilee viilud",
     "url": "https://www.prismamarket.ee/entry/17160/vahesoola-forellifilee-viilud/4744957010038",
     "hind": "2 99 /tk"
    },
    {
     "product": "Graavi lõhefilee, viilutatud 100 g",
     "url": "https://www.prismamarket.ee/entry/17160/graavi-lohefilee--viilutatud-100-g/6415715101432",
     "hind": "2 99 /tk"
    },
    {
     "product": "Õrnas soolas vikerforellifilee, viilutatud 90 g",
     "url": "https://www.prismamarket.ee/entry/17160/ornas-soolas-vikerforellifilee--viilutatud-90-g/4740663420260",
     "hind": "2 79 /tk"
    },
    {
     "product": "Võileivaforell tilli ja soolaga, 150 g",
     "url": "https://www.prismamarket.ee/entry/17160/voileivaforell-tilli-ja-soolaga--150-g/4740663420352",
     "hind": "1 59 /tk"
    },
    {
     "product": "Graavisoola vikerforellifilee viilud 150 g",
     "url": "https://www.prismamarket.ee/entry/17160/graavisoola-vikerforellifilee-viilud-150-g/6414893385924",
     "hind": "3 35 /tk"
    },
    {
     "product": "Graavilõhe, viilutatud 500 g",
     "url": "https://www.prismamarket.ee/entry/17160/graavilohe--viilutatud-500-g/4740192010468",
     "hind": "8 99 /tk"
    },
    {
     "product": "Soolalõhefilee tilliga, sulatatud, viilutatud, kg",
     "url": "https://www.prismamarket.ee/entry/17160/soolalohefilee-tilliga--sulatatud--viilutatud--kg/2060324400007",
     "hind": "21 99 /kg"
    }
   ]
  },
  {
   "info": [
    {
     "product": "Puhastatud praetud kilu 170 g",
     "url": "https://www.prismamarket.ee/entry/17161/puhastatud-praetud-kilu-170-g/4742312003336",
     "hind": "1 49 /tk"
    },
    {
     "product": "Kalakotletid tilliga 300 g",
     "url": "https://www.prismamarket.ee/entry/17161/kalakotletid-tilliga-300-g/4740663620028",
     "hind": "3 19 /tk"
    }
   ]
  },
  {
   "info": [
    {
     "product": "Angersäga, marineeritud 250 g",
     "url": "https://www.prismamarket.ee/entry/17162/angersaga--marineeritud-250-g/4740192004030",
     "hind": "5 49 /tk"
    },
    {
     "product": "Heeringafilee sinepikastmes 250 g",
     "url": "https://www.prismamarket.ee/entry/17162/heeringafilee-sinepikastmes-250-g/4740192006010",
     "hind": "1 79 /tk"
    },
    {
     "product": "Latikafilee tomatimarinaadis 330 g",
     "url": "https://www.prismamarket.ee/entry/17162/latikafilee-tomatimarinaadis-330-g/4740665000675",
     "hind": "1 99 /tk"
    },
    {
     "product": "Praetud räimed, gluteenivabad 140 g",
     "url": "https://www.prismamarket.ee/entry/17162/praetud-raimed--gluteenivabad-140-g/4742312005163",
     "hind": "1 49 /tk"
    },
    {
     "product": "Marineeritud klaarsäga 250 g",
     "url": "https://www.prismamarket.ee/entry/17162/marineeritud-klaarsaga-250-g/4740192004016",
     "hind": "5 49 /tk"
    },
    {
     "product": "Hõbeheik, marineeritud 250 g",
     "url": "https://www.prismamarket.ee/entry/17162/hobeheik--marineeritud-250-g/4740192003019",
     "hind": "2 29 /tk"
    },
    {
     "product": "Peipsi tint tomatimarinaadis 300 g",
     "url": "https://www.prismamarket.ee/entry/17162/peipsi-tint-tomatimarinaadis-300-g/4740665000590",
     "hind": "1 39 /tk"
    },
    {
     "product": "Ahvenafilee kodumarinaadis 330 g",
     "url": "https://www.prismamarket.ee/entry/17162/ahvenafilee-kodumarinaadis-330-g/4740665000668",
     "hind": "2 59 /tk"
    },
    {
     "product": "Peipsi rääbis tomatimarinaadis 300 g",
     "url": "https://www.prismamarket.ee/entry/17162/peipsi-raabis-tomatimarinaadis-300-g/4740665000576",
     "hind": "2 55 /tk"
    },
    {
     "product": "Tursk marineeritud 250 g",
     "url": "https://www.prismamarket.ee/entry/17162/tursk-marineeritud-250-g/4740192002012",
     "hind": "2 29 /tk"
    },
    {
     "product": "Skumbria, marineeritud 250 g",
     "url": "https://www.prismamarket.ee/entry/17162/skumbria--marineeritud-250-g/4740192001015",
     "hind": "1 99 /tk"
    },
    {
     "product": "Mereangerjas, marineeritud 250 g",
     "url": "https://www.prismamarket.ee/entry/17162/mereangerjas--marineeritud-250-g/4740192000018",
     "hind": "12 99 /tk"
    }
   ]
  },
  {
   "info": [
    {
     "product": "Heeringafilee traditsiooniline 400 g",
     "url": "https://www.prismamarket.ee/entry/17163/heeringafilee-traditsiooniline-400-g/4770190350310",
     "hind": "2 25 /tk"
    },
    {
     "product": "Heeringafilee, vähesoolane 240 g",
     "url": "https://www.prismamarket.ee/entry/17163/heeringafilee--vahesoolane-240-g/4740687000936",
     "hind": "1 65 /tk"
    },
    {
     "product": "Heeringafilee traditsiooniline 240 g",
     "url": "https://www.prismamarket.ee/entry/17163/heeringafilee-traditsiooniline-240-g/4770190035781",
     "hind": "1 29 /tk"
    },
    {
     "product": "Vürtsikilufileed õlis 160 g",
     "url": "https://www.prismamarket.ee/entry/17163/vurtsikilufileed-olis-160-g/4742312000298",
     "hind": "1 89 /tk"
    },
    {
     "product": "Vürtsikilufileed 100 g",
     "url": "https://www.prismamarket.ee/entry/17163/vurtsikilufileed-100-g/4740041001418",
     "hind": "1 89 /tk"
    },
    {
     "product": "Vürtsikilufilee 130 g",
     "url": "https://www.prismamarket.ee/entry/17163/vurtsikilufilee-130-g/4740590875430",
     "hind": "1 79 /tk"
    },
    {
     "product": "Vürtsikilufilee 160 g",
     "url": "https://www.prismamarket.ee/entry/17163/vurtsikilufilee-160-g/4742312000328",
     "hind": "1 89 /tk"
    },
    {
     "product": "Räimed koduses marinaadis, praetud",
     "url": "https://www.prismamarket.ee/entry/17163/raimed-koduses-marinaadis--praetud/4740041000282",
     "hind": "2 79 /tk"
    },
    {
     "product": "Praetud heeringafileed tomati marinaadis",
     "url": "https://www.prismamarket.ee/entry/17163/praetud-heeringafileed-tomati-marinaadis/4740041001937",
     "hind": "3 29 /tk"
    },
    {
     "product": "Heeringafilee, traditsiooniline, õlita 190 g",
     "url": "https://www.prismamarket.ee/entry/17163/heeringafilee--traditsiooniline--olita-190-g/4770190044943",
     "hind": "1 69 /tk"
    },
    {
     "product": "Tallinna kilu fileed 100 g",
     "url": "https://www.prismamarket.ee/entry/17163/tallinna-kilu-fileed-100-g/4740041002248",
     "hind": "2 29 /tk"
    },
    {
     "product": "Heeringafilee, suitsumaitseline 240 g",
     "url": "https://www.prismamarket.ee/entry/17163/heeringafilee--suitsumaitseline-240-g/4740687000943",
     "hind": "1 65 /tk"
    },
    {
     "product": "Vürtsikilu, Tallinna kilud 250 g",
     "url": "https://www.prismamarket.ee/entry/17163/vurtsikilu--tallinna-kilud-250-g/4740628020122",
     "hind": "1 69 /tk"
    },
    {
     "product": "Räimed tomatimarinaadis, praetud 430 g",
     "url": "https://www.prismamarket.ee/entry/17163/raimed-tomatimarinaadis--praetud-430-g/4740041000275",
     "hind": "2 79 /tk"
    },
    {
     "product": "Heeringafilee õlis, külmsuitsu 240 g",
     "url": "https://www.prismamarket.ee/entry/17163/heeringafilee-olis--kulmsuitsu-240-g/4770190035903",
     "hind": "1 89 /tk"
    },
    {
     "product": "Saare Vürtsikilud 250 g",
     "url": "https://www.prismamarket.ee/entry/17163/saare-vurtsikilud-250-g/4740219107218",
     "hind": "1 39 /tk"
    },
    {
     "product": "Heeringafilee, rasvane 240 g",
     "url": "https://www.prismamarket.ee/entry/17163/heeringafilee--rasvane-240-g/4770190378918",
     "hind": "1 85 /tk"
    },
    {
     "product": "Heeringafilee Rollmops kurgiga 250 g",
     "url": "https://www.prismamarket.ee/entry/17163/heeringafilee-rollmops-kurgiga-250-g/4740687000967",
     "hind": "2 25 /tk"
    },
    {
     "product": "Heeringasalat murulauguga 360 g",
     "url": "https://www.prismamarket.ee/entry/17163/heeringasalat-murulauguga-360-g/4740041001050",
     "hind": "3 39 /tk"
    },
    {
     "product": "Heeringafileetükid juurviljadega marinaadis 400 g",
     "url": "https://www.prismamarket.ee/entry/17163/heeringafileetukid-juurviljadega-marinaadis-400-g/4740041000497",
     "hind": "2 99 /tk"
    },
    {
     "product": "Vürtiskilu premium 180 g",
     "url": "https://www.prismamarket.ee/entry/17163/vurtiskilu-premium-180-g/4740628546783",
     "hind": "1 19 /tk"
    },
    {
     "product": "Heeringafilee traditsiooniline 1 kg",
     "url": "https://www.prismamarket.ee/entry/17163/heeringafilee-traditsiooniline-1-kg/4770190352277",
     "hind": "6 99 /tk"
    },
    {
     "product": "Räimerullid küüslaugukastmes 400 g",
     "url": "https://www.prismamarket.ee/entry/17163/raimerullid-kuuslaugukastmes-400-g/4740041004020",
     "hind": "3 49 /tk"
    },
    {
     "product": "Restorani heeringafilee 325 g",
     "url": "https://www.prismamarket.ee/entry/17163/restorani-heeringafilee-325-g/6414893330252",
     "hind": "2 59 /tk"
    },
    {
     "product": "Vürtsikilud 430 g",
     "url": "https://www.prismamarket.ee/entry/17163/vurtsikilud-430-g/4740041000251",
     "hind": "2 29 /tk"
    },
    {
     "product": "Soola heeringafilee, nahata 200 g",
     "url": "https://www.prismamarket.ee/entry/17163/soola-heeringafilee--nahata-200-g/4740219113387",
     "hind": "1 99 /tk"
    },
    {
     "product": "Atlandi heeringafilee tükid tilliga, õlis 200 g",
     "url": "https://www.prismamarket.ee/entry/17163/atlandi-heeringafilee-tukid-tilliga--olis-200-g/4770190352932",
     "hind": "1 69 /tk"
    },
    {
     "product": "Heeringad sinepikastmes 230 g",
     "url": "https://www.prismamarket.ee/entry/17163/heeringad-sinepikastmes-230-g/7311171004135",
     "hind": "2 19 /tk"
    },
    {
     "product": "Marineeritud heeringas sibulaga",
     "url": "https://www.prismamarket.ee/entry/17163/marineeritud-heeringas-sibulaga/6414893330061",
     "hind": "1 35 /tk"
    },
    {
     "product": "Vürtsikilu ämbris 1 kg",
     "url": "https://www.prismamarket.ee/entry/17163/vurtsikilu-ambris-1-kg/4740219107324",
     "hind": "2 69 /tk"
    },
    {
     "product": "Ansoovis-kilufilee õlis 140 g",
     "url": "https://www.prismamarket.ee/entry/17163/ansoovis-kilufilee-olis-140-g/4740628020207",
     "hind": "2 45 /tk"
    },
    {
     "product": "Atlandi heeringafilee tükid sinepikastmes 200 g",
     "url": "https://www.prismamarket.ee/entry/17163/atlandi-heeringafilee-tukid-sinepikastmes-200-g/4770190140621",
     "hind": "1 29 /tk"
    },
    {
     "product": "Heeringafilee sibulaga koorekastmes 150 g",
     "url": "https://www.prismamarket.ee/entry/17163/heeringafilee-sibulaga-koorekastmes-150-g/4740687001353",
     "hind": "1 19 /tk"
    },
    {
     "product": "Balti vürtsikilud 400 g",
     "url": "https://www.prismamarket.ee/entry/17163/balti-vurtsikilud-400-g/4742312000724",
     "hind": "1 19 /tk"
    },
    {
     "product": "Praetud räimed tomatikastmes 270 g",
     "url": "https://www.prismamarket.ee/entry/17163/praetud-raimed-tomatikastmes-270-g/4742312005989",
     "hind": "1 49 /tk"
    },
    {
     "product": "Atlandi heeringafilee tükid sibulaga marinaadis 380 g",
     "url": "https://www.prismamarket.ee/entry/17163/atlandi-heeringafilee-tukid-sibulaga-marinaadis-380-g/4770190140447",
     "hind": "2 29 /tk"
    },
    {
     "product": "Marineeritud Atlandi heeringafilee tükid ploomidega õlis 380 g",
     "url": "https://www.prismamarket.ee/entry/17163/marineeritud-atlandi-heeringafilee-tukid-ploomidega-olis-380-g/4770190140461",
     "hind": "2 59 /tk"
    },
    {
     "product": "Heeringafilee tükid mädarõikakastmes 200 g",
     "url": "https://www.prismamarket.ee/entry/17163/heeringafilee-tukid-madaroikakastmes-200-g/4770190140782",
     "hind": "1 29 /tk"
    },
    {
     "product": "Heeringafilee tükid teravas tomatikastmes 300 g",
     "url": "https://www.prismamarket.ee/entry/17163/heeringafilee-tukid-teravas-tomatikastmes-300-g/4740219113615",
     "hind": "2 69 /tk"
    },
    {
     "product": "Delikatess-vürtsikilufilee Skandinaavia moodi 160 g",
     "url": "https://www.prismamarket.ee/entry/17163/delikatess-vurtsikilufilee-skandinaavia-moodi-160-g/4742312000427",
     "hind": "1 89 /tk"
    },
    {
     "product": "Tallinna kilud 250 g",
     "url": "https://www.prismamarket.ee/entry/17163/tallinna-kilud-250-g/4740590071146",
     "hind": "1 75 /tk"
    },
    {
     "product": "Praetud kilud tomatikastmes 430 g",
     "url": "https://www.prismamarket.ee/entry/17163/praetud-kilud-tomatikastmes-430-g/4740590071894",
     "hind": "1 99 /tk"
    },
    {
     "product": "Praetud kilud koduses marinaadis 430 g",
     "url": "https://www.prismamarket.ee/entry/17163/praetud-kilud-koduses-marinaadis-430-g/4740590071900",
     "hind": "1 99 /tk"
    },
    {
     "product": "Praetud räimed tomatikastmes 430 g",
     "url": "https://www.prismamarket.ee/entry/17163/praetud-raimed-tomatikastmes-430-g/4740590071917",
     "hind": "1 99 /tk"
    },
    {
     "product": "Heeringafilee õlis, klassikaline 280 g",
     "url": "https://www.prismamarket.ee/entry/17163/heeringafilee-olis--klassikaline-280-g/4740590071955",
     "hind": "2 09 /tk"
    },
    {
     "product": "Ansoovisefilee 125/80 g",
     "url": "https://www.prismamarket.ee/entry/17163/ansoovisefilee-125-80-g/6414893320062",
     "hind": "1 69 /tk"
    },
    {
     "product": "Praetud kilud kimchi kastmes 380 g",
     "url": "https://www.prismamarket.ee/entry/17163/praetud-kilud-kimchi-kastmes-380-g/4742312000465",
     "hind": "1 49 /tk"
    },
    {
     "product": "Saare silk 300 g",
     "url": "https://www.prismamarket.ee/entry/17163/saare-silk-300-g/4740219109380",
     "hind": "1 69 /tk"
    },
    {
     "product": "Heeringafilee tükid marinaadis Maie 300 g",
     "url": "https://www.prismamarket.ee/entry/17163/heeringafilee-tukid-marinaadis-maie-300-g/4740219113646",
     "hind": "2 29 /tk"
    },
    {
     "product": "Heeringafilee majones-till 250 g",
     "url": "https://www.prismamarket.ee/entry/17163/heeringafilee-majones-till-250-g/4740192006034",
     "hind": "1 69 /tk"
    },
    {
     "product": "Heeringa filee soolatud 200 g",
     "url": "https://www.prismamarket.ee/entry/17163/heeringa-filee-soolatud-200-g/4740192022669",
     "hind": "1 39 /tk"
    },
    {
     "product": "Heeringasalat peediga 360 g",
     "url": "https://www.prismamarket.ee/entry/17163/heeringasalat-peediga-360-g/4740041004808",
     "hind": "2 59 /tk"
    },
    {
     "product": "Heeringas sinepis 550 g",
     "url": "https://www.prismamarket.ee/entry/17163/heeringas-sinepis-550-g/6414893330030",
     "hind": "2 49 /tk"
    },
    {
     "product": "Marineeritud heeringas sibulaga 580 g",
     "url": "https://www.prismamarket.ee/entry/17163/marineeritud-heeringas-sibulaga-580-g/6414893330016",
     "hind": "2 09 /tk"
    },
    {
     "product": "Heeringas maitsestatud 580 g",
     "url": "https://www.prismamarket.ee/entry/17163/heeringas-maitsestatud-580-g/6414893330023",
     "hind": "2 29 /tk"
    },
    {
     "product": "Marineeritud heeringas vürtsidega 580 g",
     "url": "https://www.prismamarket.ee/entry/17163/marineeritud-heeringas-vurtsidega-580-g/6414893330054",
     "hind": "2 29 /tk"
    },
    {
     "product": "Atlandi heeringafilee punase sibulaga, õlita 200 g",
     "url": "https://www.prismamarket.ee/entry/17163/atlandi-heeringafilee-punase-sibulaga--olita-200-g/4770190130059",
     "hind": "1 79 /tk"
    },
    {
     "product": "Atlandi heeringafilee tükid sibulaga õlis 200 g",
     "url": "https://www.prismamarket.ee/entry/17163/atlandi-heeringafilee-tukid-sibulaga-olis-200-g/4770190140645",
     "hind": "1 29 /tk"
    },
    {
     "product": "Vürtsikas kilufilee 200 g",
     "url": "https://www.prismamarket.ee/entry/17163/vurtsikas-kilufilee-200-g/4740041000268",
     "hind": "3 39 /tk"
    },
    {
     "product": "Heeringafilee tükid tilliga, marinaadis 300 g",
     "url": "https://www.prismamarket.ee/entry/17163/heeringafilee-tukid-tilliga--marinaadis-300-g/4740589005299",
     "hind": "1 95 /tk"
    },
    {
     "product": "Ansoovis õlis, kilufileest 125 g",
     "url": "https://www.prismamarket.ee/entry/17163/ansoovis-olis--kilufileest-125-g/4740041000930",
     "hind": "2 79 /tk"
    },
    {
     "product": "Räimerullid rosepipra-küüslaugu marinaadis 300 g",
     "url": "https://www.prismamarket.ee/entry/17163/raimerullid-rosepipra-kuuslaugu-marinaadis-300-g/4740219114131",
     "hind": "3 39 /tk"
    }
   ]
  },
  {
   "info": [
    {
     "product": "Lõhepasteet 145 g",
     "url": "https://www.prismamarket.ee/entry/17164/lohepasteet-145-g/7311170032153",
     "hind": "1 99 /tk"
    },
    {
     "product": "Kalamarjamääre 250 g",
     "url": "https://www.prismamarket.ee/entry/17164/kalamarjamaare-250-g/6414893209756",
     "hind": "1 59 /tk"
    },
    {
     "product": "Kalles kaviar 190 g",
     "url": "https://www.prismamarket.ee/entry/17164/kalles-kaviar-190-g/7311170031118",
     "hind": "2 49 /tk"
    },
    {
     "product": "Suitsukalasalat, 200 g",
     "url": "https://www.prismamarket.ee/entry/17164/suitsukalasalat--200-g/6406601090404",
     "hind": "2 69 /tk"
    },
    {
     "product": "Kalamarjapasta 250 g",
     "url": "https://www.prismamarket.ee/entry/17164/kalamarjapasta-250-g/6414893320093",
     "hind": "1 85 /tk"
    },
    {
     "product": "Kalamarjapasta 150 g",
     "url": "https://www.prismamarket.ee/entry/17164/kalamarjapasta-150-g/6414893320086",
     "hind": "1 35 /tk"
    },
    {
     "product": "Jäämere mereannisalat, 200g",
     "url": "https://www.prismamarket.ee/entry/17164/jaamere-mereannisalat--200g/6406601090305",
     "hind": "2 69 /tk"
    },
    {
     "product": "Tuunikalapasteet 145 g",
     "url": "https://www.prismamarket.ee/entry/17164/tuunikalapasteet-145-g/6414893209763",
     "hind": "1 59 /tk"
    }
   ]
  },
  {
   "info": [
    {
     "product": "Stauriid, soolatud, kuivatatud 40 g",
     "url": "https://www.prismamarket.ee/entry/17157/stauriid--soolatud--kuivatatud-40-g/4260147170028",
     "hind": "1 39 /tk"
    },
    {
     "product": "Tursk, vähesoolane, kuivatatud, lõigud 36 g",
     "url": "https://www.prismamarket.ee/entry/17157/tursk--vahesoolane--kuivatatud--loigud-36-g/4260147170295",
     "hind": "1 39 /tk"
    },
    {
     "product": "Kalmaari ribad, soolatud, suitsumaitselised 36 g",
     "url": "https://www.prismamarket.ee/entry/17157/kalmaari-ribad--soolatud--suitsumaitselised-36-g/4260147170509",
     "hind": "1 39 /tk"
    },
    {
     "product": "Meretint, kuivatatud, vähesoolane 36 g",
     "url": "https://www.prismamarket.ee/entry/17157/meretint--kuivatatud--vahesoolane-36-g/4260147170134",
     "hind": "1 39 /tk"
    },
    {
     "product": "Õllekrõps lõhest 50 g",
     "url": "https://www.prismamarket.ee/entry/17157/ollekrops-lohest-50-g/4740192010086",
     "hind": "1 19 /tk"
    },
    {
     "product": "Räimesült 270 g",
     "url": "https://www.prismamarket.ee/entry/17157/raimesult-270-g/4740041000176",
     "hind": "2 29 /tk"
    },
    {
     "product": "Lõhekrõpsud 40 g",
     "url": "https://www.prismamarket.ee/entry/17157/lohekropsud-40-g/4740219103074",
     "hind": "1 09 /tk"
    },
    {
     "product": "Särg kuivatatud kg",
     "url": "https://www.prismamarket.ee/entry/17157/sarg-kuivatatud-kg/2358960200007",
     "hind": "9 25 /kg"
    },
    {
     "product": "Vinnutatud latikafilee ribad 45 g",
     "url": "https://www.prismamarket.ee/entry/17157/vinnutatud-latikafilee-ribad-45-g/4740589005640",
     "hind": "2 59 /tk"
    },
    {
     "product": "Latikafilee ribad, kuivatatud 40 g",
     "url": "https://www.prismamarket.ee/entry/17157/latikafilee-ribad--kuivatatud-40-g/4740219116661",
     "hind": "2 19 /tk"
    },
    {
     "product": "Tursk, seesamiga, vähesoolane, lõikudena, 36g",
     "url": "https://www.prismamarket.ee/entry/17157/tursk--seesamiga--vahesoolane--loikudena--36g/4260147170271",
     "hind": "1 39 /tk"
    },
    {
     "product": "Marineeritud forellifilee tarrendis 250 g",
     "url": "https://www.prismamarket.ee/entry/17157/marineeritud-forellifilee-tarrendis-250-g/4740219444443",
     "hind": "5 59 /tk"
    }
   ]
  }
 ]
}