{
 "name": "KÜLMUTATUD TOOTED",
 "tooted": [
  {
   "info": [
    {
     "product": "Broilerikael, 400 g",
     "url": "https://www.prismamarket.ee/entry/17833/broilerikael--400-g/4740046006289",
     "hind": "0 49 /tk"
    },
    {
     "product": "Frikadellid, 400 g",
     "url": "https://www.prismamarket.ee/entry/17833/frikadellid--400-g/4740003008646",
     "hind": "1 89 /tk"
    },
    {
     "product": "Pihvid, 530 g",
     "url": "https://www.prismamarket.ee/entry/17833/pihvid--530-g/4740003005515",
     "hind": "2 39 /tk"
    },
    {
     "product": "Broilerisüda, 400 g",
     "url": "https://www.prismamarket.ee/entry/17833/broilerisuda--400-g/4740046008726",
     "hind": "1 79 /tk"
    },
    {
     "product": "Broilerimaks, 500 g",
     "url": "https://www.prismamarket.ee/entry/17833/broilerimaks--500-g/4740046006302",
     "hind": "1 49 /tk"
    },
    {
     "product": "Mini-frikadellid, 350 g",
     "url": "https://www.prismamarket.ee/entry/17833/mini-frikadellid--350-g/4740093004979",
     "hind": "1 29 /tk"
    },
    {
     "product": "Kiievi kotlet, 400g",
     "url": "https://www.prismamarket.ee/entry/17833/kiievi-kotlet--400g/4740046011931",
     "hind": "4 59 /tk"
    },
    {
     "product": "Beyond Meat Burger hernevalgupõhised köögiviljapihvid 2 tk 227 g",
     "url": "https://www.prismamarket.ee/entry/17833/beyond-meat-burger-hernevalgupohised-koogiviljapihvid-2-tk-227-g/850004207024",
     "hind": "6 69 /tk"
    },
    {
     "product": "Ehe mini-frikadellid, 350 g",
     "url": "https://www.prismamarket.ee/entry/17833/ehe-mini-frikadellid--350-g/4740296011453",
     "hind": "1 59 /tk"
    },
    {
     "product": "Danpo külmutataud kanakoivad, 2 kg",
     "url": "https://www.prismamarket.ee/entry/17833/danpo-kulmutataud-kanakoivad--2-kg/5789000053418",
     "hind": "2 79 /tk"
    },
    {
     "product": "Külmutatud kotletid Hiina 350 g",
     "url": "https://www.prismamarket.ee/entry/17833/kulmutatud-kotletid-hiina-350-g/4740223017350",
     "hind": "2 09 /tk"
    },
    {
     "product": "Kodused frikadellid 350 g",
     "url": "https://www.prismamarket.ee/entry/17833/kodused-frikadellid-350-g/4740189074299",
     "hind": "1 99 /tk"
    },
    {
     "product": "Searasv, 200 g",
     "url": "https://www.prismamarket.ee/entry/17833/searasv--200-g/4740003007182",
     "hind": "0 55 /tk"
    }
   ]
  },
  {
   "info": [
    {
     "product": "Kalapulgad, 250 g",
     "url": "https://www.prismamarket.ee/entry/17834/kalapulgad--250-g/4740056091008",
     "hind": "0 79 /tk"
    },
    {
     "product": "Koorimata krevetid, 450 g",
     "url": "https://www.prismamarket.ee/entry/17834/koorimata-krevetid--450-g/4740093006515",
     "hind": "3 99 /tk"
    },
    {
     "product": "Kooritud krevetid, 160 g",
     "url": "https://www.prismamarket.ee/entry/17834/kooritud-krevetid--160-g/4740188801018",
     "hind": "3 89 /tk"
    },
    {
     "product": "Mintaifilee, nahata, 560 g",
     "url": "https://www.prismamarket.ee/entry/17834/mintaifilee--nahata--560-g/4770190046107",
     "hind": "3 49 /tk"
    },
    {
     "product": "Argentiina merluus peata, 595 g",
     "url": "https://www.prismamarket.ee/entry/17834/argentiina-merluus-peata--595-g/4770190052412",
     "hind": "3 09 /tk"
    },
    {
     "product": "Krevetid, 180 g",
     "url": "https://www.prismamarket.ee/entry/17834/krevetid--180-g/6414890230012",
     "hind": "3 29 /tk"
    },
    {
     "product": "Koorimata krevetid, 900 g",
     "url": "https://www.prismamarket.ee/entry/17834/koorimata-krevetid--900-g/4740093006539",
     "hind": "7 89 /tk"
    },
    {
     "product": "Kalapulgad, 250 g",
     "url": "https://www.prismamarket.ee/entry/17834/kalapulgad--250-g/6414890222505",
     "hind": "0 79 /tk"
    },
    {
     "product": "Hiidkrevetid taignas 140 g",
     "url": "https://www.prismamarket.ee/entry/17834/hiidkrevetid-taignas-140-g/5057373818331",
     "hind": "4 99 /tk"
    },
    {
     "product": "Tursafilee portsjonid, nahata, 500 g",
     "url": "https://www.prismamarket.ee/entry/17834/tursafilee-portsjonid--nahata--500-g/4770190110846",
     "hind": "7 69 /tk"
    },
    {
     "product": "Vaikse ookeani mintai fileepalad, 400 g",
     "url": "https://www.prismamarket.ee/entry/17834/vaikse-ookeani-mintai-fileepalad--400-g/7340011320227",
     "hind": "2 89 /tk"
    },
    {
     "product": "Paneeritud kalafileepala Hot&amp;Spicy, 400 g",
     "url": "https://www.prismamarket.ee/entry/17834/paneeritud-kalafileepala-hot-amp-spicy--400-g/4740056072601",
     "hind": "3 79 /tk"
    },
    {
     "product": "Paneeritud kalafileepala, küüslaugu-peterselli, 400 g",
     "url": "https://www.prismamarket.ee/entry/17834/paneeritud-kalafileepala--kuuslaugu-peterselli--400-g/4740056072595",
     "hind": "3 89 /tk"
    },
    {
     "product": "Väikesed keedetud kooritud krevetid, 200 g",
     "url": "https://www.prismamarket.ee/entry/17834/vaikesed-keedetud-kooritud-krevetid--200-g/7340011450658",
     "hind": "2 89 /tk"
    },
    {
     "product": "Paneeritud kalafileepalad, 400 g",
     "url": "https://www.prismamarket.ee/entry/17834/paneeritud-kalafileepalad--400-g/4740056072618",
     "hind": "3 69 /tk"
    },
    {
     "product": "Naha ja luudeta lõhepalad, 250 g",
     "url": "https://www.prismamarket.ee/entry/17834/naha-ja-luudeta-lohepalad--250-g/7340011484592",
     "hind": "5 99 /tk"
    },
    {
     "product": "Hiidkrevetisabad, 200 g",
     "url": "https://www.prismamarket.ee/entry/17834/hiidkrevetisabad--200-g/6414893112506",
     "hind": "4 99 /tk"
    },
    {
     "product": "Kooritud hiidkrevetisabad, 320 g",
     "url": "https://www.prismamarket.ee/entry/17834/kooritud-hiidkrevetisabad--320-g/4740687001285",
     "hind": "8 89 /tk"
    },
    {
     "product": "Merluusifilee, nahaga, 560 g",
     "url": "https://www.prismamarket.ee/entry/17834/merluusifilee--nahaga--560-g/4770190051125",
     "hind": "2 99 /tk"
    },
    {
     "product": "Ürdikastmega saidafilee, 300 g",
     "url": "https://www.prismamarket.ee/entry/17834/urdikastmega-saidafilee--300-g/6415713110221",
     "hind": "2 59 /tk"
    },
    {
     "product": "Forellimari, 100 g",
     "url": "https://www.prismamarket.ee/entry/17834/forellimari--100-g/6408003310005",
     "hind": "4 59 /tk"
    },
    {
     "product": "Saidatükid, 400 g",
     "url": "https://www.prismamarket.ee/entry/17834/saidatukid--400-g/6415713110207",
     "hind": "5 99 /tk"
    },
    {
     "product": "Paneeritud kalafilee, 600 g",
     "url": "https://www.prismamarket.ee/entry/17834/paneeritud-kalafilee--600-g/7340011427391",
     "hind": "3 59 /tk"
    },
    {
     "product": "Krõbedad paneeritud lõhelõigud, 320 g",
     "url": "https://www.prismamarket.ee/entry/17834/krobedad-paneeritud-loheloigud--320-g/7310500042541",
     "hind": "5 59 /tk"
    },
    {
     "product": "Kuldkrõbedad kalafileed, 360 g",
     "url": "https://www.prismamarket.ee/entry/17834/kuldkrobedad-kalafileed--360-g/7310500094465",
     "hind": "3 69 /tk"
    },
    {
     "product": "Kuldkrõbedad kalafileed sidruni ja peterselliga, 360 g",
     "url": "https://www.prismamarket.ee/entry/17834/kuldkrobedad-kalafileed-sidruni-ja-peterselliga--360-g/7310500094496",
     "hind": "3 69 /tk"
    },
    {
     "product": "Hakklõhepihv, 240 g",
     "url": "https://www.prismamarket.ee/entry/17834/hakklohepihv--240-g/6430104966454",
     "hind": "2 29 /tk"
    },
    {
     "product": "Räimefilee, 300 g",
     "url": "https://www.prismamarket.ee/entry/17834/raimefilee--300-g/6420700030154",
     "hind": "2 39 /tk"
    },
    {
     "product": "Saidafilee, 400 g",
     "url": "https://www.prismamarket.ee/entry/17834/saidafilee--400-g/7035111325967",
     "hind": "5 99 /tk"
    },
    {
     "product": "Saidafilee 400 g",
     "url": "https://www.prismamarket.ee/entry/17834/saidafilee-400-g/7310500069067",
     "hind": "4 79 /tk"
    },
    {
     "product": "Kalafileepulgad, 250 g",
     "url": "https://www.prismamarket.ee/entry/17834/kalafileepulgad--250-g/7310500094526",
     "hind": "2 59 /tk"
    },
    {
     "product": "Täisterapaneeringus kalafileepulgad, 360 g",
     "url": "https://www.prismamarket.ee/entry/17834/taisterapaneeringus-kalafileepulgad--360-g/7310500143651",
     "hind": "3 29 /tk"
    },
    {
     "product": "Saidalõigud küüslaugukastmega, 300 g",
     "url": "https://www.prismamarket.ee/entry/17834/saidaloigud-kuuslaugukastmega--300-g/6401893177772",
     "hind": "2 79 /tk"
    },
    {
     "product": "Paneeritud kalmaarirõngad, 500 g",
     "url": "https://www.prismamarket.ee/entry/17834/paneeritud-kalmaarirongad--500-g/8411076016734",
     "hind": "4 39 /tk"
    },
    {
     "product": "Krevetid, 450 g",
     "url": "https://www.prismamarket.ee/entry/17834/krevetid--450-g/6414890230029",
     "hind": "7 99 /tk"
    },
    {
     "product": "Pangaasiusfilee, nahata, 560 g",
     "url": "https://www.prismamarket.ee/entry/17834/pangaasiusfilee--nahata--560-g/4770190045179",
     "hind": "2 99 /tk"
    },
    {
     "product": "Mereandide kokteil, 800 g",
     "url": "https://www.prismamarket.ee/entry/17834/mereandide-kokteil--800-g/5702008224697",
     "hind": "7 99 /tk"
    },
    {
     "product": "Kooritud krevetid, 400 g",
     "url": "https://www.prismamarket.ee/entry/17834/kooritud-krevetid--400-g/4740188801063",
     "hind": "9 99 /tk"
    },
    {
     "product": "Suured kooritud krevetid, 180 g",
     "url": "https://www.prismamarket.ee/entry/17834/suured-kooritud-krevetid--180-g/6414890230050",
     "hind": "3 99 /tk"
    },
    {
     "product": "Kalafileepulgad, 250 g",
     "url": "https://www.prismamarket.ee/entry/17834/kalafileepulgad--250-g/6414890210106",
     "hind": "1 49 /tk"
    },
    {
     "product": "Kalakuubikud, 300 g",
     "url": "https://www.prismamarket.ee/entry/17834/kalakuubikud--300-g/6414893132696",
     "hind": "2 19 /tk"
    },
    {
     "product": "Lõhepala, 400 g",
     "url": "https://www.prismamarket.ee/entry/17834/lohepala--400-g/6414893150508",
     "hind": "5 49 /tk"
    },
    {
     "product": "Lõhekuubikud, 300 g",
     "url": "https://www.prismamarket.ee/entry/17834/lohekuubikud--300-g/6414893160187",
     "hind": "4 29 /tk"
    },
    {
     "product": "Keedetud maksikrevetid sabaga, 240 g",
     "url": "https://www.prismamarket.ee/entry/17834/keedetud-maksikrevetid-sabaga--240-g/4770190042284",
     "hind": "7 49 /tk"
    }
   ]
  },
  {
   "info": [
    {
     "product": "Friikartulid, 1 kg",
     "url": "https://www.prismamarket.ee/entry/17835/friikartulid--1-kg/7340011320029",
     "hind": "1 29 /tk"
    },
    {
     "product": "Friikartulid Kuldne ja krõbe, 750 g",
     "url": "https://www.prismamarket.ee/entry/17835/friikartulid-kuldne-ja-krobe--750-g/4740093001633",
     "hind": "1 69 /tk"
    },
    {
     "product": "Õhukesed rohelised oad, 450 g",
     "url": "https://www.prismamarket.ee/entry/17835/ohukesed-rohelised-oad--450-g/6414893150515",
     "hind": "0 99 /tk"
    },
    {
     "product": "Suvine supisegu, 400 g",
     "url": "https://www.prismamarket.ee/entry/17835/suvine-supisegu--400-g/4740188900117",
     "hind": "0 99 /tk"
    },
    {
     "product": "Herned, 450 g",
     "url": "https://www.prismamarket.ee/entry/17835/herned--450-g/6414890306007",
     "hind": "0 99 /tk"
    },
    {
     "product": "Pajaroog, 400 g",
     "url": "https://www.prismamarket.ee/entry/17835/pajaroog--400-g/4740188900704",
     "hind": "0 65 /tk"
    },
    {
     "product": "Woki segu, 400 g",
     "url": "https://www.prismamarket.ee/entry/17835/woki-segu--400-g/4740188900711",
     "hind": "0 99 /tk"
    },
    {
     "product": "Klassikaline wokisegu, 500 g",
     "url": "https://www.prismamarket.ee/entry/17835/klassikaline-wokisegu--500-g/7340011442813",
     "hind": "1 19 /tk"
    },
    {
     "product": "Tükeldatud aeduba, 400 g",
     "url": "https://www.prismamarket.ee/entry/17835/tukeldatud-aeduba--400-g/5900477000099",
     "hind": "0 69 /tk"
    },
    {
     "product": "Hakitud spinat, 150 g",
     "url": "https://www.prismamarket.ee/entry/17835/hakitud-spinat--150-g/6414893132986",
     "hind": "0 49 /tk"
    },
    {
     "product": "Brokoli, 450 g",
     "url": "https://www.prismamarket.ee/entry/17835/brokoli--450-g/6414893108165",
     "hind": "0 99 /tk"
    },
    {
     "product": "Friikartulid Kullakesed, 750 g",
     "url": "https://www.prismamarket.ee/entry/17835/friikartulid-kullakesed--750-g/4740188800028",
     "hind": "1 49 /tk"
    },
    {
     "product": "Kartuli-sibulasegu, 1 kg",
     "url": "https://www.prismamarket.ee/entry/17835/kartuli-sibulasegu--1-kg/6414893138186",
     "hind": "1 49 /tk"
    },
    {
     "product": "Porgand, mais, hernes, 400 g",
     "url": "https://www.prismamarket.ee/entry/17835/porgand--mais--hernes--400-g/4740188900742",
     "hind": "1 09 /tk"
    },
    {
     "product": "Aasiapäraste vürtsidega köögiviljad praadimiseks, 400 g",
     "url": "https://www.prismamarket.ee/entry/17835/aasiaparaste-vurtsidega-koogiviljad-praadimiseks--400-g/4740093022393",
     "hind": "1 59 /tk"
    },
    {
     "product": "Ühepajatoit, 400 g",
     "url": "https://www.prismamarket.ee/entry/17835/uhepajatoit--400-g/4740188900193",
     "hind": "1 39 /tk"
    },
    {
     "product": "Brokoli, 400 g",
     "url": "https://www.prismamarket.ee/entry/17835/brokoli--400-g/4740188900841",
     "hind": "1 09 /tk"
    },
    {
     "product": "Idamaiste maitseainetega köögiviljad praadimiseks, 400 g",
     "url": "https://www.prismamarket.ee/entry/17835/idamaiste-maitseainetega-koogiviljad-praadimiseks--400-g/5900477000525",
     "hind": "1 39 /tk"
    },
    {
     "product": "Brokoli, lillkapsas, porgand, 450 g",
     "url": "https://www.prismamarket.ee/entry/17835/brokoli--lillkapsas--porgand--450-g/6415713110344",
     "hind": "0 99 /tk"
    },
    {
     "product": "Metsaseened, 400 g",
     "url": "https://www.prismamarket.ee/entry/17835/metsaseened--400-g/5900477003366",
     "hind": "2 29 /tk"
    },
    {
     "product": "Küüslauguga kartulisektorid, 450 g",
     "url": "https://www.prismamarket.ee/entry/17835/kuuslauguga-kartulisektorid--450-g/6414893157668",
     "hind": "1 19 /tk"
    },
    {
     "product": "Lillkapsas, 450 g",
     "url": "https://www.prismamarket.ee/entry/17835/lillkapsas--450-g/6414893180826",
     "hind": "0 99 /tk"
    },
    {
     "product": "Itaalia maitseainetega köögiviljad praadimiseks, 400 g",
     "url": "https://www.prismamarket.ee/entry/17835/itaalia-maitseainetega-koogiviljad-praadimiseks--400-g/5900477000518",
     "hind": "1 39 /tk"
    },
    {
     "product": "Itaaliapärased köögiviljad praadimiseks, 400 g",
     "url": "https://www.prismamarket.ee/entry/17835/itaaliaparased-koogiviljad-praadimiseks--400-g/4740093033214",
     "hind": "1 59 /tk"
    },
    {
     "product": "Magus mais, 450 g",
     "url": "https://www.prismamarket.ee/entry/17835/magus-mais--450-g/6414890300050",
     "hind": "0 99 /tk"
    },
    {
     "product": "Hernes, mais, paprika, 200 g",
     "url": "https://www.prismamarket.ee/entry/17835/hernes--mais--paprika--200-g/6414893138209",
     "hind": "0 49 /tk"
    },
    {
     "product": "Juustuga kartulisektorid, 450 g",
     "url": "https://www.prismamarket.ee/entry/17835/juustuga-kartulisektorid--450-g/6414893158085",
     "hind": "1 29 /tk"
    },
    {
     "product": "Juurviljasegu suppidele, 200 g",
     "url": "https://www.prismamarket.ee/entry/17835/juurviljasegu-suppidele--200-g/6414893138216",
     "hind": "0 39 /tk"
    },
    {
     "product": "Juurviljasegu, 250 g",
     "url": "https://www.prismamarket.ee/entry/17835/juurviljasegu--250-g/6414893138193",
     "hind": "0 49 /tk"
    },
    {
     "product": "Kartuliröst, 600 g",
     "url": "https://www.prismamarket.ee/entry/17835/kartulirost--600-g/6414893134782",
     "hind": "1 59 /tk"
    },
    {
     "product": "Woki juurviljad, 1 kg",
     "url": "https://www.prismamarket.ee/entry/17835/woki-juurviljad--1-kg/7340011344438",
     "hind": "1 99 /tk"
    },
    {
     "product": "Friikartulid Fantasy, 1 kg",
     "url": "https://www.prismamarket.ee/entry/17835/friikartulid-fantasy--1-kg/8710679114305",
     "hind": "1 79 /tk"
    },
    {
     "product": "Kartuli-sibulasegu, 500 g",
     "url": "https://www.prismamarket.ee/entry/17835/kartuli-sibulasegu--500-g/6415713110436",
     "hind": "0 79 /tk"
    },
    {
     "product": "Ahjujuurviljad, 600 g",
     "url": "https://www.prismamarket.ee/entry/17835/ahjujuurviljad--600-g/6414893128897",
     "hind": "1 99 /tk"
    },
    {
     "product": "Hernes, mais, paprika, 450 g",
     "url": "https://www.prismamarket.ee/entry/17835/hernes--mais--paprika--450-g/6414890330255",
     "hind": "0 99 /tk"
    },
    {
     "product": "Miniporgandid, 200 g",
     "url": "https://www.prismamarket.ee/entry/17835/miniporgandid--200-g/6414893108141",
     "hind": "0 39 /tk"
    },
    {
     "product": "Grillitud juurviljad marinaadis, 450 g",
     "url": "https://www.prismamarket.ee/entry/17835/grillitud-juurviljad-marinaadis--450-g/6414893139749",
     "hind": "2 19 /tk"
    },
    {
     "product": "Friikartulid, 750 g",
     "url": "https://www.prismamarket.ee/entry/17835/friikartulid--750-g/6414893134799",
     "hind": "1 09 /tk"
    },
    {
     "product": "Kartuli- ja aedviljasegu suppidele, 750 g",
     "url": "https://www.prismamarket.ee/entry/17835/kartuli--ja-aedviljasegu-suppidele--750-g/6414893154452",
     "hind": "1 39 /tk"
    },
    {
     "product": "Sakilised friikartulid, 450 g",
     "url": "https://www.prismamarket.ee/entry/17835/sakilised-friikartulid--450-g/8710679267223",
     "hind": "1 59 /tk"
    },
    {
     "product": "Friikartulid, 450 g",
     "url": "https://www.prismamarket.ee/entry/17835/friikartulid--450-g/6414891050008",
     "hind": "0 69 /tk"
    },
    {
     "product": "Sibulakuubikud, 200 g",
     "url": "https://www.prismamarket.ee/entry/17835/sibulakuubikud--200-g/6430104921217",
     "hind": "0 69 /tk"
    },
    {
     "product": "Köögivilja-riisisegu, 300 g",
     "url": "https://www.prismamarket.ee/entry/17835/koogivilja-riisisegu--300-g/6430104921408",
     "hind": "1 29 /tk"
    },
    {
     "product": "Köögiviljad praadimiseks, 450 g",
     "url": "https://www.prismamarket.ee/entry/17835/koogiviljad-praadimiseks--450-g/6414893137837",
     "hind": "1 59 /tk"
    },
    {
     "product": "Paneeritud sibularõngad, 750 g",
     "url": "https://www.prismamarket.ee/entry/17835/paneeritud-sibularongad--750-g/5051008134735",
     "hind": "2 39 /tk"
    },
    {
     "product": "Praadimissegu kartuliga, 400 g",
     "url": "https://www.prismamarket.ee/entry/17835/praadimissegu-kartuliga--400-g/4740188900957",
     "hind": "1 49 /tk"
    },
    {
     "product": "Köögiviljad praadimiseks, 400 g",
     "url": "https://www.prismamarket.ee/entry/17835/koogiviljad-praadimiseks--400-g/4740093005273",
     "hind": "1 59 /tk"
    },
    {
     "product": "Wokisegu, 400 g",
     "url": "https://www.prismamarket.ee/entry/17835/wokisegu--400-g/4740093236875",
     "hind": "1 29 /tk"
    },
    {
     "product": "Friikartulid bataadist, 450g",
     "url": "https://www.prismamarket.ee/entry/17835/friikartulid-bataadist---450g/8710449933327",
     "hind": "2 99 /tk"
    },
    {
     "product": "BBQ maitselised vigurkartulid 600 g",
     "url": "https://www.prismamarket.ee/entry/17835/bbq-maitselised-vigurkartulid-600-g/7340191104655",
     "hind": "1 39 /tk"
    },
    {
     "product": "Kullakesed sirge ja krõbe friikartul, 600 g",
     "url": "https://www.prismamarket.ee/entry/17835/kullakesed-sirge-ja-krobe-friikartul--600-g/4740188019154",
     "hind": "1 59 /tk"
    },
    {
     "product": "Maahärra FIT köögiviljasegu 400 g",
     "url": "https://www.prismamarket.ee/entry/17835/maaharra-fit-koogiviljasegu-400-g/4740093026445",
     "hind": "0 95 /tk"
    },
    {
     "product": "Ahjuvalmis koorekartulid bataadiga 750 g",
     "url": "https://www.prismamarket.ee/entry/17835/ahjuvalmis-koorekartulid-bataadiga-750-g/6430104965938",
     "hind": "2 99 /tk"
    },
    {
     "product": "Idamaine wokisegu, 500 g",
     "url": "https://www.prismamarket.ee/entry/17835/idamaine-wokisegu--500-g/7340011442912",
     "hind": "1 19 /tk"
    },
    {
     "product": "Kooresed küüslaugukartulid, 750 g",
     "url": "https://www.prismamarket.ee/entry/17835/kooresed-kuuslaugukartulid--750-g/6414893104174",
     "hind": "2 39 /tk"
    },
    {
     "product": "Paprikaviilud, 300 g",
     "url": "https://www.prismamarket.ee/entry/17835/paprikaviilud--300-g/6414893154636",
     "hind": "0 89 /tk"
    },
    {
     "product": "Friikartulid mikrolaineahjus küpsetamiseks, 180 g",
     "url": "https://www.prismamarket.ee/entry/17835/friikartulid-mikrolaineahjus-kupsetamiseks--180-g/7310500097343",
     "hind": "1 89 /tk"
    },
    {
     "product": "Eelküpsetatud peened friikartulid, 750g",
     "url": "https://www.prismamarket.ee/entry/17835/eelkupsetatud-peened-friikartulid--750g/8710438033571",
     "hind": "2 29 /tk"
    },
    {
     "product": "Krõbedad friikartulid, 1 kg",
     "url": "https://www.prismamarket.ee/entry/17835/krobedad-friikartulid--1-kg/6410380097677",
     "hind": "2 79 /tk"
    },
    {
     "product": "Ahjuvalmis juustu-koorekartulid, 750 g",
     "url": "https://www.prismamarket.ee/entry/17835/ahjuvalmis-juustu-koorekartulid--750-g/6430104965624",
     "hind": "2 99 /tk"
    },
    {
     "product": "Kartuli-sibulasegu, 500 g",
     "url": "https://www.prismamarket.ee/entry/17835/kartuli-sibulasegu--500-g/6430104924201",
     "hind": "0 89 /tk"
    },
    {
     "product": "Kartuli-sibulasegu, 1 kg",
     "url": "https://www.prismamarket.ee/entry/17835/kartuli-sibulasegu--1-kg/6430104924409",
     "hind": "1 79 /tk"
    },
    {
     "product": "Punasekoorelised kartulisektorid, 600 g",
     "url": "https://www.prismamarket.ee/entry/17835/punasekoorelised-kartulisektorid--600-g/6414893149182",
     "hind": "1 49 /tk"
    },
    {
     "product": "Rosmariini ja oliivõliga maitsestatud koorega kartulisektorri...",
     "url": "https://www.prismamarket.ee/entry/17835/rosmariini-ja-oliivoliga-maitsestatud-koorega-kartulisektorrid--450-g/6414893149199",
     "hind": "1 29 /tk"
    },
    {
     "product": "Brokoli, lillkapsas, porgand, 1 kg",
     "url": "https://www.prismamarket.ee/entry/17835/brokoli--lillkapsas--porgand--1-kg/7340011320661",
     "hind": "1 99 /tk"
    },
    {
     "product": "Köögiviljasegu, 300 g",
     "url": "https://www.prismamarket.ee/entry/17835/koogiviljasegu--300-g/6430104921804",
     "hind": "1 79 /tk"
    },
    {
     "product": "Päikeselised aedviljad, 300 g",
     "url": "https://www.prismamarket.ee/entry/17835/paikeselised-aedviljad--300-g/6430104921866",
     "hind": "1 29 /tk"
    },
    {
     "product": "Aedniku segu, 300 g",
     "url": "https://www.prismamarket.ee/entry/17835/aedniku-segu--300-g/6430104921880",
     "hind": "1 89 /tk"
    },
    {
     "product": "Ameerikapärane köögiviljasegu, 300 g",
     "url": "https://www.prismamarket.ee/entry/17835/ameerikaparane-koogiviljasegu--300-g/6430104921903",
     "hind": "1 69 /tk"
    },
    {
     "product": "Kartuli ja supiköögivilja segu, 750 g",
     "url": "https://www.prismamarket.ee/entry/17835/kartuli-ja-supikoogivilja-segu--750-g/6430104923853",
     "hind": "2 19 /tk"
    },
    {
     "product": "Wok Thai köögiviljad, 500 g",
     "url": "https://www.prismamarket.ee/entry/17835/wok-thai-koogiviljad--500-g/7310500003443",
     "hind": "2 79 /tk"
    },
    {
     "product": "Köögiviljaribad, 250 g",
     "url": "https://www.prismamarket.ee/entry/17835/koogiviljaribad--250-g/6430104920609",
     "hind": "0 89 /tk"
    },
    {
     "product": "Saagikoristusköögiviljad, 300 g",
     "url": "https://www.prismamarket.ee/entry/17835/saagikoristuskoogiviljad--300-g/6430104921378",
     "hind": "1 79 /tk"
    },
    {
     "product": "Kartulipallid, 1 kg",
     "url": "https://www.prismamarket.ee/entry/17835/kartulipallid--1-kg/7310500054520",
     "hind": "3 99 /tk"
    },
    {
     "product": "Herned, 200 g",
     "url": "https://www.prismamarket.ee/entry/17835/herned--200-g/6430104920401",
     "hind": "0 79 /tk"
    },
    {
     "product": "Tükeldatud rohelised oad, 200 g",
     "url": "https://www.prismamarket.ee/entry/17835/tukeldatud-rohelised-oad--200-g/6430104920807",
     "hind": "0 89 /tk"
    },
    {
     "product": "Miniporgandid, 200 g",
     "url": "https://www.prismamarket.ee/entry/17835/miniporgandid--200-g/6430104920906",
     "hind": "0 89 /tk"
    },
    {
     "product": "Brokoli, 200 g",
     "url": "https://www.prismamarket.ee/entry/17835/brokoli--200-g/6430104921200",
     "hind": "1 59 /tk"
    },
    {
     "product": "Mais, 200 g",
     "url": "https://www.prismamarket.ee/entry/17835/mais--200-g/6430104921309",
     "hind": "0 99 /tk"
    },
    {
     "product": "Peenestatud spinat, 150 g",
     "url": "https://www.prismamarket.ee/entry/17835/peenestatud-spinat--150-g/6430104921583",
     "hind": "0 99 /tk"
    },
    {
     "product": "Aedviljasegu, 250 g",
     "url": "https://www.prismamarket.ee/entry/17835/aedviljasegu--250-g/6430104920104",
     "hind": "0 59 /tk"
    },
    {
     "product": "Juurviljaribad, 180 g",
     "url": "https://www.prismamarket.ee/entry/17835/juurviljaribad--180-g/6430104920555",
     "hind": "0 79 /tk"
    },
    {
     "product": "Wok Classic köögiviljad, 500 g",
     "url": "https://www.prismamarket.ee/entry/17835/wok-classic-koogiviljad--500-g/7310500004525",
     "hind": "2 79 /tk"
    },
    {
     "product": "Wok Spicy Zanju köögiviljad, 450g",
     "url": "https://www.prismamarket.ee/entry/17835/wok-spicy-zanju-koogiviljad--450g/7310500106366",
     "hind": "2 79 /tk"
    },
    {
     "product": "Wok Shanghai köögiviljad, 450g",
     "url": "https://www.prismamarket.ee/entry/17835/wok-shanghai-koogiviljad--450g/7310500116730",
     "hind": "2 79 /tk"
    },
    {
     "product": "Köögiviljasegu Tervist! 400 g",
     "url": "https://www.prismamarket.ee/entry/17835/koogiviljasegu-tervist--400-g/4740188019468",
     "hind": "1 39 /tk"
    },
    {
     "product": "Rikkalik köögiviljasegu läätsedega 400 g",
     "url": "https://www.prismamarket.ee/entry/17835/rikkalik-koogiviljasegu-laatsedega-400-g/4740188019451",
     "hind": "1 79 /tk"
    },
    {
     "product": "Hakitud spinati portsjonid 300 g",
     "url": "https://www.prismamarket.ee/entry/17835/hakitud-spinati-portsjonid-300-g/4740188018829",
     "hind": "0 85 /tk"
    },
    {
     "product": "Ukraina borši köögiviljad, 450 g",
     "url": "https://www.prismamarket.ee/entry/17835/ukraina-borsi-koogiviljad--450-g/5900477015802",
     "hind": "0 89 /tk"
    },
    {
     "product": "Hortex köögiviljad praadimiseks 400g",
     "url": "https://www.prismamarket.ee/entry/17835/hortex-koogiviljad-praadimiseks--400g/5900477000488",
     "hind": "0 99 /tk"
    },
    {
     "product": "Kuldne ja krõbe klassikaline friikartul 1 kg",
     "url": "https://www.prismamarket.ee/entry/17835/kuldne-ja-krobe-klassikaline-friikartul-1-kg/4740093026728",
     "hind": "2 19 /tk"
    },
    {
     "product": "Kartulilõigud, 750 g",
     "url": "https://www.prismamarket.ee/entry/17835/kartuliloigud--750-g/6414893141896",
     "hind": "1 29 /tk"
    },
    {
     "product": "Küüslaugukartulid, 750 g",
     "url": "https://www.prismamarket.ee/entry/17835/kuuslaugukartulid--750-g/6414893197893",
     "hind": "1 99 /tk"
    },
    {
     "product": "Suured juurviljatükid suppidele, 450 g",
     "url": "https://www.prismamarket.ee/entry/17835/suured-juurviljatukid-suppidele--450-g/6414890330156",
     "hind": "0 69 /tk"
    },
    {
     "product": "Köögiviljad mehhikopärased, 600 g",
     "url": "https://www.prismamarket.ee/entry/17835/koogiviljad-mehhikoparased--600-g/6414893112360",
     "hind": "1 99 /tk"
    },
    {
     "product": "Kooresed kartulid, 750 g",
     "url": "https://www.prismamarket.ee/entry/17835/kooresed-kartulid--750-g/6414893149595",
     "hind": "2 39 /tk"
    }
   ]
  },
  {
   "info": [
    {
     "product": "Minipelmeenid, 350 g",
     "url": "https://www.prismamarket.ee/entry/17836/minipelmeenid--350-g/4740093039506",
     "hind": "1 09 /tk"
    },
    {
     "product": "Hiina pelmeenid, 400 g",
     "url": "https://www.prismamarket.ee/entry/17836/hiina-pelmeenid--400-g/4740223000024",
     "hind": "2 15 /tk"
    },
    {
     "product": "Pelmeenid Bravissimo Italiano, 400 g",
     "url": "https://www.prismamarket.ee/entry/17836/pelmeenid-bravissimo-italiano--400-g/4740223000475",
     "hind": "2 09 /tk"
    },
    {
     "product": "Pelmeenid, 700 g",
     "url": "https://www.prismamarket.ee/entry/17836/pelmeenid--700-g/4740093098763",
     "hind": "2 29 /tk"
    },
    {
     "product": "Laste pelmeenid, 350 g",
     "url": "https://www.prismamarket.ee/entry/17836/laste-pelmeenid--350-g/4740093094826",
     "hind": "1 48 /tk"
    },
    {
     "product": "Hiina pelmeenid, 1 kg",
     "url": "https://www.prismamarket.ee/entry/17836/hiina-pelmeenid--1-kg/4740223001397",
     "hind": "5 39 /tk"
    },
    {
     "product": "Kanalihaga pelmeenid, 400 g",
     "url": "https://www.prismamarket.ee/entry/17836/kanalihaga-pelmeenid--400-g/4770190077828",
     "hind": "1 69 /tk"
    },
    {
     "product": "Täisterajahust pelmeenid suitsulihaga, 400 g",
     "url": "https://www.prismamarket.ee/entry/17836/taisterajahust-pelmeenid-suitsulihaga--400-g/4740003007571",
     "hind": "1 35 /tk"
    },
    {
     "product": "Pelmeenid, 450 g",
     "url": "https://www.prismamarket.ee/entry/17836/pelmeenid--450-g/4750174056100",
     "hind": "1 29 /tk"
    },
    {
     "product": "Veiselihaga pelmeenid, 400 g",
     "url": "https://www.prismamarket.ee/entry/17836/veiselihaga-pelmeenid--400-g/4770190077835",
     "hind": "2 49 /tk"
    },
    {
     "product": "Vareenikud kartuli-seenega, 500g",
     "url": "https://www.prismamarket.ee/entry/17836/vareenikud-kartuli-seenega--500g/4740223001786",
     "hind": "2 39 /tk"
    },
    {
     "product": "Kartulipanniroog, 500 g",
     "url": "https://www.prismamarket.ee/entry/17836/kartulipanniroog--500-g/6414891510533",
     "hind": "1 99 /tk"
    },
    {
     "product": "Vareenikud kohupiimaga, 500g",
     "url": "https://www.prismamarket.ee/entry/17836/vareenikud-kohupiimaga--500g/4740223001571",
     "hind": "2 39 /tk"
    },
    {
     "product": "Kartulipanniroog lihapallidega, 500 g",
     "url": "https://www.prismamarket.ee/entry/17836/kartulipanniroog-lihapallidega--500-g/6414893132689",
     "hind": "1 99 /tk"
    },
    {
     "product": "Salaamipitsa, 345 g",
     "url": "https://www.prismamarket.ee/entry/17836/salaamipitsa--345-g/6414893123458",
     "hind": "2 39 /tk"
    },
    {
     "product": "Juustupallid, 300 g",
     "url": "https://www.prismamarket.ee/entry/17836/juustupallid--300-g/4740667249515",
     "hind": "4 99 /tk"
    },
    {
     "product": "Moilas Vegepizza eelküpsetatud pitsa, mille katteks on paprik...",
     "url": "https://www.prismamarket.ee/entry/17836/moilas-vegepizza-eelkupsetatud-pitsa--mille-katteks-on-paprika--pesto-japaikesekuivatatud-tomat--280-g/6431903740344",
     "hind": "3 99 /tk"
    },
    {
     "product": "Pizza mozzarella ja cheddari juustuga, 531 g uudis!",
     "url": "https://www.prismamarket.ee/entry/17836/pizza-mozzarella-ja-cheddari-juustuga--531-g-uudis-/4740296011743",
     "hind": "4 49 /tk"
    },
    {
     "product": "Pizza salaamiga ,551 g uudis!",
     "url": "https://www.prismamarket.ee/entry/17836/pizza-salaamiga--551-g-uudis-/4740296011750",
     "hind": "3 69 /tk"
    },
    {
     "product": "Hinkaalid, 420 g",
     "url": "https://www.prismamarket.ee/entry/17836/hinkaalid--420-g/4740296011774",
     "hind": "1 79 /tk"
    },
    {
     "product": "Grand Vego Mexicana kiviahjupitsa 350g",
     "url": "https://www.prismamarket.ee/entry/17836/grand-vego-mexicana-kiviahjupitsa--350g/7310240004007",
     "hind": "2 99 /tk"
    },
    {
     "product": "Mozzarella pitsa, gluteenivaba, 370 g",
     "url": "https://www.prismamarket.ee/entry/17836/mozzarella-pitsa--gluteenivaba--370-g/4001724022398",
     "hind": "3 79 /tk"
    },
    {
     "product": "Porgand",
     "url": "https://www.prismamarket.ee/entry/17836/porgand/6430104967727",
     "hind": "2 69 /tk"
    },
    {
     "product": "Vegaani chorizo, 280 g",
     "url": "https://www.prismamarket.ee/entry/17836/vegaani-chorizo--280-g/7340024184342",
     "hind": "3 99 /tk"
    },
    {
     "product": "Incredible Mince veganihakkliha 400 g",
     "url": "https://www.prismamarket.ee/entry/17836/incredible-mince-veganihakkliha-400-g/7613037582109",
     "hind": "3 99 /tk"
    },
    {
     "product": "Gluteenivabad pitsapõhjad 260 g",
     "url": "https://www.prismamarket.ee/entry/17836/gluteenivabad-pitsapohjad-260-g/6431903749408",
     "hind": "3 99 /tk"
    },
    {
     "product": "Perepitsa hakklihaga 525 g",
     "url": "https://www.prismamarket.ee/entry/17836/perepitsa-hakklihaga-525-g/7039010570572",
     "hind": "4 99 /tk"
    },
    {
     "product": "Perepitsa Hawaii 530 g",
     "url": "https://www.prismamarket.ee/entry/17836/perepitsa-hawaii-530-g/7039010570589",
     "hind": "4 99 /tk"
    },
    {
     "product": "Ristorante Piccolissima Prosciutto külmutatud pitsad 216 g",
     "url": "https://www.prismamarket.ee/entry/17836/ristorante-piccolissima-prosciutto-kulmutatud-pitsad-216-g/4001724017547",
     "hind": "2 79 /tk"
    },
    {
     "product": "Ahjuvalmis kala tomati-mozzarella-kastmega 380 g",
     "url": "https://www.prismamarket.ee/entry/17836/ahjuvalmis-kala-tomati-mozzarella-kastmega-380-g/7310500182995",
     "hind": "3 59 /tk"
    },
    {
     "product": "Ahjuvalmis kala spargelkapsa-juustukastmega 380 g",
     "url": "https://www.prismamarket.ee/entry/17836/ahjuvalmis-kala-spargelkapsa-juustukastmega-380-g/7310500183022",
     "hind": "3 59 /tk"
    },
    {
     "product": "Külmutatud mini-pelmeenid 700 g",
     "url": "https://www.prismamarket.ee/entry/17836/kulmutatud-mini-pelmeenid-700-g/4740296011040",
     "hind": "2 19 /tk"
    },
    {
     "product": "Pelmeenid praesibulaga, 400g",
     "url": "https://www.prismamarket.ee/entry/17836/pelmeenid-praesibulaga--400g/4750174001056",
     "hind": "1 49 /tk"
    },
    {
     "product": "Naturli išnitsel sojavalgust, vegan, 300g",
     "url": "https://www.prismamarket.ee/entry/17836/naturli-isnitsel-sojavalgust--vegan--300g/5701977000585",
     "hind": "3 99 /tk"
    },
    {
     "product": "Gyoza lõhe ja juustuga pelmeenid, 400 g",
     "url": "https://www.prismamarket.ee/entry/17836/gyoza-lohe-ja-juustuga-pelmeenid--400-g/4770190092937",
     "hind": "2 29 /tk"
    },
    {
     "product": "Pelmeenid, 900g",
     "url": "https://www.prismamarket.ee/entry/17836/pelmeenid--900g/4740003011134",
     "hind": "2 29 /tk"
    },
    {
     "product": "Paneeritud juust, 200 g",
     "url": "https://www.prismamarket.ee/entry/17836/paneeritud-juust--200-g/4740093963252",
     "hind": "2 29 /tk"
    },
    {
     "product": "Jalapenod Cheddari juustuga ja dipikaste, 250 g",
     "url": "https://www.prismamarket.ee/entry/17836/jalapenod-cheddari-juustuga-ja-dipikaste--250-g/4029401016409",
     "hind": "3 39 /tk"
    },
    {
     "product": "Pelmeenid, 1 kg",
     "url": "https://www.prismamarket.ee/entry/17836/pelmeenid--1-kg/4740223014830",
     "hind": "2 15 /tk"
    },
    {
     "product": "Mozzarellapitsa, 350 g",
     "url": "https://www.prismamarket.ee/entry/17836/mozzarellapitsa--350-g/6414893104785",
     "hind": "2 39 /tk"
    },
    {
     "product": "Kebabilaastud, 400 g",
     "url": "https://www.prismamarket.ee/entry/17836/kebabilaastud--400-g/6414893112346",
     "hind": "3 29 /tk"
    },
    {
     "product": "Lõhesupp, 400 g",
     "url": "https://www.prismamarket.ee/entry/17836/lohesupp--400-g/6430104960827",
     "hind": "2 59 /tk"
    },
    {
     "product": "Köögiviljapüreesupp, 400 g",
     "url": "https://www.prismamarket.ee/entry/17836/koogiviljapureesupp--400-g/6430104960889",
     "hind": "1 75 /tk"
    },
    {
     "product": "Panniroog vorstiga, 500 g",
     "url": "https://www.prismamarket.ee/entry/17836/panniroog-vorstiga--500-g/7310500075877",
     "hind": "2 59 /tk"
    },
    {
     "product": "Lihapallid, 400 g",
     "url": "https://www.prismamarket.ee/entry/17836/lihapallid--400-g/7310500040141",
     "hind": "3 19 /tk"
    },
    {
     "product": "Panang-karribroiler jasmiiniriisiga, 350 g",
     "url": "https://www.prismamarket.ee/entry/17836/panang-karribroiler-jasmiiniriisiga--350-g/8858984830326",
     "hind": "3 79 /tk"
    },
    {
     "product": "Punane karrikana jasmiiniriisiga, 350 g",
     "url": "https://www.prismamarket.ee/entry/17836/punane-karrikana-jasmiiniriisiga--350-g/7340011464853",
     "hind": "2 99 /tk"
    },
    {
     "product": "Panang karrikana jasmiiniriisiga, 350 g",
     "url": "https://www.prismamarket.ee/entry/17836/panang-karrikana-jasmiiniriisiga--350-g/7340011464860",
     "hind": "2 99 /tk"
    },
    {
     "product": "Porgandipihv, 240 g",
     "url": "https://www.prismamarket.ee/entry/17836/porgandipihv--240-g/6430104965150",
     "hind": "2 29 /tk"
    },
    {
     "product": "Köögiviljapihv, 240 g",
     "url": "https://www.prismamarket.ee/entry/17836/koogiviljapihv--240-g/6430104965204",
     "hind": "2 29 /tk"
    },
    {
     "product": "Singipitsa, 2 x 280 g",
     "url": "https://www.prismamarket.ee/entry/17836/singipitsa--2-x-280-g/7340011426424",
     "hind": "2 39 /tk"
    },
    {
     "product": "Salaamipitsa, 2 x 280 g",
     "url": "https://www.prismamarket.ee/entry/17836/salaamipitsa--2-x-280-g/7340011426417",
     "hind": "2 39 /tk"
    },
    {
     "product": "Panniroog Vegetarian Couscous, 700 g",
     "url": "https://www.prismamarket.ee/entry/17836/panniroog-vegetarian-couscous--700-g/7310500107981",
     "hind": "4 79 /tk"
    },
    {
     "product": "Sojanagitsad, 300 g",
     "url": "https://www.prismamarket.ee/entry/17836/sojanagitsad--300-g/7340024184595",
     "hind": "4 19 /tk"
    },
    {
     "product": "Köögiviljapallid, 300 g",
     "url": "https://www.prismamarket.ee/entry/17836/koogiviljapallid--300-g/7340024185066",
     "hind": "4 29 /tk"
    },
    {
     "product": "Kanapada karriga, 600 g",
     "url": "https://www.prismamarket.ee/entry/17836/kanapada-karriga--600-g/7310500119106",
     "hind": "3 19 /tk"
    },
    {
     "product": "Röstitud broilerifilee, 390 g",
     "url": "https://www.prismamarket.ee/entry/17836/rostitud-broilerifilee--390-g/7310500121307",
     "hind": "3 79 /tk"
    },
    {
     "product": "Pepperoni kiviahjupitsa, 340 g",
     "url": "https://www.prismamarket.ee/entry/17836/pepperoni-kiviahjupitsa--340-g/7310240071757",
     "hind": "2 99 /tk"
    },
    {
     "product": "BBQ Chicken kiviahjupitsa, 310 g",
     "url": "https://www.prismamarket.ee/entry/17836/bbq-chicken-kiviahjupitsa--310-g/7310240171792",
     "hind": "2 19 /tk"
    },
    {
     "product": "Topelt salaamiga kiviahjupitsa, 330 g",
     "url": "https://www.prismamarket.ee/entry/17836/topelt-salaamiga-kiviahjupitsa--330-g/7310240171846",
     "hind": "2 99 /tk"
    },
    {
     "product": "Meat Lovers Superiore kiviahjupitsa, 350 g",
     "url": "https://www.prismamarket.ee/entry/17836/meat-lovers-superiore-kiviahjupitsa--350-g/7310240171853",
     "hind": "2 89 /tk"
    },
    {
     "product": "Mozzarella kiviahjupitsa, 350 g",
     "url": "https://www.prismamarket.ee/entry/17836/mozzarella-kiviahjupitsa--350-g/7310240172430",
     "hind": "2 29 /tk"
    },
    {
     "product": "Pannipitsa Pepperoni, 170 g",
     "url": "https://www.prismamarket.ee/entry/17836/pannipitsa-pepperoni--170-g/7310960718116",
     "hind": "1 65 /tk"
    },
    {
     "product": "Pitsapõhjad, 3 x 170 g",
     "url": "https://www.prismamarket.ee/entry/17836/pitsapohjad--3-x-170-g/6430104957117",
     "hind": "2 89 /tk"
    },
    {
     "product": "Spinatisupp, 400 g",
     "url": "https://www.prismamarket.ee/entry/17836/spinatisupp--400-g/6430104960377",
     "hind": "2 29 /tk"
    },
    {
     "product": "Kukeseenesupp, 400 g",
     "url": "https://www.prismamarket.ee/entry/17836/kukeseenesupp--400-g/6430104960629",
     "hind": "2 49 /tk"
    },
    {
     "product": "Spinatisupp, 400 g",
     "url": "https://www.prismamarket.ee/entry/17836/spinatisupp--400-g/6430104960780",
     "hind": "1 99 /tk"
    },
    {
     "product": "Panniroog Vegetarian Sweet Chili, 700 g",
     "url": "https://www.prismamarket.ee/entry/17836/panniroog-vegetarian-sweet-chili--700-g/7310500107950",
     "hind": "4 79 /tk"
    },
    {
     "product": "Ahjuvalmis lillkapsa-brokkoligratään, 750 g",
     "url": "https://www.prismamarket.ee/entry/17836/ahjuvalmis-lillkapsa-brokkoligrataan--750-g/6430104966133",
     "hind": "3 99 /tk"
    },
    {
     "product": "Kebabiviilud, 250 g",
     "url": "https://www.prismamarket.ee/entry/17836/kebabiviilud--250-g/6416345001642",
     "hind": "2 99 /tk"
    },
    {
     "product": "Köögivilja-kana kevadrullid, 400 g",
     "url": "https://www.prismamarket.ee/entry/17836/koogivilja-kana-kevadrullid--400-g/6430030350051",
     "hind": "2 79 /tk"
    },
    {
     "product": "Magus tšilli-teriyaki kana, 320 g",
     "url": "https://www.prismamarket.ee/entry/17836/magus-tsilli-teriyaki-kana--320-g/7340011464877",
     "hind": "2 99 /tk"
    },
    {
     "product": "Mozzarella-pulgad ja dipikaste, 250 g",
     "url": "https://www.prismamarket.ee/entry/17836/mozzarella-pulgad-ja-dipikaste--250-g/4029401016102",
     "hind": "3 39 /tk"
    },
    {
     "product": "Teriyaki-broiler ja jasmiiniriis magusas tšillikastmes, 350 g",
     "url": "https://www.prismamarket.ee/entry/17836/teriyaki-broiler-ja-jasmiiniriis-magusas-tsillikastmes--350-g/8855702007749",
     "hind": "3 79 /tk"
    },
    {
     "product": "Köögiviljapihvid Crispy Chick, 240 g",
     "url": "https://www.prismamarket.ee/entry/17836/koogiviljapihvid-crispy-chick--240-g/6430104966812",
     "hind": "3 09 /tk"
    },
    {
     "product": "Köögiviljapallid, 240 g",
     "url": "https://www.prismamarket.ee/entry/17836/koogiviljapallid--240-g/6430104966829",
     "hind": "3 09 /tk"
    },
    {
     "product": "Sojavalgupalad, 280 g",
     "url": "https://www.prismamarket.ee/entry/17836/sojavalgupalad--280-g/7316641015000",
     "hind": "5 49 /tk"
    },
    {
     "product": "EHE pelmeenid, 350 g",
     "url": "https://www.prismamarket.ee/entry/17836/ehe-pelmeenid--350-g/4740296011064",
     "hind": "1 69 /tk"
    },
    {
     "product": "Köögiviljapitsa hakklihaasendajaga, 280 g",
     "url": "https://www.prismamarket.ee/entry/17836/koogiviljapitsa-hakklihaasendajaga--280-g/6430104958428",
     "hind": "2 59 /tk"
    },
    {
     "product": "Singipitsa Hawaii, 355 g",
     "url": "https://www.prismamarket.ee/entry/17836/singipitsa-hawaii--355-g/4001724027409",
     "hind": "2 99 /tk"
    },
    {
     "product": "Singipitsa, 330 g",
     "url": "https://www.prismamarket.ee/entry/17836/singipitsa--330-g/4001724027379",
     "hind": "2 99 /tk"
    },
    {
     "product": "4-juustu pitsa, 340 g",
     "url": "https://www.prismamarket.ee/entry/17836/4-juustu-pitsa--340-g/4001724027348",
     "hind": "2 99 /tk"
    },
    {
     "product": "külmutatud pitsa Speciale, 330g",
     "url": "https://www.prismamarket.ee/entry/17836/kulmutatud-pitsa-speciale--330g/4001724027522",
     "hind": "2 99 /tk"
    },
    {
     "product": "külmutatud mozzarellapitsa, 335g",
     "url": "https://www.prismamarket.ee/entry/17836/kulmutatud-mozzarellapitsa--335g/4001724027461",
     "hind": "2 99 /tk"
    },
    {
     "product": "Gluteenivaba salaamipitsa, 315 g",
     "url": "https://www.prismamarket.ee/entry/17836/gluteenivaba-salaamipitsa--315-g/4001724027980",
     "hind": "3 79 /tk"
    },
    {
     "product": "Kanafileepelmeenid, 400 g",
     "url": "https://www.prismamarket.ee/entry/17836/kanafileepelmeenid--400-g/4740003013619",
     "hind": "1 59 /tk"
    },
    {
     "product": "Hinkaalid, 400 g",
     "url": "https://www.prismamarket.ee/entry/17836/hinkaalid--400-g/4770190108249",
     "hind": "2 19 /tk"
    },
    {
     "product": "Peedipallid, 320 g",
     "url": "https://www.prismamarket.ee/entry/17836/peedipallid--320-g/6430104965747",
     "hind": "2 89 /tk"
    },
    {
     "product": "Vici pelmeenid vürtsitatud köögiviljadega, 400 g",
     "url": "https://www.prismamarket.ee/entry/17836/vici-pelmeenid-vurtsitatud-koogiviljadega--400-g/4770190078719",
     "hind": "1 99 /tk"
    },
    {
     "product": "Uvic pelmeenid sea- ja veiselihaga, 500 g",
     "url": "https://www.prismamarket.ee/entry/17836/uvic-pelmeenid-sea--ja-veiselihaga--500-g/4740223017619",
     "hind": "3 19 /tk"
    },
    {
     "product": "Pelmeenid lambalihaga, 500 g",
     "url": "https://www.prismamarket.ee/entry/17836/pelmeenid-lambalihaga--500-g/4740223020459",
     "hind": "3 39 /tk"
    },
    {
     "product": "Uvic pelmeenid veiselihaga, 500 g",
     "url": "https://www.prismamarket.ee/entry/17836/uvic-pelmeenid-veiselihaga--500-g/4740223020473",
     "hind": "3 19 /tk"
    },
    {
     "product": "Odrajahust pelmeenid kanakintsulihaga, 400g",
     "url": "https://www.prismamarket.ee/entry/17836/odrajahust-pelmeenid-kanakintsulihaga--400g/4740223022941",
     "hind": "2 49 /tk"
    },
    {
     "product": "Külmutatud peedikotletid, vegan 315 g",
     "url": "https://www.prismamarket.ee/entry/17836/kulmutatud-peedikotletid--vegan-315-g/4740223022491",
     "hind": "2 49 /tk"
    },
    {
     "product": "Külmutatud porgandi-kapsa šnitsel, vegan 315 g",
     "url": "https://www.prismamarket.ee/entry/17836/kulmutatud-porgandi-kapsa-snitsel--vegan-315-g/4740223022507",
     "hind": "2 49 /tk"
    },
    {
     "product": "Mini kevadrullid kastmega, 200 g",
     "url": "https://www.prismamarket.ee/entry/17836/mini-kevadrullid-kastmega--200-g/6430030350013",
     "hind": "2 99 /tk"
    }
   ]
  },
  {
   "info": [
    {
     "product": "Baguette küüslauguvõidega, 175 g",
     "url": "https://www.prismamarket.ee/entry/17837/baguette-kuuslauguvoidega--175-g/4740086005556",
     "hind": "0 69 /tk"
    },
    {
     "product": "Pärmi-lehttaigen, 1 kg",
     "url": "https://www.prismamarket.ee/entry/17837/parmi-lehttaigen--1-kg/4742296000024",
     "hind": "2 29 /tk"
    },
    {
     "product": "Vaniljesaiake, 400 g",
     "url": "https://www.prismamarket.ee/entry/17837/vaniljesaiake--400-g/4740086009684",
     "hind": "1 49 /tk"
    },
    {
     "product": "Lihapirukas, 400 g",
     "url": "https://www.prismamarket.ee/entry/17837/lihapirukas--400-g/4740086006751",
     "hind": "2 19 /tk"
    },
    {
     "product": "Suitsukanapirukas murulauguga, 360 g",
     "url": "https://www.prismamarket.ee/entry/17837/suitsukanapirukas-murulauguga--360-g/4740086009707",
     "hind": "2 69 /tk"
    },
    {
     "product": "Pärmi-lehttaigen, 500 g",
     "url": "https://www.prismamarket.ee/entry/17837/parmi-lehttaigen--500-g/4740086006676",
     "hind": "1 39 /tk"
    },
    {
     "product": "Õuna-iirise saiake, 360 g",
     "url": "https://www.prismamarket.ee/entry/17837/ouna-iirise-saiake--360-g/4740086008243",
     "hind": "2 49 /tk"
    },
    {
     "product": "Võiga pärmi-lehttaigen, 400 g",
     "url": "https://www.prismamarket.ee/entry/17837/voiga-parmi-lehttaigen--400-g/4740086005976",
     "hind": "2 29 /tk"
    },
    {
     "product": "Peekoni-munapirukas, 390 g",
     "url": "https://www.prismamarket.ee/entry/17837/peekoni-munapirukas--390-g/4740086008250",
     "hind": "2 69 /tk"
    },
    {
     "product": "Kohupiimasaiake, 400 g",
     "url": "https://www.prismamarket.ee/entry/17837/kohupiimasaiake--400-g/4740086006768",
     "hind": "2 49 /tk"
    },
    {
     "product": "Kodune pärmi-lehttaigen, 500 g",
     "url": "https://www.prismamarket.ee/entry/17837/kodune-parmi-lehttaigen--500-g/4742296000017",
     "hind": "1 39 /tk"
    },
    {
     "product": "Pärmi-lehttaigen, 4 x 100 g",
     "url": "https://www.prismamarket.ee/entry/17837/parmi-lehttaigen--4-x-100-g/4740086008977",
     "hind": "1 29 /tk"
    },
    {
     "product": "Viineripirukas sinepi-kurgitäidisega, 390 g",
     "url": "https://www.prismamarket.ee/entry/17837/viineripirukas-sinepi-kurgitaidisega--390-g/4740086008700",
     "hind": "2 89 /tk"
    },
    {
     "product": "Kaneelirullid, 390 g",
     "url": "https://www.prismamarket.ee/entry/17837/kaneelirullid--390-g/6414893149540",
     "hind": "1 79 /tk"
    },
    {
     "product": "Kiudaineterikas leib, 500 g",
     "url": "https://www.prismamarket.ee/entry/17837/kiudaineterikas-leib--500-g/7330242200047",
     "hind": "3 99 /tk"
    },
    {
     "product": "Mandlikook Daim, 400 g",
     "url": "https://www.prismamarket.ee/entry/17837/mandlikook-daim--400-g/7312930000382",
     "hind": "5 99 /tk"
    },
    {
     "product": "Kokteil-riisipirukad, 675 g",
     "url": "https://www.prismamarket.ee/entry/17837/kokteil-riisipirukad--675-g/6414893157811",
     "hind": "1 99 /tk"
    },
    {
     "product": "Sidruni-vahukreemikook, 400 g",
     "url": "https://www.prismamarket.ee/entry/17837/sidruni-vahukreemikook--400-g/7312930003406",
     "hind": "5 99 /tk"
    },
    {
     "product": "Magus ümmargune pirukatainas, 380 g",
     "url": "https://www.prismamarket.ee/entry/17837/magus-ummargune-pirukatainas--380-g/6417700067754",
     "hind": "1 89 /tk"
    },
    {
     "product": "Soolane ümmargune pirukatainas, 380 g",
     "url": "https://www.prismamarket.ee/entry/17837/soolane-ummargune-pirukatainas--380-g/6417700067761",
     "hind": "1 89 /tk"
    },
    {
     "product": "Pepperoni minipitsad, 216 g",
     "url": "https://www.prismamarket.ee/entry/17837/pepperoni-minipitsad--216-g/4001724017516",
     "hind": "3 29 /tk"
    },
    {
     "product": "Muretainas, 400 g",
     "url": "https://www.prismamarket.ee/entry/17837/muretainas--400-g/6414893387324",
     "hind": "1 59 /tk"
    },
    {
     "product": "Vaarikasaiake, 320 g",
     "url": "https://www.prismamarket.ee/entry/17837/vaarikasaiake--320-g/4740086015975",
     "hind": "2 09 /tk"
    },
    {
     "product": "Kaneelisaiake, 800 g",
     "url": "https://www.prismamarket.ee/entry/17837/kaneelisaiake--800-g/4740086014756",
     "hind": "4 19 /tk"
    },
    {
     "product": "Mudakook, 400 g",
     "url": "https://www.prismamarket.ee/entry/17837/mudakook--400-g/6415712713904",
     "hind": "2 69 /tk"
    },
    {
     "product": "Riisipirukad, 360 g",
     "url": "https://www.prismamarket.ee/entry/17837/riisipirukad--360-g/6415712713478",
     "hind": "3 49 /tk"
    },
    {
     "product": "Pitsarull, 400 g",
     "url": "https://www.prismamarket.ee/entry/17837/pitsarull--400-g/4740086017412",
     "hind": "2 69 /tk"
    },
    {
     "product": "Mini-croissant võiga, 600 g",
     "url": "https://www.prismamarket.ee/entry/17837/mini-croissant-voiga--600-g/4740086013575",
     "hind": "4 49 /tk"
    },
    {
     "product": "Filotainas, 450 g",
     "url": "https://www.prismamarket.ee/entry/17837/filotainas--450-g/6417700063596",
     "hind": "3 39 /tk"
    },
    {
     "product": "Juustukook mustikatega My Sweet Deli 515 g",
     "url": "https://www.prismamarket.ee/entry/17837/juustukook-mustikatega-my-sweet-deli-515-g/4001724029816",
     "hind": "4 99 /tk"
    },
    {
     "product": "Vanillimaitseline juustukook küpsisepõhjal 450 g",
     "url": "https://www.prismamarket.ee/entry/17837/vanillimaitseline-juustukook-kupsisepohjal-450-g/5052004328333",
     "hind": "4 39 /tk"
    },
    {
     "product": "Sicilian Lemon Tart sidrunikook 458 g",
     "url": "https://www.prismamarket.ee/entry/17837/sicilian-lemon-tart-sidrunikook-458-g/5053947643521",
     "hind": "5 99 /tk"
    },
    {
     "product": "Croissant, 360 g",
     "url": "https://www.prismamarket.ee/entry/17837/croissant--360-g/4740086011823",
     "hind": "2 09 /tk"
    },
    {
     "product": "Tume leib, 600 g",
     "url": "https://www.prismamarket.ee/entry/17837/tume-leib--600-g/6431903311230",
     "hind": "5 59 /tk"
    },
    {
     "product": "Tortilla, 280 g",
     "url": "https://www.prismamarket.ee/entry/17837/tortilla--280-g/6431903720094",
     "hind": "4 99 /tk"
    },
    {
     "product": "Baguette ürdivõiga, 2 x 350 g",
     "url": "https://www.prismamarket.ee/entry/17837/baguette-urdivoiga--2-x-350-g/6414893158115",
     "hind": "1 49 /tk"
    },
    {
     "product": "Dallase saiad, 450 g",
     "url": "https://www.prismamarket.ee/entry/17837/dallase-saiad--450-g/6410345916005",
     "hind": "2 59 /tk"
    },
    {
     "product": "Kaneelirullid, 560 g",
     "url": "https://www.prismamarket.ee/entry/17837/kaneelirullid--560-g/6417700060960",
     "hind": "2 99 /tk"
    },
    {
     "product": "Kardemonisaiad, 420 g",
     "url": "https://www.prismamarket.ee/entry/17837/kardemonisaiad--420-g/7310500000336",
     "hind": "3 49 /tk"
    },
    {
     "product": "Kaneelisaiad, 700 g",
     "url": "https://www.prismamarket.ee/entry/17837/kaneelisaiad--700-g/7310500045863",
     "hind": "4 99 /tk"
    },
    {
     "product": "Õuna-kaneelisaiad, 700 g",
     "url": "https://www.prismamarket.ee/entry/17837/ouna-kaneelisaiad--700-g/7310500093604",
     "hind": "4 99 /tk"
    },
    {
     "product": "Vanillisaiakesed, 400 g",
     "url": "https://www.prismamarket.ee/entry/17837/vanillisaiakesed--400-g/7310500106847",
     "hind": "3 49 /tk"
    },
    {
     "product": "Kaera-porgandikuklid, 400 g",
     "url": "https://www.prismamarket.ee/entry/17837/kaera-porgandikuklid--400-g/6411200107446",
     "hind": "3 89 /tk"
    },
    {
     "product": "Minikoorikleivad, 330 g",
     "url": "https://www.prismamarket.ee/entry/17837/minikoorikleivad--330-g/6430024242065",
     "hind": "4 99 /tk"
    },
    {
     "product": "Lameleib, 210 g",
     "url": "https://www.prismamarket.ee/entry/17837/lameleib--210-g/6431903728014",
     "hind": "2 49 /tk"
    },
    {
     "product": "Lehttainas, 500 g",
     "url": "https://www.prismamarket.ee/entry/17837/lehttainas--500-g/6417700050299",
     "hind": "1 69 /tk"
    },
    {
     "product": "Baguette küüslauguvõiga, 2 x 350 g",
     "url": "https://www.prismamarket.ee/entry/17837/baguette-kuuslauguvoiga--2-x-350-g/6414893128842",
     "hind": "1 49 /tk"
    },
    {
     "product": "Sarvesaiad, 330 g",
     "url": "https://www.prismamarket.ee/entry/17837/sarvesaiad--330-g/6414893197282",
     "hind": "2 29 /tk"
    },
    {
     "product": "Kreemitäidisega miniekleerid, 200 g",
     "url": "https://www.prismamarket.ee/entry/17837/kreemitaidisega-miniekleerid--200-g/5411823122018",
     "hind": "2 19 /tk"
    },
    {
     "product": "Profitroolid kreemitäidisega, 250 g",
     "url": "https://www.prismamarket.ee/entry/17837/profitroolid-kreemitaidisega--250-g/5411823102515",
     "hind": "2 09 /tk"
    },
    {
     "product": "Juusturull, 400 g",
     "url": "https://www.prismamarket.ee/entry/17837/juusturull--400-g/4740086014978",
     "hind": "2 39 /tk"
    },
    {
     "product": "Pirukatainas, 400 g",
     "url": "https://www.prismamarket.ee/entry/17837/pirukatainas--400-g/6414893387348",
     "hind": "1 59 /tk"
    },
    {
     "product": "Spinati-fetapirukad, 450 g",
     "url": "https://www.prismamarket.ee/entry/17837/spinati-fetapirukad--450-g/6417700061011",
     "hind": "2 99 /tk"
    },
    {
     "product": "Tomati-mozzarella-pirukad, 450 g",
     "url": "https://www.prismamarket.ee/entry/17837/tomati-mozzarella-pirukad--450-g/6417700061035",
     "hind": "2 99 /tk"
    },
    {
     "product": "Mudakook, 400 g",
     "url": "https://www.prismamarket.ee/entry/17837/mudakook--400-g/6414893173682",
     "hind": "1 99 /tk"
    },
    {
     "product": "Viilutatud hele vormileib, 400 g",
     "url": "https://www.prismamarket.ee/entry/17837/viilutatud-hele-vormileib--400-g/7312170055517",
     "hind": "3 49 /tk"
    },
    {
     "product": "Sõõrikud, 200 g",
     "url": "https://www.prismamarket.ee/entry/17837/soorikud--200-g/6430024242041",
     "hind": "3 99 /tk"
    },
    {
     "product": "Riisipirukad, 425 g",
     "url": "https://www.prismamarket.ee/entry/17837/riisipirukad--425-g/6431903325527",
     "hind": "3 99 /tk"
    },
    {
     "product": "Suur lehttainas, 600 g",
     "url": "https://www.prismamarket.ee/entry/17837/suur-lehttainas--600-g/6417700060243",
     "hind": "1 99 /tk"
    },
    {
     "product": "Külmutatud minikorp 360 g",
     "url": "https://www.prismamarket.ee/entry/17837/kulmutatud-minikorp-360-g/4742216004262",
     "hind": "2 39 /tk"
    },
    {
     "product": "Lemon Cheesecake kuklid 8/360",
     "url": "https://www.prismamarket.ee/entry/17837/lemon-cheesecake-kuklid-8-360/6416577010566",
     "hind": "2 99 /tk"
    },
    {
     "product": "Pitsataigen, 600 g",
     "url": "https://www.prismamarket.ee/entry/17837/pitsataigen--600-g/4740086019164",
     "hind": "1 29 /tk"
    },
    {
     "product": "Kohupiimapallid mustikatäidisega 210 g",
     "url": "https://www.prismamarket.ee/entry/17837/kohupiimapallid-mustikataidisega-210-g/4740373409999",
     "hind": "2 39 /tk"
    },
    {
     "product": "Kohupiimapallid soolakaramellitäidisega 210 g",
     "url": "https://www.prismamarket.ee/entry/17837/kohupiimapallid-soolakaramellitaidisega-210-g/4740373409937",
     "hind": "2 39 /tk"
    },
    {
     "product": "Minipirukad muna ja spinatitäidisega 200 g",
     "url": "https://www.prismamarket.ee/entry/17837/minipirukad-muna-ja-spinatitaidisega-200-g/4740373409951",
     "hind": "2 49 /tk"
    },
    {
     "product": "Minipirukad suitsulihaga 200 g",
     "url": "https://www.prismamarket.ee/entry/17837/minipirukad-suitsulihaga-200-g/4740373409968",
     "hind": "2 49 /tk"
    },
    {
     "product": "Külmutatud minipitsa 300 g",
     "url": "https://www.prismamarket.ee/entry/17837/kulmutatud-minipitsa-300-g/4742216009731",
     "hind": "1 69 /tk"
    },
    {
     "product": "Kirsi-kohupiimasaiake võiga, 320 g",
     "url": "https://www.prismamarket.ee/entry/17837/kirsi-kohupiimasaiake--voiga--320-g/4740086018471",
     "hind": "2 59 /tk"
    },
    {
     "product": "Riisipirukad, 720 g",
     "url": "https://www.prismamarket.ee/entry/17837/riisipirukad--720-g/6414893128835",
     "hind": "2 09 /tk"
    },
    {
     "product": "Kokteil-riisipirukad, 1,35 kg",
     "url": "https://www.prismamarket.ee/entry/17837/kokteil-riisipirukad--1-35-kg/6414893113855",
     "hind": "2 89 /tk"
    },
    {
     "product": "Mandlikook Mousse Daim, 400 g",
     "url": "https://www.prismamarket.ee/entry/17837/mandlikook-mousse-daim--400-g/7312930002935",
     "hind": "5 99 /tk"
    },
    {
     "product": "Kaneelisaiad, 280 g",
     "url": "https://www.prismamarket.ee/entry/17837/kaneelisaiad--280-g/7330242200702",
     "hind": "4 79 /tk"
    },
    {
     "product": "Mini baguette'id, 280 g",
     "url": "https://www.prismamarket.ee/entry/17837/mini-baguette-id--280-g/7330242200887",
     "hind": "4 39 /tk"
    }
   ]
  },
  {
   "info": [
    {
     "product": "Vaarikad, 200 g",
     "url": "https://www.prismamarket.ee/entry/17838/vaarikad--200-g/6414893103009",
     "hind": "0 99 /tk"
    },
    {
     "product": "Mustikad, 200g",
     "url": "https://www.prismamarket.ee/entry/17838/mustikad--200g/6414893101005",
     "hind": "1 89 /tk"
    },
    {
     "product": "Maasikad, 400 g",
     "url": "https://www.prismamarket.ee/entry/17838/maasikad--400-g/4740188910963",
     "hind": "2 39 /tk"
    },
    {
     "product": "Kultuurmustikad, 400 g",
     "url": "https://www.prismamarket.ee/entry/17838/kultuurmustikad--400-g/4742331000309",
     "hind": "5 99 /tk"
    },
    {
     "product": "Astelpajumarjad, 400 g",
     "url": "https://www.prismamarket.ee/entry/17838/astelpajumarjad--400-g/4742331000262",
     "hind": "4 99 /tk"
    },
    {
     "product": "Ananassi-mango-papaia smuutisegu, 600 g",
     "url": "https://www.prismamarket.ee/entry/17838/ananassi-mango-papaia-smuutisegu--600-g/6414893109001",
     "hind": "3 29 /tk"
    },
    {
     "product": "Maasika-banaani-mustika smuutisegu, 600 g",
     "url": "https://www.prismamarket.ee/entry/17838/maasika-banaani-mustika-smuutisegu--600-g/6414893107007",
     "hind": "3 29 /tk"
    },
    {
     "product": "Mangokuubikud, 300 g",
     "url": "https://www.prismamarket.ee/entry/17838/mangokuubikud--300-g/6414893114319",
     "hind": "1 89 /tk"
    },
    {
     "product": "Jõhvikad, 400 g",
     "url": "https://www.prismamarket.ee/entry/17838/johvikad--400-g/4742331000484",
     "hind": "5 99 /tk"
    },
    {
     "product": "Marjasegu, 1 kg",
     "url": "https://www.prismamarket.ee/entry/17838/marjasegu--1-kg/4742331000439",
     "hind": "5 59 /tk"
    },
    {
     "product": "Maasikad, 500 g",
     "url": "https://www.prismamarket.ee/entry/17838/maasikad--500-g/6414893104792",
     "hind": "1 99 /tk"
    },
    {
     "product": "Mustad sõstrad, 300 g",
     "url": "https://www.prismamarket.ee/entry/17838/mustad-sostrad--300-g/5901028908321",
     "hind": "1 49 /tk"
    },
    {
     "product": "Vaarikad-mustikad, 300 g",
     "url": "https://www.prismamarket.ee/entry/17838/vaarikad-mustikad--300-g/6414893105003",
     "hind": "1 99 /tk"
    },
    {
     "product": "Jääkuubikud, 1 kg",
     "url": "https://www.prismamarket.ee/entry/17838/jaakuubikud--1-kg/4750159011001",
     "hind": "0 89 /tk"
    },
    {
     "product": "Pohlad, 200 g",
     "url": "https://www.prismamarket.ee/entry/17838/pohlad--200-g/6414893182745",
     "hind": "1 59 /tk"
    },
    {
     "product": "Mustad sõstrad 200 g",
     "url": "https://www.prismamarket.ee/entry/17838/mustad-sostrad-200-g/6411810000991",
     "hind": "1 19 /tk"
    },
    {
     "product": "Ananassi-mango-spinati smuutisegu, 600 g",
     "url": "https://www.prismamarket.ee/entry/17838/ananassi-mango-spinati-smuutisegu--600-g/7340011459927",
     "hind": "3 29 /tk"
    },
    {
     "product": "Kultuurmustikad, 1kg",
     "url": "https://www.prismamarket.ee/entry/17838/kultuurmustikad---1kg/4742331000699",
     "hind": "7 99 /tk"
    },
    {
     "product": "Maasikad, 1kg",
     "url": "https://www.prismamarket.ee/entry/17838/maasikad---1kg/4742331000668",
     "hind": "5 99 /tk"
    },
    {
     "product": "Kirsid kivideta 300 g",
     "url": "https://www.prismamarket.ee/entry/17838/kirsid-kivideta-300-g/4740093358614",
     "hind": "1 69 /tk"
    },
    {
     "product": "Vaarikad, 1kg",
     "url": "https://www.prismamarket.ee/entry/17838/vaarikad---1kg/4742331000675",
     "hind": "7 39 /tk"
    },
    {
     "product": "Smuutisegu Heraklese vägi 300 g",
     "url": "https://www.prismamarket.ee/entry/17838/smuutisegu-heraklese-vagi-300-g/4740188019246",
     "hind": "1 99 /tk"
    },
    {
     "product": "Smuutisegu Aphrodite pisarad 300 g",
     "url": "https://www.prismamarket.ee/entry/17838/smuutisegu-aphrodite-pisarad-300-g/4740188018843",
     "hind": "1 69 /tk"
    },
    {
     "product": "Metsamustikad, 1 kg",
     "url": "https://www.prismamarket.ee/entry/17838/metsamustikad--1-kg/4742331000736",
     "hind": "7 39 /tk"
    }
   ]
  },
  {
   "info": [
    {
     "product": "Väike Tom vanillijäätis šokolaadiglasuuriga, 90 ml",
     "url": "https://www.prismamarket.ee/entry/17839/vaike-tom-vanillijaatis-sokolaadiglasuuriga--90-ml/4740093000216",
     "hind": "0 49 /tk"
    },
    {
     "product": "Eriti Rammus vanillijäätis, 200 ml",
     "url": "https://www.prismamarket.ee/entry/17839/eriti-rammus-vanillijaatis--200-ml/4740093006973",
     "hind": "0 99 /tk"
    },
    {
     "product": "Vanilli-koorejäätis glasuuris, 110 ml",
     "url": "https://www.prismamarket.ee/entry/17839/vanilli-koorejaatis-glasuuris--110-ml/4740188000169",
     "hind": "0 59 /tk"
    },
    {
     "product": "Mandlijäätis, 120 ml",
     "url": "https://www.prismamarket.ee/entry/17839/mandlijaatis--120-ml/40561073",
     "hind": "1 19 /tk"
    },
    {
     "product": "Väike Tom vanillijäätis pähklitäidise ja šokolaadiglasuuriga,...",
     "url": "https://www.prismamarket.ee/entry/17839/vaike-tom-vanillijaatis-pahklitaidise-ja-sokolaadiglasuuriga--90-ml/4740093003330",
     "hind": "0 59 /tk"
    },
    {
     "product": "Vana Toomas vanilliplombiir šokolaadiglasuuriga, 150 ml",
     "url": "https://www.prismamarket.ee/entry/17839/vana-toomas-vanilliplombiir-sokolaadiglasuuriga--150-ml/4740093021020",
     "hind": "1 05 /tk"
    },
    {
     "product": "Jäätis Classic, 120 ml",
     "url": "https://www.prismamarket.ee/entry/17839/jaatis-classic--120-ml/40561172",
     "hind": "1 19 /tk"
    },
    {
     "product": "Eriti Rammus šokolaadi-koorejäätis, 200 ml",
     "url": "https://www.prismamarket.ee/entry/17839/eriti-rammus-sokolaadi-koorejaatis--200-ml/4740093006942",
     "hind": "0 99 /tk"
    },
    {
     "product": "Vanilli-šokolaadijäätis, 6 tk",
     "url": "https://www.prismamarket.ee/entry/17839/vanilli-sokolaadijaatis--6-tk/6414893168978",
     "hind": "2 19 /tk"
    },
    {
     "product": "Koorejäätis Regatt, 1 l",
     "url": "https://www.prismamarket.ee/entry/17839/koorejaatis-regatt--1-l/4740093004993",
     "hind": "1 89 /tk"
    },
    {
     "product": "Limonaadijää, 70 ml",
     "url": "https://www.prismamarket.ee/entry/17839/limonaadijaa--70-ml/4740093005471",
     "hind": "0 29 /tk"
    },
    {
     "product": "Väike Tom Koolijäätis, 90 ml",
     "url": "https://www.prismamarket.ee/entry/17839/vaike-tom-koolijaatis--90-ml/4740093003422",
     "hind": "0 59 /tk"
    },
    {
     "product": "Eriti Rammus koorejäätis, 1 l",
     "url": "https://www.prismamarket.ee/entry/17839/eriti-rammus-koorejaatis--1-l/4740093006461",
     "hind": "3 19 /tk"
    },
    {
     "product": "Väike Tom šokolaadijäätis šokolaadiglasuuriga, 90 ml",
     "url": "https://www.prismamarket.ee/entry/17839/vaike-tom-sokolaadijaatis-sokolaadiglasuuriga--90-ml/4740093000223",
     "hind": "0 59 /tk"
    },
    {
     "product": "Koorejäätis Regatt, 500 ml",
     "url": "https://www.prismamarket.ee/entry/17839/koorejaatis-regatt--500-ml/4740093156159",
     "hind": "1 69 /tk"
    },
    {
     "product": "Maasika- ja vanillijäätis, 6 tk",
     "url": "https://www.prismamarket.ee/entry/17839/maasika--ja-vanillijaatis--6-tk/6414893168954",
     "hind": "2 19 /tk"
    },
    {
     "product": "Šokolaadi-koorejäätis glasuuris, 110 ml",
     "url": "https://www.prismamarket.ee/entry/17839/sokolaadi-koorejaatis-glasuuris--110-ml/4740188000497",
     "hind": "0 59 /tk"
    },
    {
     "product": "Koorejäätis Regatt, 120 ml",
     "url": "https://www.prismamarket.ee/entry/17839/koorejaatis-regatt--120-ml/4740093161818",
     "hind": "0 59 /tk"
    },
    {
     "product": "Väike Tom vanillijäätis šokolaadilaastudega, 120 ml",
     "url": "https://www.prismamarket.ee/entry/17839/vaike-tom-vanillijaatis-sokolaadilaastudega--120-ml/4740093003941",
     "hind": "0 79 /tk"
    },
    {
     "product": "Iirise-koorejäätis, 216 ml",
     "url": "https://www.prismamarket.ee/entry/17839/iirise-koorejaatis--216-ml/6438200530128",
     "hind": "1 59 /tk"
    },
    {
     "product": "Eriti Rammus šokolaadi-koorejäätis, 1 l",
     "url": "https://www.prismamarket.ee/entry/17839/eriti-rammus-sokolaadi-koorejaatis--1-l/4740093006782",
     "hind": "3 19 /tk"
    },
    {
     "product": "Creme brulee jäätis, 180 ml",
     "url": "https://www.prismamarket.ee/entry/17839/creme-brulee-jaatis--180-ml/4770071217312",
     "hind": "1 09 /tk"
    },
    {
     "product": "Koorejäätis maasikamoosiga, 216 ml",
     "url": "https://www.prismamarket.ee/entry/17839/koorejaatis-maasikamoosiga--216-ml/6438200530104",
     "hind": "1 59 /tk"
    },
    {
     "product": "Vanilli-koorejäätis šokolaaditükkidega, 500 ml",
     "url": "https://www.prismamarket.ee/entry/17839/vanilli-koorejaatis-sokolaaditukkidega--500-ml/4740093001848",
     "hind": "1 99 /tk"
    },
    {
     "product": "Piparmündi koorejäätis šokolaaditükkidega, 500 ml",
     "url": "https://www.prismamarket.ee/entry/17839/piparmundi-koorejaatis-sokolaaditukkidega--500-ml/4740093072374",
     "hind": "2 09 /tk"
    },
    {
     "product": "Gourmet šokolaadijäätis, 900 ml",
     "url": "https://www.prismamarket.ee/entry/17839/gourmet-sokolaadijaatis--900-ml/6414893149816",
     "hind": "2 99 /tk"
    },
    {
     "product": "Pirni-vaarika mahlajää, 12tk",
     "url": "https://www.prismamarket.ee/entry/17839/pirni-vaarika-mahlajaa--12tk/6414893107830",
     "hind": "2 99 /tk"
    },
    {
     "product": "Šokolaadi koorejäätis, 500 ml",
     "url": "https://www.prismamarket.ee/entry/17839/sokolaadi-koorejaatis--500-ml/4740093001824",
     "hind": "2 19 /tk"
    },
    {
     "product": "Gourmet karamellijäätis, 900 ml",
     "url": "https://www.prismamarket.ee/entry/17839/gourmet-karamellijaatis--900-ml/6414893107793",
     "hind": "2 99 /tk"
    },
    {
     "product": "Onu Eskimo vanilliplombiir, 1 l",
     "url": "https://www.prismamarket.ee/entry/17839/onu-eskimo-vanilliplombiir--1-l/4740188000725",
     "hind": "2 69 /tk"
    },
    {
     "product": "Vanillijäätis, 900 ml",
     "url": "https://www.prismamarket.ee/entry/17839/vanillijaatis--900-ml/6414893170988",
     "hind": "2 49 /tk"
    },
    {
     "product": "Kokteilijäätis, 5 l",
     "url": "https://www.prismamarket.ee/entry/17839/kokteilijaatis--5-l/4740188005706",
     "hind": "8 49 /tk"
    },
    {
     "product": "Vanilliplombiir, 4,5 l",
     "url": "https://www.prismamarket.ee/entry/17839/vanilliplombiir--4-5-l/4740093000926",
     "hind": "10 99 /tk"
    },
    {
     "product": "Vanilli-koorejäätis šokolaaditükkidega, 5 l",
     "url": "https://www.prismamarket.ee/entry/17839/vanilli-koorejaatis-sokolaaditukkidega--5-l/4740188015644",
     "hind": "11 59 /tk"
    },
    {
     "product": "Vanilli- ja karamellijäätis pohlamoosiga, 1 l",
     "url": "https://www.prismamarket.ee/entry/17839/vanilli--ja-karamellijaatis-pohlamoosiga--1-l/4740093025837",
     "hind": "2 99 /tk"
    },
    {
     "product": "Mango-meloni koorejäätis, 1 l",
     "url": "https://www.prismamarket.ee/entry/17839/mango-meloni-koorejaatis--1-l/4740093014725",
     "hind": "2 99 /tk"
    },
    {
     "product": "Vanillijäätis šokolaadilaastudega, 1 l",
     "url": "https://www.prismamarket.ee/entry/17839/vanillijaatis-sokolaadilaastudega--1-l/4740093045675",
     "hind": "2 99 /tk"
    },
    {
     "product": "Onu Eskimo šokolaadi-koorejäätis šokolaaditükkidega, 1 l",
     "url": "https://www.prismamarket.ee/entry/17839/onu-eskimo-sokolaadi-koorejaatis-sokolaaditukkidega--1-l/4740188017754",
     "hind": "2 69 /tk"
    },
    {
     "product": "Eriti Rammus karamellijäätis, 200 ml",
     "url": "https://www.prismamarket.ee/entry/17839/eriti-rammus-karamellijaatis--200-ml/4740093032804",
     "hind": "0 99 /tk"
    },
    {
     "product": "Eriti Rammus koorejäätis vaarikaga, 200 ml",
     "url": "https://www.prismamarket.ee/entry/17839/eriti-rammus-koorejaatis-vaarikaga--200-ml/4740093093218",
     "hind": "1 29 /tk"
    },
    {
     "product": "Mangosorbett, 80 ml",
     "url": "https://www.prismamarket.ee/entry/17839/mangosorbett--80-ml/4740093317239",
     "hind": "0 79 /tk"
    },
    {
     "product": "Vanilli-riisijäätis, 150 ml",
     "url": "https://www.prismamarket.ee/entry/17839/vanilli-riisijaatis--150-ml/8714100081501",
     "hind": "1 69 /tk"
    },
    {
     "product": "Toffee jäätis, 150 ml",
     "url": "https://www.prismamarket.ee/entry/17839/toffee-jaatis--150-ml/8714100081198",
     "hind": "1 69 /tk"
    },
    {
     "product": "Jäätis Geisha, 110 ml",
     "url": "https://www.prismamarket.ee/entry/17839/jaatis-geisha--110-ml/6430064400937",
     "hind": "1 39 /tk"
    },
    {
     "product": "Jäätisebatoon, 72,5 ml",
     "url": "https://www.prismamarket.ee/entry/17839/jaatisebatoon--72-5-ml/5000159460880",
     "hind": "0 79 /tk"
    },
    {
     "product": "Koorejäätis „Vana aja vanill ja maasikas”, 900 ml",
     "url": "https://www.prismamarket.ee/entry/17839/koorejaatis--vana-aja-vanill-ja-maasikas---900-ml/6430064400647",
     "hind": "4 99 /tk"
    },
    {
     "product": "Koorejäätis „Võrratu piimašokolaad”, 900 ml",
     "url": "https://www.prismamarket.ee/entry/17839/koorejaatis--vorratu-piimasokolaad---900-ml/6430064400715",
     "hind": "4 99 /tk"
    },
    {
     "product": "Koorejäätis „Šokolaadine metsamari”, 900 ml",
     "url": "https://www.prismamarket.ee/entry/17839/koorejaatis--sokolaadine-metsamari---900-ml/6430064400814",
     "hind": "5 99 /tk"
    },
    {
     "product": "Koorejäätis „Šokolaadine mokaunelm”, 900 ml",
     "url": "https://www.prismamarket.ee/entry/17839/koorejaatis--sokolaadine-mokaunelm---900-ml/6430064400739",
     "hind": "4 99 /tk"
    },
    {
     "product": "Koorejäätis „Vallutav vaarikas”, 900 ml",
     "url": "https://www.prismamarket.ee/entry/17839/koorejaatis--vallutav-vaarikas---900-ml/6430064400678",
     "hind": "4 99 /tk"
    },
    {
     "product": "Vanilli-koorejäätis šokolaadi ja pähkliga, 1 l",
     "url": "https://www.prismamarket.ee/entry/17839/vanilli-koorejaatis-sokolaadi-ja-pahkliga--1-l/6430064401163",
     "hind": "2 39 /tk"
    },
    {
     "product": "Šokolaadi-koorejäätis ja šokolaadimaitselised tükid, 1 l",
     "url": "https://www.prismamarket.ee/entry/17839/sokolaadi-koorejaatis-ja-sokolaadimaitselised-tukid--1-l/6430064401217",
     "hind": "2 39 /tk"
    },
    {
     "product": "Vanilli-koorejäätis ja mandlinugat, 1 l",
     "url": "https://www.prismamarket.ee/entry/17839/vanilli-koorejaatis-ja-mandlinugat--1-l/6430064401255",
     "hind": "2 39 /tk"
    },
    {
     "product": "Mündi-koorejäätis, 1 l",
     "url": "https://www.prismamarket.ee/entry/17839/mundi-koorejaatis--1-l/6430064401224",
     "hind": "2 39 /tk"
    },
    {
     "product": "Koorejäätis Trio, 1 l",
     "url": "https://www.prismamarket.ee/entry/17839/koorejaatis-trio--1-l/6430064401248",
     "hind": "2 39 /tk"
    },
    {
     "product": "Vanilli-koorejäätis apelsinikastmega, 1 l",
     "url": "https://www.prismamarket.ee/entry/17839/vanilli-koorejaatis-apelsinikastmega--1-l/6430064401170",
     "hind": "2 39 /tk"
    },
    {
     "product": "Maasika-koorejäätis, 1 l",
     "url": "https://www.prismamarket.ee/entry/17839/maasika-koorejaatis--1-l/6430064401231",
     "hind": "2 39 /tk"
    },
    {
     "product": "Vanilli-koorejäätis ja rummirosinad, 1 l",
     "url": "https://www.prismamarket.ee/entry/17839/vanilli-koorejaatis-ja-rummirosinad--1-l/6430064401194",
     "hind": "2 39 /tk"
    },
    {
     "product": "Nougatijäätis, 1 l",
     "url": "https://www.prismamarket.ee/entry/17839/nougatijaatis--1-l/6415712713546",
     "hind": "1 99 /tk"
    },
    {
     "product": "Sidruni-koorejäätis ja lagritsakaste, 1 l",
     "url": "https://www.prismamarket.ee/entry/17839/sidruni-koorejaatis-ja-lagritsakaste--1-l/6415712713577",
     "hind": "2 19 /tk"
    },
    {
     "product": "Vanilli-koorejäätis Marjakeeris, 1 l",
     "url": "https://www.prismamarket.ee/entry/17839/vanilli-koorejaatis-marjakeeris--1-l/6415712713744",
     "hind": "2 19 /tk"
    },
    {
     "product": "Šokolaadi-koorejäätis, 1 l",
     "url": "https://www.prismamarket.ee/entry/17839/sokolaadi-koorejaatis--1-l/6415712713775",
     "hind": "2 19 /tk"
    },
    {
     "product": "Onu Eskimo karamellijäätis kukekommitükkidega, 1 l",
     "url": "https://www.prismamarket.ee/entry/17839/onu-eskimo-karamellijaatis-kukekommitukkidega--1-l/4740188018225",
     "hind": "3 79 /tk"
    },
    {
     "product": "Karamelli-pähklijäätis, 180 ml",
     "url": "https://www.prismamarket.ee/entry/17839/karamelli-pahklijaatis--180-ml/8711327301566",
     "hind": "0 99 /tk"
    },
    {
     "product": "Jäätis Almond, 440 ml",
     "url": "https://www.prismamarket.ee/entry/17839/jaatis-almond--440-ml/8714100289983",
     "hind": "4 59 /tk"
    },
    {
     "product": "Vana Toomas šokolaadijäätis, 150 ml",
     "url": "https://www.prismamarket.ee/entry/17839/vana-toomas-sokolaadijaatis--150-ml/4740093093409",
     "hind": "1 09 /tk"
    },
    {
     "product": "Vähendatud suhkrusisaldusega jäätis, 500 ml",
     "url": "https://www.prismamarket.ee/entry/17839/vahendatud-suhkrusisaldusega-jaatis--500-ml/4740093010208",
     "hind": "2 19 /tk"
    },
    {
     "product": "Väike Tom meloni-arbuusi-ananassi vurr, 80 ml",
     "url": "https://www.prismamarket.ee/entry/17839/vaike-tom-meloni-arbuusi-ananassi-vurr--80-ml/4740093723450",
     "hind": "0 59 /tk"
    },
    {
     "product": "Mango-maasika mahlajää, 70 ml",
     "url": "https://www.prismamarket.ee/entry/17839/mango-maasika-mahlajaa--70-ml/4740093342019",
     "hind": "0 45 /tk"
    },
    {
     "product": "Regatt vanilli koorejäätis kahe vahvli vahel, 180 ml",
     "url": "https://www.prismamarket.ee/entry/17839/regatt-vanilli-koorejaatis-kahe-vahvli-vahel--180-ml/4740093803152",
     "hind": "0 59 /tk"
    },
    {
     "product": "Vegan maapähklijäätis",
     "url": "https://www.prismamarket.ee/entry/17839/vegan-maapahklijaatis/4742963010417",
     "hind": "5 99 /tk"
    },
    {
     "product": "Pulgajäätiste assortii, 6 x 55 ml",
     "url": "https://www.prismamarket.ee/entry/17839/pulgajaatiste-assortii--6-x-55-ml/8714100635698",
     "hind": "3 99 /tk"
    },
    {
     "product": "Vanillijäätis, 500 ml",
     "url": "https://www.prismamarket.ee/entry/17839/vanillijaatis--500-ml/7394376616624",
     "hind": "2 89 /tk"
    },
    {
     "product": "Maasikajäätis, 500 ml",
     "url": "https://www.prismamarket.ee/entry/17839/maasikajaatis--500-ml/7394376616631",
     "hind": "2 89 /tk"
    },
    {
     "product": "Šokolaadijäätis, 500 ml",
     "url": "https://www.prismamarket.ee/entry/17839/sokolaadijaatis--500-ml/7394376616648",
     "hind": "2 89 /tk"
    },
    {
     "product": "Topelt šokolaadijäätis, 500 ml",
     "url": "https://www.prismamarket.ee/entry/17839/topelt-sokolaadijaatis--500-ml/7394376616662",
     "hind": "4 59 /tk"
    },
    {
     "product": "Vanillijäätis, 1 l",
     "url": "https://www.prismamarket.ee/entry/17839/vanillijaatis--1-l/6415712713270",
     "hind": "1 89 /tk"
    },
    {
     "product": "Arbuusi mahlajää, 73 ml",
     "url": "https://www.prismamarket.ee/entry/17839/arbuusi-mahlajaa--73-ml/8606018610969",
     "hind": "0 59 /tk"
    },
    {
     "product": "Jäätisebatoon, 66,1 ml",
     "url": "https://www.prismamarket.ee/entry/17839/jaatisebatoon--66-1-ml/5000159483049",
     "hind": "0 79 /tk"
    },
    {
     "product": "After Eight jäätisetort, 750 ml",
     "url": "https://www.prismamarket.ee/entry/17839/after-eight-jaatisetort--750-ml/5010238008681",
     "hind": "3 29 /tk"
    },
    {
     "product": "Nurr vanilli- ja šokolaadijäätis piimašokolaadis, 150 ml",
     "url": "https://www.prismamarket.ee/entry/17839/nurr-vanilli--ja-sokolaadijaatis-piimasokolaadis--150-ml/4740188018287",
     "hind": "1 39 /tk"
    },
    {
     "product": "Vanilli koorejäätis, 1 l",
     "url": "https://www.prismamarket.ee/entry/17839/vanilli-koorejaatis--1-l/4740093021549",
     "hind": "3 49 /tk"
    },
    {
     "product": "Mahlapurikas, 65 ml",
     "url": "https://www.prismamarket.ee/entry/17839/mahlapurikas--65-ml/4740188018546",
     "hind": "0 55 /tk"
    },
    {
     "product": "Lagritsajäätis, 900 ml",
     "url": "https://www.prismamarket.ee/entry/17839/lagritsajaatis--900-ml/7340011450320",
     "hind": "2 99 /tk"
    },
    {
     "product": "Vanillijäätis, 1l",
     "url": "https://www.prismamarket.ee/entry/17839/vanillijaatis--1l/4740188018645",
     "hind": "3 89 /tk"
    },
    {
     "product": "Vaarika-proseccosorbett",
     "url": "https://www.prismamarket.ee/entry/17839/vaarika-proseccosorbett/4742963010486",
     "hind": "1 99 /tk"
    },
    {
     "product": "Mandlijäätised, 6 x 55 ml",
     "url": "https://www.prismamarket.ee/entry/17839/mandlijaatised--6-x-55-ml/8714100635650",
     "hind": "3 99 /tk"
    },
    {
     "product": "Lagritsajäätis, 110 ml",
     "url": "https://www.prismamarket.ee/entry/17839/lagritsajaatis--110-ml/6430064401958",
     "hind": "1 59 /tk"
    },
    {
     "product": "Vähendatud suhkruga šokolaadi-koorejäätis, 90 ml",
     "url": "https://www.prismamarket.ee/entry/17839/vahendatud-suhkruga-sokolaadi-koorejaatis--90-ml/4740188018539",
     "hind": "0 69 /tk"
    },
    {
     "product": "Lumehelbeke koorejäätis, 140 ml",
     "url": "https://www.prismamarket.ee/entry/17839/lumehelbeke-koorejaatis--140-ml/4740093942349",
     "hind": "0 89 /tk"
    },
    {
     "product": "Mango-passionijäätis, 140 ml",
     "url": "https://www.prismamarket.ee/entry/17839/mango-passionijaatis--140-ml/4740093024625",
     "hind": "0 89 /tk"
    },
    {
     "product": "Premium šokolaadijäätis, 120 ml",
     "url": "https://www.prismamarket.ee/entry/17839/premium-sokolaadijaatis--120-ml/4740093932142",
     "hind": "1 19 /tk"
    },
    {
     "product": "Premium karamellijäätis, 120 ml",
     "url": "https://www.prismamarket.ee/entry/17839/premium-karamellijaatis--120-ml/4740093963542",
     "hind": "1 19 /tk"
    },
    {
     "product": "Mustikasorbett, 80 ml",
     "url": "https://www.prismamarket.ee/entry/17839/mustikasorbett--80-ml/4740093013483",
     "hind": "0 79 /tk"
    },
    {
     "product": "Vanillijäätis Regatt, 100 ml",
     "url": "https://www.prismamarket.ee/entry/17839/vanillijaatis-regatt--100-ml/4740093614222",
     "hind": "0 59 /tk"
    },
    {
     "product": "Väike Tom kookosejäätis, 70 ml",
     "url": "https://www.prismamarket.ee/entry/17839/vaike-tom-kookosejaatis--70-ml/4740093301474",
     "hind": "0 59 /tk"
    }
   ]
  }
 ]
}