{
 "name": "JUUSTUD",
 "tooted": [
  {
   "info": [
    {
     "product": "Sulatatud juust, 200 g",
     "url": "https://www.prismamarket.ee/entry/17147/sulatatud-juust--200-g/4740500000105",
     "hind": "1 19 /tk"
    },
    {
     "product": "Sulatatud juust krevettidega, 200 g",
     "url": "https://www.prismamarket.ee/entry/17147/sulatatud-juust-krevettidega--200-g/4740500000112",
     "hind": "1 19 /tk"
    },
    {
     "product": "Sulatatud juust murulauguga, 200 g",
     "url": "https://www.prismamarket.ee/entry/17147/sulatatud-juust-murulauguga--200-g/4740500000174",
     "hind": "1 19 /tk"
    },
    {
     "product": "Toorjuust, 200 g",
     "url": "https://www.prismamarket.ee/entry/17147/toorjuust--200-g/4000339697908",
     "hind": "1 65 /tk"
    },
    {
     "product": "Sulatatud juust röstitud kanaga, 200 g",
     "url": "https://www.prismamarket.ee/entry/17147/sulatatud-juust-rostitud-kanaga--200-g/4740500000228",
     "hind": "1 19 /tk"
    },
    {
     "product": "Toorjuust küüslauguga, 150 g",
     "url": "https://www.prismamarket.ee/entry/17147/toorjuust-kuuslauguga--150-g/4740123001633",
     "hind": "1 59 /tk"
    },
    {
     "product": "Sulatatud juust, 200 g",
     "url": "https://www.prismamarket.ee/entry/17147/sulatatud-juust--200-g/4740572003646",
     "hind": "1 09 /tk"
    },
    {
     "product": "Toorjuust originaal, 150 g",
     "url": "https://www.prismamarket.ee/entry/17147/toorjuust-originaal--150-g/4740123001657",
     "hind": "1 35 /tk"
    },
    {
     "product": "Toorjuust murulauguga, 150 g",
     "url": "https://www.prismamarket.ee/entry/17147/toorjuust-murulauguga--150-g/4740123001640",
     "hind": "1 59 /tk"
    },
    {
     "product": "Sulatatud juust suitsujuustuga, 200 g",
     "url": "https://www.prismamarket.ee/entry/17147/sulatatud-juust-suitsujuustuga--200-g/4740572004094",
     "hind": "1 09 /tk"
    },
    {
     "product": "Toorjuust ananassi ja mandliga, 125 g",
     "url": "https://www.prismamarket.ee/entry/17147/toorjuust-ananassi-ja-mandliga--125-g/5760466872119",
     "hind": "2 39 /tk"
    },
    {
     "product": "Seesamiseemne-ürdi hummus, 175 g",
     "url": "https://www.prismamarket.ee/entry/17147/seesamiseemne-urdi-hummus--175-g/4058094300021",
     "hind": "2 49 /tk"
    },
    {
     "product": "Sulatatud juust, 185 g",
     "url": "https://www.prismamarket.ee/entry/17147/sulatatud-juust--185-g/4740553692302",
     "hind": "1 09 /tk"
    },
    {
     "product": "Sulatatud juust kukeseenemaitseline, 185 g",
     "url": "https://www.prismamarket.ee/entry/17147/sulatatud-juust-kukeseenemaitseline--185-g/4740553692340",
     "hind": "1 09 /tk"
    },
    {
     "product": "Sulatatud juust krevettidega, 200 g",
     "url": "https://www.prismamarket.ee/entry/17147/sulatatud-juust-krevettidega--200-g/4740572004919",
     "hind": "1 09 /tk"
    },
    {
     "product": "Kitsepiimast kreemjuust, 150 g",
     "url": "https://www.prismamarket.ee/entry/17147/kitsepiimast-kreemjuust--150-g/4042089001246",
     "hind": "2 19 /tk"
    },
    {
     "product": "Sulatatud juust paprikaga, 185 g",
     "url": "https://www.prismamarket.ee/entry/17147/sulatatud-juust-paprikaga--185-g/4740553692395",
     "hind": "1 09 /tk"
    },
    {
     "product": "Sulatatud juust Forte juustuga, 185 g",
     "url": "https://www.prismamarket.ee/entry/17147/sulatatud-juust-forte-juustuga--185-g/4740553692401",
     "hind": "1 09 /tk"
    },
    {
     "product": "Kreemjuust peedi ja rõikaga, 200 g",
     "url": "https://www.prismamarket.ee/entry/17147/kreemjuust-peedi-ja-roikaga--200-g/4742231004711",
     "hind": "2 19 /tk"
    },
    {
     "product": "Sulatatud juust, 200 g",
     "url": "https://www.prismamarket.ee/entry/17147/sulatatud-juust--200-g/4740036013457",
     "hind": "1 19 /tk"
    },
    {
     "product": "Karulaugupestoga võileivamääre, 150 g",
     "url": "https://www.prismamarket.ee/entry/17147/karulaugupestoga-voileivamaare--150-g/4740113092399",
     "hind": "0 99 /tk"
    },
    {
     "product": "Hapukurgi-tilli võileivamääre, 150 g",
     "url": "https://www.prismamarket.ee/entry/17147/hapukurgi-tilli-voileivamaare--150-g/4740113092382",
     "hind": "0 99 /tk"
    },
    {
     "product": "Tomati-basiiliku võileivamääre, 150 g",
     "url": "https://www.prismamarket.ee/entry/17147/tomati-basiiliku-voileivamaare--150-g/7394376616556",
     "hind": "2 15 /tk"
    },
    {
     "product": "Sulatatud juust murulaugu ja ürdiga, 185 g",
     "url": "https://www.prismamarket.ee/entry/17147/sulatatud-juust-murulaugu-ja-urdiga--185-g/4740553692425",
     "hind": "1 09 /tk"
    },
    {
     "product": "Sulatatud juust Old Saare, 185 g",
     "url": "https://www.prismamarket.ee/entry/17147/sulatatud-juust-old-saare--185-g/4740153200013",
     "hind": "1 09 /tk"
    },
    {
     "product": "Klassikaline hummus, 150g",
     "url": "https://www.prismamarket.ee/entry/17147/klassikaline-hummus---150g/4740667248990",
     "hind": "1 89 /tk"
    },
    {
     "product": "Toorjuust, 200 g",
     "url": "https://www.prismamarket.ee/entry/17147/toorjuust--200-g/7340011450009",
     "hind": "0 99 /tk"
    },
    {
     "product": "Toorjuust küüslaugu ja ürtidega, 200 g",
     "url": "https://www.prismamarket.ee/entry/17147/toorjuust-kuuslaugu-ja-urtidega--200-g/6414893383005",
     "hind": "1 19 /tk"
    },
    {
     "product": "Sulatatud juust, 400 g",
     "url": "https://www.prismamarket.ee/entry/17147/sulatatud-juust--400-g/6414893385610",
     "hind": "2 29 /tk"
    },
    {
     "product": "Sulatatud juust kukeseentega, 200 g",
     "url": "https://www.prismamarket.ee/entry/17147/sulatatud-juust-kukeseentega--200-g/4740500000211",
     "hind": "1 19 /tk"
    },
    {
     "product": "Aedpeedi hummus, 200 g",
     "url": "https://www.prismamarket.ee/entry/17147/aedpeedi-hummus--200-g/4740670009502",
     "hind": "2 85 /tk"
    },
    {
     "product": "Päikesekuivatatud tomati ja basiiliku hummus, 200 g",
     "url": "https://www.prismamarket.ee/entry/17147/paikesekuivatatud-tomati-ja-basiiliku-hummus--200-g/4740670009571",
     "hind": "2 85 /tk"
    },
    {
     "product": "Toorjuust murulauguga, 125 g",
     "url": "https://www.prismamarket.ee/entry/17147/toorjuust-murulauguga--125-g/5760466923156",
     "hind": "2 39 /tk"
    },
    {
     "product": "Küüslauguvõie, 125g",
     "url": "https://www.prismamarket.ee/entry/17147/kuuslauguvoie--125g/4740218000152",
     "hind": "0 95 /tk"
    },
    {
     "product": "Sulatatud juust maitserohelisega, 200g",
     "url": "https://www.prismamarket.ee/entry/17147/sulatatud-juust-maitserohelisega--200g/4740572004131",
     "hind": "1 09 /tk"
    },
    {
     "product": "Võileivamääre kookosõlist, 200 g",
     "url": "https://www.prismamarket.ee/entry/17147/voileivamaare-kookosolist--200-g/5202390013836",
     "hind": "2 35 /tk"
    },
    {
     "product": "Võileivamääre, 150 g",
     "url": "https://www.prismamarket.ee/entry/17147/voileivamaare--150-g/7394376616327",
     "hind": "2 15 /tk"
    },
    {
     "product": "Sulatatud juust kukeseentega, 200 g",
     "url": "https://www.prismamarket.ee/entry/17147/sulatatud-juust-kukeseentega--200-g/4740572004834",
     "hind": "1 09 /tk"
    },
    {
     "product": "Merevaik sulatatud juust 370 g",
     "url": "https://www.prismamarket.ee/entry/17147/merevaik-sulatatud-juust-370-g/4740036013853",
     "hind": "1 99 /tk"
    },
    {
     "product": "Toorjuust peekoniga, 150 g",
     "url": "https://www.prismamarket.ee/entry/17147/toorjuust-peekoniga--150-g/4740113093358",
     "hind": "1 59 /tk"
    },
    {
     "product": "India hummus mango&karri 200 g",
     "url": "https://www.prismamarket.ee/entry/17147/india-hummus-mango-karri-200-g/4740670111908",
     "hind": "2 85 /tk"
    },
    {
     "product": "Hummus päiksekuivatatud tomatiga, 150g",
     "url": "https://www.prismamarket.ee/entry/17147/hummus-paiksekuivatatud-tomatiga--150g/4740667249003",
     "hind": "1 99 /tk"
    },
    {
     "product": "Hummus apelsini-porgandi, 150g",
     "url": "https://www.prismamarket.ee/entry/17147/hummus-apelsini-porgandi--150g/4740667250313",
     "hind": "1 99 /tk"
    },
    {
     "product": "Kadaka sulatatud juust, 185 g",
     "url": "https://www.prismamarket.ee/entry/17147/kadaka-sulatatud-juust--185-g/4740153200020",
     "hind": "1 49 /tk"
    },
    {
     "product": "Klassikaline sulatatud juust 185 g",
     "url": "https://www.prismamarket.ee/entry/17147/klassikaline-sulatatud-juust-185-g/4740153200037",
     "hind": "1 39 /tk"
    },
    {
     "product": "Toorjuust kurgi ja tilliga, 140g",
     "url": "https://www.prismamarket.ee/entry/17147/toorjuust-kurgi-ja-tilliga--140g/4740572005725",
     "hind": "0 99 /tk"
    },
    {
     "product": "Toorjuust tomati ja basiilikuga, 140g",
     "url": "https://www.prismamarket.ee/entry/17147/toorjuust-tomati-ja-basiilikuga--140g/4740572005732",
     "hind": "0 99 /tk"
    },
    {
     "product": "Kreemjuust lehtkapsa pestoga, laktoosivaba 200 g",
     "url": "https://www.prismamarket.ee/entry/17147/kreemjuust-lehtkapsa-pestoga--laktoosivaba-200-g/4742231004889",
     "hind": "2 19 /tk"
    },
    {
     "product": "Spread avokaado hummus, 175g",
     "url": "https://www.prismamarket.ee/entry/17147/spread-avokaado-hummus--175g/4058094310099",
     "hind": "2 49 /tk"
    },
    {
     "product": "Sulatatud juust krabimaitseliste nuudlitega 185 g",
     "url": "https://www.prismamarket.ee/entry/17147/sulatatud-juust-krabimaitseliste-nuudlitega-185-g/4740553692449",
     "hind": "1 09 /tk"
    }
   ]
  },
  {
   "info": [
    {
     "product": "Eesti juust, viilutatud, 200 g",
     "url": "https://www.prismamarket.ee/entry/17148/eesti-juust--viilutatud--200-g/4740572000102",
     "hind": "1 95 /tk"
    },
    {
     "product": "Hollandi leibjuust, 500 g",
     "url": "https://www.prismamarket.ee/entry/17148/hollandi-leibjuust--500-g/4740572003226",
     "hind": "2 99 /tk"
    },
    {
     "product": "Hiirte juust, viilutatud, 200 g",
     "url": "https://www.prismamarket.ee/entry/17148/hiirte-juust--viilutatud--200-g/4740572000393",
     "hind": "2 05 /tk"
    },
    {
     "product": "Juust Atleet Originaal, viilutatud, 500 g",
     "url": "https://www.prismamarket.ee/entry/17148/juust-atleet-originaal--viilutatud--500-g/4740553691152",
     "hind": "3 99 /tk"
    },
    {
     "product": "Eesti juust, viilutatud, 500 g",
     "url": "https://www.prismamarket.ee/entry/17148/eesti-juust--viilutatud--500-g/4740572000409",
     "hind": "4 29 /tk"
    },
    {
     "product": "Eesti juust, viilutatud, 500 g",
     "url": "https://www.prismamarket.ee/entry/17148/eesti-juust--viilutatud--500-g/4740142000952",
     "hind": "3 99 /tk"
    },
    {
     "product": "Suitsujuust, 200 g",
     "url": "https://www.prismamarket.ee/entry/17148/suitsujuust--200-g/4740036010890",
     "hind": "1 49 /tk"
    },
    {
     "product": "Juust Atleet Originaal, 500 g",
     "url": "https://www.prismamarket.ee/entry/17148/juust-atleet-originaal--500-g/4740553000091",
     "hind": "2 39 /tk"
    },
    {
     "product": "Vene juust, viilutatud, 150 g",
     "url": "https://www.prismamarket.ee/entry/17148/vene-juust--viilutatud--150-g/4740572000294",
     "hind": "1 05 /tk"
    },
    {
     "product": "Eesti juust, 350 g",
     "url": "https://www.prismamarket.ee/entry/17148/eesti-juust--350-g/4740553000138",
     "hind": "2 29 /tk"
    },
    {
     "product": "Vene juust, viilutatud, 300 g",
     "url": "https://www.prismamarket.ee/entry/17148/vene-juust--viilutatud--300-g/4740572003486",
     "hind": "2 79 /tk"
    },
    {
     "product": "Eesti juust light, viilutatud, 200 g",
     "url": "https://www.prismamarket.ee/entry/17148/eesti-juust-light--viilutatud--200-g/4740572000119",
     "hind": "1 99 /tk"
    },
    {
     "product": "Juust Atleet Originaal, viilutatud, 150 g",
     "url": "https://www.prismamarket.ee/entry/17148/juust-atleet-originaal--viilutatud--150-g/4740553000152",
     "hind": "1 06 /tk"
    },
    {
     "product": "Juust Atleet Originaal, 200 g",
     "url": "https://www.prismamarket.ee/entry/17148/juust-atleet-originaal--200-g/4740553000572",
     "hind": "1 79 /tk"
    },
    {
     "product": "Juust Atleet Light, viilutatud, 150 g",
     "url": "https://www.prismamarket.ee/entry/17148/juust-atleet-light--viilutatud--150-g/4740553000190",
     "hind": "1 39 /tk"
    },
    {
     "product": "Emmentali juust, 400 g",
     "url": "https://www.prismamarket.ee/entry/17148/emmentali-juust--400-g/7340011427025",
     "hind": "2 99 /tk"
    },
    {
     "product": "Juust Saare Light, 150 g",
     "url": "https://www.prismamarket.ee/entry/17148/juust-saare-light--150-g/4740153081858",
     "hind": "1 39 /tk"
    },
    {
     "product": "Juust Royal Gouda Red, 250 g",
     "url": "https://www.prismamarket.ee/entry/17148/juust-royal-gouda-red--250-g/4740553008868",
     "hind": "2 49 /tk"
    },
    {
     "product": "Eesti juust, viilutatud, 150 g",
     "url": "https://www.prismamarket.ee/entry/17148/eesti-juust--viilutatud--150-g/4740142000747",
     "hind": "1 25 /tk"
    },
    {
     "product": "Edam juust, 200 g",
     "url": "https://www.prismamarket.ee/entry/17148/edam-juust--200-g/4740553005560",
     "hind": "1 55 /tk"
    },
    {
     "product": "Kadaka juust, viilutatud, 150 g",
     "url": "https://www.prismamarket.ee/entry/17148/kadaka-juust--viilutatud--150-g/4740153081896",
     "hind": "1 49 /tk"
    },
    {
     "product": "Kitsepiimajuust, viilutatud, 150 g",
     "url": "https://www.prismamarket.ee/entry/17148/kitsepiimajuust--viilutatud--150-g/4740572003585",
     "hind": "2 99 /tk"
    },
    {
     "product": "Juust Royal Gouda Black, 200 g",
     "url": "https://www.prismamarket.ee/entry/17148/juust-royal-gouda-black--200-g/4740553008875",
     "hind": "2 49 /tk"
    },
    {
     "product": "Juust Royal Gouda Red, viilutatud, 150 g",
     "url": "https://www.prismamarket.ee/entry/17148/juust-royal-gouda-red--viilutatud--150-g/4740553008851",
     "hind": "1 45 /tk"
    },
    {
     "product": "Juust Royal Gouda Yellow, viilutatud, 500 g",
     "url": "https://www.prismamarket.ee/entry/17148/juust-royal-gouda-yellow--viilutatud--500-g/4740553697154",
     "hind": "4 45 /tk"
    },
    {
     "product": "Kadaka juust küüslauguga, viilutatud, 150 g",
     "url": "https://www.prismamarket.ee/entry/17148/kadaka-juust-kuuslauguga--viilutatud--150-g/4740153081957",
     "hind": "1 49 /tk"
    },
    {
     "product": "Juust Royal Gouda Yellow, viilutatud, 150 g",
     "url": "https://www.prismamarket.ee/entry/17148/juust-royal-gouda-yellow--viilutatud--150-g/4740553697109",
     "hind": "1 39 /tk"
    },
    {
     "product": "Maasdam juust, viilutatud, 400 g",
     "url": "https://www.prismamarket.ee/entry/17148/maasdam-juust--viilutatud--400-g/7340011415817",
     "hind": "3 29 /tk"
    },
    {
     "product": "Hiirte juust, viilutatud, 500 g",
     "url": "https://www.prismamarket.ee/entry/17148/hiirte-juust--viilutatud--500-g/4740572001741",
     "hind": "2 29 /tk"
    },
    {
     "product": "Tilli tofu, 250 g",
     "url": "https://www.prismamarket.ee/entry/17148/tilli-tofu--250-g/4742117000394",
     "hind": "2 09 /tk"
    },
    {
     "product": "Juust Royal Gouda Yellow, 300 g",
     "url": "https://www.prismamarket.ee/entry/17148/juust-royal-gouda-yellow--300-g/4740553697406",
     "hind": "2 59 /tk"
    },
    {
     "product": "Lepasuitsu Eesti juust, 370 g",
     "url": "https://www.prismamarket.ee/entry/17148/lepasuitsu-eesti-juust--370-g/4740142002277",
     "hind": "3 39 /tk"
    },
    {
     "product": "Maitsestamata tofu, 250 g",
     "url": "https://www.prismamarket.ee/entry/17148/maitsestamata-tofu--250-g/4742117000356",
     "hind": "1 65 /tk"
    },
    {
     "product": "Oltermanni juust, 500 g",
     "url": "https://www.prismamarket.ee/entry/17148/oltermanni-juust--500-g/6408430033805",
     "hind": "5 59 /tk"
    },
    {
     "product": "Vene juust, viilutatud, 500 g",
     "url": "https://www.prismamarket.ee/entry/17148/vene-juust--viilutatud--500-g/4740572001758",
     "hind": "3 99 /tk"
    },
    {
     "product": "Maitsestamata pehme tofu, 300 g",
     "url": "https://www.prismamarket.ee/entry/17148/maitsestamata-pehme-tofu--300-g/4742117001032",
     "hind": "1 35 /tk"
    },
    {
     "product": "Köömnetega tofu, 250 g",
     "url": "https://www.prismamarket.ee/entry/17148/koomnetega-tofu--250-g/4742117000400",
     "hind": "2 09 /tk"
    },
    {
     "product": "Suitsutatud võileivaviilud, 200 g",
     "url": "https://www.prismamarket.ee/entry/17148/suitsutatud-voileivaviilud--200-g/5202390015403",
     "hind": "2 59 /tk"
    },
    {
     "product": "Sulajuustuviilud, 200 g",
     "url": "https://www.prismamarket.ee/entry/17148/sulajuustuviilud--200-g/6414893083295",
     "hind": "1 55 /tk"
    },
    {
     "product": "Cheddari sulajuustuviilud, 200 g",
     "url": "https://www.prismamarket.ee/entry/17148/cheddari-sulajuustuviilud--200-g/6414893385313",
     "hind": "1 35 /tk"
    },
    {
     "product": "Maitsestamata mahetofu, 250 g",
     "url": "https://www.prismamarket.ee/entry/17148/maitsestamata-mahetofu--250-g/8718885890006",
     "hind": "1 89 /tk"
    },
    {
     "product": "Emmentali juust, viilutatud, 400 g",
     "url": "https://www.prismamarket.ee/entry/17148/emmentali-juust--viilutatud--400-g/7340011431671",
     "hind": "3 29 /tk"
    },
    {
     "product": "Juku juust, 300 g",
     "url": "https://www.prismamarket.ee/entry/17148/juku-juust--300-g/4740153321039",
     "hind": "2 29 /tk"
    },
    {
     "product": "Juust küüslaugu ja tilliga, kg",
     "url": "https://www.prismamarket.ee/entry/17148/juust-kuuslaugu-ja-tilliga--kg/2060238600005",
     "hind": "7 55 /kg"
    },
    {
     "product": "Toorjuust, kg",
     "url": "https://www.prismamarket.ee/entry/17148/toorjuust--kg/2060237000004",
     "hind": "7 55 /tk"
    },
    {
     "product": "Sulajuustuviilud, 400 g",
     "url": "https://www.prismamarket.ee/entry/17148/sulajuustuviilud--400-g/7340011432043",
     "hind": "2 19 /tk"
    },
    {
     "product": "Atleet Cheddar juust, viilutatud, 150 g",
     "url": "https://www.prismamarket.ee/entry/17148/atleet-cheddar-juust--viilutatud--150-g/4740553690919",
     "hind": "1 09 /tk"
    },
    {
     "product": "Kitsejuust Sainte Maure, 200 g",
     "url": "https://www.prismamarket.ee/entry/17148/kitsejuust-sainte-maure--200-g/3228020114225",
     "hind": "3 75 /tk"
    },
    {
     "product": "Koorene juust, viilutatud, 150 g",
     "url": "https://www.prismamarket.ee/entry/17148/koorene-juust--viilutatud--150-g/4740142004035",
     "hind": "1 39 /tk"
    },
    {
     "product": "Edam juust, viilutatud, 500 g",
     "url": "https://www.prismamarket.ee/entry/17148/edam-juust--viilutatud--500-g/4740153061942",
     "hind": "3 79 /tk"
    },
    {
     "product": "Eesti juust, viilutatud, 500 g",
     "url": "https://www.prismamarket.ee/entry/17148/eesti-juust--viilutatud--500-g/4740153061829",
     "hind": "3 79 /tk"
    },
    {
     "product": "Atleet Cheddar juust, 250 g",
     "url": "https://www.prismamarket.ee/entry/17148/atleet-cheddar-juust--250-g/4740553690902",
     "hind": "2 25 /tk"
    },
    {
     "product": "Juust Ekstra, 300 g",
     "url": "https://www.prismamarket.ee/entry/17148/juust-ekstra--300-g/4740153321084",
     "hind": "3 39 /tk"
    },
    {
     "product": "Juust Old Saare, 300 g",
     "url": "https://www.prismamarket.ee/entry/17148/juust-old-saare--300-g/4740153321077",
     "hind": "3 85 /tk"
    },
    {
     "product": "Mahejuust, viilutatud, 150 g",
     "url": "https://www.prismamarket.ee/entry/17148/mahejuust--viilutatud--150-g/4740153081889",
     "hind": "1 99 /tk"
    },
    {
     "product": "Sulav pitsakate, 200 g",
     "url": "https://www.prismamarket.ee/entry/17148/sulav-pitsakate--200-g/5202390015410",
     "hind": "1 85 /tk"
    },
    {
     "product": "Tšilli-paprika suitsujuust, 200 g",
     "url": "https://www.prismamarket.ee/entry/17148/tsilli-paprika-suitsujuust--200-g/4006402067166",
     "hind": "2 79 /tk"
    },
    {
     "product": "Eesti juust, viilutatud, 350 g",
     "url": "https://www.prismamarket.ee/entry/17148/eesti-juust--viilutatud--350-g/4740572005046",
     "hind": "1 99 /tk"
    },
    {
     "product": "Juust Classic, kg",
     "url": "https://www.prismamarket.ee/entry/17148/juust-classic--kg/2316422200002",
     "hind": "11 49 /kg"
    },
    {
     "product": "Juust Grand, kg",
     "url": "https://www.prismamarket.ee/entry/17148/juust-grand--kg/2316411100009",
     "hind": "12 99 /kg"
    },
    {
     "product": "Eesti juust täispiimast, viilutatud, 180 g",
     "url": "https://www.prismamarket.ee/entry/17148/eesti-juust-taispiimast--viilutatud--180-g/4740572005251",
     "hind": "1 99 /tk"
    },
    {
     "product": "Eesti juust täispiimast, viilutatud, 450 g",
     "url": "https://www.prismamarket.ee/entry/17148/eesti-juust-taispiimast--viilutatud--450-g/4740572005244",
     "hind": "4 39 /tk"
    },
    {
     "product": "Gouda juust karulauguga, 250 g",
     "url": "https://www.prismamarket.ee/entry/17148/gouda-juust-karulauguga--250-g/4740218002705",
     "hind": "4 19 /tk"
    },
    {
     "product": "Gouda juust tšilliga, 250 g",
     "url": "https://www.prismamarket.ee/entry/17148/gouda-juust-tsilliga--250-g/4740218002477",
     "hind": "4 19 /tk"
    },
    {
     "product": "Kitsepiimajuust koriander ja fenugreek, 150 g",
     "url": "https://www.prismamarket.ee/entry/17148/kitsepiimajuust-koriander-ja-fenugreek--150-g/4740572005367",
     "hind": "3 99 /tk"
    },
    {
     "product": "Gouda Premium juust, viilutatud 150 g",
     "url": "https://www.prismamarket.ee/entry/17148/gouda-premium-juust--viilutatud-150-g/4740153082022",
     "hind": "1 49 /tk"
    },
    {
     "product": "Vägev juust, viilutatud 150 g",
     "url": "https://www.prismamarket.ee/entry/17148/vagev-juust--viilutatud-150-g/4740153082039",
     "hind": "1 39 /tk"
    },
    {
     "product": "Vägev juust, viilutatud 380 g",
     "url": "https://www.prismamarket.ee/entry/17148/vagev-juust--viilutatud-380-g/4740153071965",
     "hind": "3 49 /tk"
    },
    {
     "product": "Hollandi Leibjuust, viilutatud 400 g",
     "url": "https://www.prismamarket.ee/entry/17148/hollandi-leibjuust--viilutatud-400-g/4740153061997",
     "hind": "2 99 /tk"
    },
    {
     "product": "Juust Prima Old, kg",
     "url": "https://www.prismamarket.ee/entry/17148/juust-prima-old--kg/2316444000000",
     "hind": "19 99 /kg"
    },
    {
     "product": "Juust Musc, kg",
     "url": "https://www.prismamarket.ee/entry/17148/juust-musc--kg/2316411200006",
     "hind": "16 49 /kg"
    },
    {
     "product": "Juust Saare, viilutatud, 400g",
     "url": "https://www.prismamarket.ee/entry/17148/juust-saare--viilutatud--400g/4740153062000",
     "hind": "2 29 /tk"
    },
    {
     "product": "Klassikalised vegan võileivaviilud, 150 g",
     "url": "https://www.prismamarket.ee/entry/17148/klassikalised-vegan-voileivaviilud--150-g/4056924000493",
     "hind": "2 99 /tk"
    },
    {
     "product": "Juust Prima, kg",
     "url": "https://www.prismamarket.ee/entry/17148/juust-prima--kg/2316433300005",
     "hind": "16 49 /kg"
    },
    {
     "product": "Juust tšilliga, 150 g",
     "url": "https://www.prismamarket.ee/entry/17148/juust-tsilliga--150-g/4740572005374",
     "hind": "2 59 /tk"
    },
    {
     "product": "Juust kreeka pähkliga, 150 g",
     "url": "https://www.prismamarket.ee/entry/17148/juust-kreeka-pahkliga--150-g/4740572005398",
     "hind": "2 59 /tk"
    },
    {
     "product": "Koorejuust, 1 kg",
     "url": "https://www.prismamarket.ee/entry/17148/koorejuust--1-kg/6414893381018",
     "hind": "6 09 /tk"
    },
    {
     "product": "Täispiimast juust, viilutatud, 150 g",
     "url": "https://www.prismamarket.ee/entry/17148/taispiimast-juust--viilutatud--150-g/4740553697222",
     "hind": "1 09 /tk"
    },
    {
     "product": "Täispiimast juust, 500 g",
     "url": "https://www.prismamarket.ee/entry/17148/taispiimast-juust--500-g/4740553697239",
     "hind": "4 49 /tk"
    },
    {
     "product": "Kitsepiimajuust, 150 g",
     "url": "https://www.prismamarket.ee/entry/17148/kitsepiimajuust--150-g/4740187000115",
     "hind": "4 69 /tk"
    },
    {
     "product": "Juust Atleet Kuldne, viilutatud, 500 g",
     "url": "https://www.prismamarket.ee/entry/17148/juust-atleet-kuldne--viilutatud--500-g/4740553696157",
     "hind": "3 99 /tk"
    },
    {
     "product": "Pruun juust Gudbrand 150 g viil",
     "url": "https://www.prismamarket.ee/entry/17148/pruun-juust-gudbrand-150-g-viil/7034280001863",
     "hind": "2 19 /tk"
    },
    {
     "product": "Küps Cheddar tšilliga (vahas) 100 g",
     "url": "https://www.prismamarket.ee/entry/17148/kups-cheddar-tsilliga--vahas--100-g/5021427909252",
     "hind": "2 49 /tk"
    },
    {
     "product": "Eesti juust light, viilutatud, 500 g",
     "url": "https://www.prismamarket.ee/entry/17148/eesti-juust-light--viilutatud--500-g/4740142001522",
     "hind": "3 99 /tk"
    },
    {
     "product": "Küps Cheddar karamelliseeritud sibulaga (vahas) 100 g",
     "url": "https://www.prismamarket.ee/entry/17148/kups-cheddar-karamelliseeritud-sibulaga--vahas--100-g/5021427909214",
     "hind": "2 49 /tk"
    },
    {
     "product": "kitsepiima toorjuust, 110g",
     "url": "https://www.prismamarket.ee/entry/17148/kitsepiima-toorjuust--110g/3523230041317",
     "hind": "2 69 /tk"
    },
    {
     "product": "Cheddar juust Mild, 200 g",
     "url": "https://www.prismamarket.ee/entry/17148/cheddar-juust-mild--200-g/5701215045354",
     "hind": "2 49 /tk"
    },
    {
     "product": "Zott toasty hamburger sulatud juust 120 g",
     "url": "https://www.prismamarket.ee/entry/17148/zott-toasty-hamburger-sulatud-juust-120-g/4014500517957",
     "hind": "1 09 /tk"
    },
    {
     "product": "Zott toasty sandwich sulatatud juust 120 g",
     "url": "https://www.prismamarket.ee/entry/17148/zott-toasty-sandwich-sulatatud-juust-120-g/4014500517940",
     "hind": "1 09 /tk"
    },
    {
     "product": "Juust Gouda viilutatud, 150g",
     "url": "https://www.prismamarket.ee/entry/17148/juust-gouda-viilutatud--150g/4740572005824",
     "hind": "1 39 /tk"
    },
    {
     "product": "Cheddar juust Vintage, 200 g",
     "url": "https://www.prismamarket.ee/entry/17148/cheddar-juust-vintage--200-g/5704025028760",
     "hind": "2 89 /tk"
    },
    {
     "product": "Lambapiimajuust, 200 g",
     "url": "https://www.prismamarket.ee/entry/17148/lambapiimajuust--200-g/8010861003678",
     "hind": "3 95 /tk"
    }
   ]
  },
  {
   "info": [
    {
     "product": "Rebitavad juustupulgad, 140 g",
     "url": "https://www.prismamarket.ee/entry/17149/rebitavad-juustupulgad--140-g/4770299046381",
     "hind": "1 99 /tk"
    },
    {
     "product": "Juustu snäkk, 200 g",
     "url": "https://www.prismamarket.ee/entry/17149/juustu-snakk--200-g/4740123001268",
     "hind": "1 79 /tk"
    },
    {
     "product": "Sinihallitusjuust Fromage bleu, 100 g",
     "url": "https://www.prismamarket.ee/entry/17149/sinihallitusjuust-fromage-bleu--100-g/40409801",
     "hind": "1 39 /tk"
    },
    {
     "product": "Sinihallitusjuust, 100 g",
     "url": "https://www.prismamarket.ee/entry/17149/sinihallitusjuust--100-g/4740572000010",
     "hind": "1 39 /tk"
    },
    {
     "product": "Sinihallitusjuust Dorblu, 100 g",
     "url": "https://www.prismamarket.ee/entry/17149/sinihallitusjuust-dorblu--100-g/4000504210024",
     "hind": "1 45 /tk"
    },
    {
     "product": "Brie valgehallitusjuust pähklitega, 125 g",
     "url": "https://www.prismamarket.ee/entry/17149/brie-valgehallitusjuust-pahklitega--125-g/5906207530072",
     "hind": "1 39 /tk"
    },
    {
     "product": "Juustu mix, 200 g",
     "url": "https://www.prismamarket.ee/entry/17149/juustu-mix--200-g/4740123001282",
     "hind": "1 79 /tk"
    },
    {
     "product": "Valge-sinihallitusjuust, 150 g",
     "url": "https://www.prismamarket.ee/entry/17149/valge-sinihallitusjuust--150-g/6414893385757",
     "hind": "1 79 /tk"
    },
    {
     "product": "Bavaria blu sinihallitusjuust, 175 g",
     "url": "https://www.prismamarket.ee/entry/17149/bavaria-blu-sinihallitusjuust--175-g/4006402020413",
     "hind": "2 59 /tk"
    },
    {
     "product": "Camembert valgehallitusjuust, 125 g",
     "url": "https://www.prismamarket.ee/entry/17149/camembert-valgehallitusjuust--125-g/3523230016049",
     "hind": "1 49 /tk"
    },
    {
     "product": "Brie valgehallitusjuust, 125 g",
     "url": "https://www.prismamarket.ee/entry/17149/brie-valgehallitusjuust--125-g/5906207520073",
     "hind": "1 85 /tk"
    },
    {
     "product": "Camembert juust pähklitega, 120 g",
     "url": "https://www.prismamarket.ee/entry/17149/camembert-juust-pahklitega--120-g/5906207370074",
     "hind": "1 95 /tk"
    },
    {
     "product": "Halloumi juust, 200 g",
     "url": "https://www.prismamarket.ee/entry/17149/halloumi-juust--200-g/6416710300349",
     "hind": "3 49 /tk"
    },
    {
     "product": "Bavariu blu sinihallitusjuust, 150 g",
     "url": "https://www.prismamarket.ee/entry/17149/bavariu-blu-sinihallitusjuust--150-g/4006402025128",
     "hind": "2 45 /tk"
    },
    {
     "product": "Valgehallitusjuust, 150 g",
     "url": "https://www.prismamarket.ee/entry/17149/valgehallitusjuust--150-g/6414893385733",
     "hind": "1 85 /tk"
    },
    {
     "product": "Sinihallitusjuust, 150 g",
     "url": "https://www.prismamarket.ee/entry/17149/sinihallitusjuust--150-g/5740200001012",
     "hind": "2 39 /tk"
    },
    {
     "product": "Sulatatud suitsujuustu sigar, 200 g",
     "url": "https://www.prismamarket.ee/entry/17149/sulatatud-suitsujuustu-sigar--200-g/4740142002185",
     "hind": "2 60 /tk"
    },
    {
     "product": "Brie valgehallitusjuust, 200 g",
     "url": "https://www.prismamarket.ee/entry/17149/brie-valgehallitusjuust--200-g/3228020232028",
     "hind": "2 89 /tk"
    },
    {
     "product": "Juustuampsud 200 g",
     "url": "https://www.prismamarket.ee/entry/17149/juustuampsud-200-g/4740153510143",
     "hind": "2 19 /tk"
    },
    {
     "product": "Puna-valgehallitusjuust, 150 g",
     "url": "https://www.prismamarket.ee/entry/17149/puna-valgehallitusjuust--150-g/5740200005164",
     "hind": "2 39 /tk"
    },
    {
     "product": "Rebitavad juustupulgad, 120 g",
     "url": "https://www.prismamarket.ee/entry/17149/rebitavad-juustupulgad--120-g/4770275048705",
     "hind": "1 45 /tk"
    },
    {
     "product": "Rebitavad juustupulgad, 280 g",
     "url": "https://www.prismamarket.ee/entry/17149/rebitavad-juustupulgad--280-g/4770299046398",
     "hind": "3 59 /tk"
    },
    {
     "product": "Baieri valgehallitusjuust jalopeno ja paprikaga, 150 g",
     "url": "https://www.prismamarket.ee/entry/17149/baieri-valgehallitusjuust-jalopeno-ja-paprikaga--150-g/4003655032668",
     "hind": "1 89 /tk"
    },
    {
     "product": "Baieri sini-valgehallitusjuust, 150 g",
     "url": "https://www.prismamarket.ee/entry/17149/baieri-sini-valgehallitusjuust--150-g/4003655032651",
     "hind": "1 89 /tk"
    },
    {
     "product": "Baieri valgehallitusjuust, 150 g",
     "url": "https://www.prismamarket.ee/entry/17149/baieri-valgehallitusjuust--150-g/4003655032637",
     "hind": "1 89 /tk"
    },
    {
     "product": "Grilljuust, 250 g",
     "url": "https://www.prismamarket.ee/entry/17149/grilljuust--250-g/7340011486831",
     "hind": "2 79 /tk"
    },
    {
     "product": "Valgehallitusjuust tšilliga, 150 g",
     "url": "https://www.prismamarket.ee/entry/17149/valgehallitusjuust-tsilliga--150-g/5711953036583",
     "hind": "2 39 /tk"
    },
    {
     "product": "Gorgonzola Dolce juust, 150 g",
     "url": "https://www.prismamarket.ee/entry/17149/gorgonzola-dolce-juust--150-g/8021398443882",
     "hind": "2 99 /tk"
    },
    {
     "product": "Forte Classico juustusnäkid, 100 g",
     "url": "https://www.prismamarket.ee/entry/17149/forte-classico-juustusnakid--100-g/4740553698144",
     "hind": "1 75 /tk"
    },
    {
     "product": "Kitsepiimajuust, 400 g",
     "url": "https://www.prismamarket.ee/entry/17149/kitsepiimajuust--400-g/3523230023139",
     "hind": "5 69 /tk"
    },
    {
     "product": "Sinihallitusjuustu viilud, 100 g",
     "url": "https://www.prismamarket.ee/entry/17149/sinihallitusjuustu-viilud--100-g/5907070006121",
     "hind": "1 55 /tk"
    },
    {
     "product": "Valgehallitusjuust, 150 g",
     "url": "https://www.prismamarket.ee/entry/17149/valgehallitusjuust--150-g/5740200017013",
     "hind": "2 39 /tk"
    },
    {
     "product": "Seltskonna juustuampsud päikesekuivatatud tomatitega, 200 g",
     "url": "https://www.prismamarket.ee/entry/17149/seltskonna-juustuampsud-paikesekuivatatud-tomatitega--200-g/4740153510020",
     "hind": "2 19 /tk"
    },
    {
     "product": "Seltskonna juustuampsud koduaia ürtidega, 200 g",
     "url": "https://www.prismamarket.ee/entry/17149/seltskonna-juustuampsud-koduaia-urtidega--200-g/4740153510037",
     "hind": "2 19 /tk"
    },
    {
     "product": "Rebitavad juustupulgad Kids, 140 g",
     "url": "https://www.prismamarket.ee/entry/17149/rebitavad-juustupulgad-kids--140-g/4770299390606",
     "hind": "1 99 /tk"
    },
    {
     "product": "Suitsujuustupats, 200 g",
     "url": "https://www.prismamarket.ee/entry/17149/suitsujuustupats--200-g/4740515888675",
     "hind": "4 95 /tk"
    },
    {
     "product": "Valgehallitusjuust kitsepiimast, 180 g",
     "url": "https://www.prismamarket.ee/entry/17149/valgehallitusjuust-kitsepiimast--180-g/6414893385979",
     "hind": "2 69 /tk"
    },
    {
     "product": "Küüslaugumaitseline sulatatud suitsujuustu snäkk, 150 g",
     "url": "https://www.prismamarket.ee/entry/17149/kuuslaugumaitseline-sulatatud-suitsujuustu-snakk--150-g/4740142004462",
     "hind": "1 69 /tk"
    },
    {
     "product": "Brie valgehallitusjuust, 180 g",
     "url": "https://www.prismamarket.ee/entry/17149/brie-valgehallitusjuust--180-g/3412290047059",
     "hind": "2 79 /tk"
    },
    {
     "product": "Lapimaa juust, 220 g",
     "url": "https://www.prismamarket.ee/entry/17149/lapimaa-juust--220-g/6405778630000",
     "hind": "2 99 /tk"
    },
    {
     "product": "Kõvajuust, laagerdunud 18 kuud, 100 g",
     "url": "https://www.prismamarket.ee/entry/17149/kovajuust--laagerdunud-18-kuud--100-g/4770299390576",
     "hind": "2 09 /tk"
    },
    {
     "product": "Kõvajuust, laagerdunud 12 kuud, 100 g",
     "url": "https://www.prismamarket.ee/entry/17149/kovajuust--laagerdunud-12-kuud--100-g/4770299390583",
     "hind": "1 89 /tk"
    },
    {
     "product": "Sinihallitusjuust, 125 g",
     "url": "https://www.prismamarket.ee/entry/17149/sinihallitusjuust--125-g/7340011473916",
     "hind": "1 49 /tk"
    },
    {
     "product": "Camembert juust, 120 g",
     "url": "https://www.prismamarket.ee/entry/17149/camembert-juust--120-g/5906207510074",
     "hind": "1 95 /tk"
    },
    {
     "product": "Sinihallitusjuust Niva 110 g",
     "url": "https://www.prismamarket.ee/entry/17149/sinihallitusjuust-niva-110-g/8593803336343",
     "hind": "0 89 /tk"
    },
    {
     "product": "Grill-ja praejuust, 200 g",
     "url": "https://www.prismamarket.ee/entry/17149/grill-ja-praejuust--200-g/4740153301062",
     "hind": "2 49 /tk"
    },
    {
     "product": "Valgehallitusjuust kitsepiimast, 120 g",
     "url": "https://www.prismamarket.ee/entry/17149/valgehallitusjuust-kitsepiimast--120-g/4740187000085",
     "hind": "3 49 /tk"
    },
    {
     "product": "Meze grilljuust lehmapiimast, 200 g",
     "url": "https://www.prismamarket.ee/entry/17149/meze-grilljuust-lehmapiimast--200-g/5202178007897",
     "hind": "2 59 /tk"
    },
    {
     "product": "Halloumi grilljuust, 200 g",
     "url": "https://www.prismamarket.ee/entry/17149/halloumi-grilljuust--200-g/6414893385597",
     "hind": "2 75 /tk"
    },
    {
     "product": "Aura sinihallitusjuust 29%, 170 g",
     "url": "https://www.prismamarket.ee/entry/17149/aura-sinihallitusjuust-29---170-g/6408430037001",
     "hind": "3 09 /tk"
    },
    {
     "product": "Roquefort sinihallitusjuust lambapiimast, 100 g",
     "url": "https://www.prismamarket.ee/entry/17149/roquefort-sinihallitusjuust-lambapiimast--100-g/3492843748008",
     "hind": "3 39 /tk"
    }
   ]
  },
  {
   "info": [
    {
     "product": "Eesti riivjuust, 200 g",
     "url": "https://www.prismamarket.ee/entry/17150/eesti-riivjuust--200-g/4740572000416",
     "hind": "0 99 /tk"
    },
    {
     "product": "Mozzarella, 125 g",
     "url": "https://www.prismamarket.ee/entry/17150/mozzarella--125-g/7340011404811",
     "hind": "0 79 /tk"
    },
    {
     "product": "Mozzarella kirsid 125 g",
     "url": "https://www.prismamarket.ee/entry/17150/mozzarella-kirsid-125-g/4740588001018",
     "hind": "1 19 /tk"
    },
    {
     "product": "Juust Itaallane, 150 g",
     "url": "https://www.prismamarket.ee/entry/17150/juust-itaallane--150-g/4740311000202",
     "hind": "2 49 /tk"
    },
    {
     "product": "Pizzariiv, 200 g",
     "url": "https://www.prismamarket.ee/entry/17150/pizzariiv--200-g/4740311000134",
     "hind": "1 19 /tk"
    },
    {
     "product": "Eesti riivjuust, 250 g",
     "url": "https://www.prismamarket.ee/entry/17150/eesti-riivjuust--250-g/4740142000280",
     "hind": "1 69 /tk"
    },
    {
     "product": "Köögi toorjuust, 400 g",
     "url": "https://www.prismamarket.ee/entry/17150/koogi-toorjuust--400-g/4740113034849",
     "hind": "2 99 /tk"
    },
    {
     "product": "Riivjuust, 200 g",
     "url": "https://www.prismamarket.ee/entry/17150/riivjuust--200-g/4740153594211",
     "hind": "1 49 /tk"
    },
    {
     "product": "Pitsariiv, 500 g",
     "url": "https://www.prismamarket.ee/entry/17150/pitsariiv--500-g/7340011300755",
     "hind": "2 45 /tk"
    },
    {
     "product": "Fitaki juust Original, 500 g",
     "url": "https://www.prismamarket.ee/entry/17150/fitaki-juust-original--500-g/4000504251225",
     "hind": "3 39 /tk"
    },
    {
     "product": "Mozzarella riivjuust, 175 g",
     "url": "https://www.prismamarket.ee/entry/17150/mozzarella-riivjuust--175-g/6414893385535",
     "hind": "1 39 /tk"
    },
    {
     "product": "Juustulaastud, 150 g",
     "url": "https://www.prismamarket.ee/entry/17150/juustulaastud--150-g/7340011436904",
     "hind": "1 95 /tk"
    },
    {
     "product": "Forte Speciale juust, 180 g",
     "url": "https://www.prismamarket.ee/entry/17150/forte-speciale-juust--180-g/4740553698014",
     "hind": "3 19 /tk"
    },
    {
     "product": "Feta juust, 200 g",
     "url": "https://www.prismamarket.ee/entry/17150/feta-juust--200-g/6414893385634",
     "hind": "1 99 /tk"
    },
    {
     "product": "Suitsutatud Kadaka riivjuust, 200 g",
     "url": "https://www.prismamarket.ee/entry/17150/suitsutatud-kadaka-riivjuust--200-g/4740153410054",
     "hind": "1 59 /tk"
    },
    {
     "product": "Juust Parmigiano Reggiano, 125 g",
     "url": "https://www.prismamarket.ee/entry/17150/juust-parmigiano-reggiano--125-g/80390800",
     "hind": "4 89 /tk"
    },
    {
     "product": "Sinihallitusjuust, 150 g",
     "url": "https://www.prismamarket.ee/entry/17150/sinihallitusjuust--150-g/6414893385719",
     "hind": "1 89 /tk"
    },
    {
     "product": "Atleet Cheddari riivjuust, 200 g",
     "url": "https://www.prismamarket.ee/entry/17150/atleet-cheddari-riivjuust--200-g/4740553690131",
     "hind": "1 39 /tk"
    },
    {
     "product": "Mozzarella juust Zottarella, 125 g",
     "url": "https://www.prismamarket.ee/entry/17150/mozzarella-juust-zottarella--125-g/4014500504407",
     "hind": "1 39 /tk"
    },
    {
     "product": "Quattrocento kõvajuust, 150 g",
     "url": "https://www.prismamarket.ee/entry/17150/quattrocento-kovajuust--150-g/8002670353006",
     "hind": "2 69 /tk"
    },
    {
     "product": "Kuiv riivjuust, 80 g",
     "url": "https://www.prismamarket.ee/entry/17150/kuiv-riivjuust--80-g/8006207000081",
     "hind": "1 79 /tk"
    },
    {
     "product": "SALATIJUUSTUKUUBIKUD 200G",
     "url": "https://www.prismamarket.ee/entry/17150/salatijuustukuubikud-200g/5760466867429",
     "hind": "2 89 /tk"
    },
    {
     "product": "Mozzarella 250 g",
     "url": "https://www.prismamarket.ee/entry/17150/mozzarella-250-g/4740572005350",
     "hind": "1 89 /tk"
    },
    {
     "product": "Riivjuust 400 g",
     "url": "https://www.prismamarket.ee/entry/17150/riivjuust-400-g/4740153410078",
     "hind": "2 39 /tk"
    },
    {
     "product": "Kreeka salati veganpala soolvees 150 g",
     "url": "https://www.prismamarket.ee/entry/17150/kreeka-salati-veganpala-soolvees-150-g/4056924002770",
     "hind": "4 99 /tk"
    },
    {
     "product": "Forte Classico kõva itaaliapärane juust, 180 g",
     "url": "https://www.prismamarket.ee/entry/17150/forte-classico-kova-itaaliaparane-juust--180-g/4740553698113",
     "hind": "2 49 /tk"
    },
    {
     "product": "Forte Superiore kõva itaaliapärane juust, 180 g",
     "url": "https://www.prismamarket.ee/entry/17150/forte-superiore-kova-itaaliaparane-juust--180-g/4740553698120",
     "hind": "2 79 /tk"
    },
    {
     "product": "Forte Classico riivjuust, 80 g",
     "url": "https://www.prismamarket.ee/entry/17150/forte-classico-riivjuust--80-g/4740553698137",
     "hind": "1 45 /tk"
    },
    {
     "product": "Forte Classico juustulaastud, 100 g",
     "url": "https://www.prismamarket.ee/entry/17150/forte-classico-juustulaastud--100-g/4740553698151",
     "hind": "1 75 /tk"
    },
    {
     "product": "Mascarpone, 250 g",
     "url": "https://www.prismamarket.ee/entry/17150/mascarpone--250-g/6414893386662",
     "hind": "1 79 /tk"
    },
    {
     "product": "Salatijuust õlis, 300 g",
     "url": "https://www.prismamarket.ee/entry/17150/salatijuust-olis--300-g/7340011445630",
     "hind": "1 99 /tk"
    },
    {
     "product": "Mozzarella, 125 g",
     "url": "https://www.prismamarket.ee/entry/17150/mozzarella--125-g/8002670004205",
     "hind": "1 25 /tk"
    },
    {
     "product": "Mascarpone, 250 g",
     "url": "https://www.prismamarket.ee/entry/17150/mascarpone--250-g/8002670002720",
     "hind": "2 05 /tk"
    },
    {
     "product": "Salatijuustupala, 200 g",
     "url": "https://www.prismamarket.ee/entry/17150/salatijuustupala--200-g/5760466642019",
     "hind": "1 99 /tk"
    },
    {
     "product": "Salatijuust, 200 g",
     "url": "https://www.prismamarket.ee/entry/17150/salatijuust--200-g/7340011432678",
     "hind": "1 35 /tk"
    },
    {
     "product": "Ürdi-vürtsi juustusnäkid õlis, 100 g",
     "url": "https://www.prismamarket.ee/entry/17150/urdi-vurtsi-juustusnakid-olis--100-g/5711953014451",
     "hind": "1 95 /tk"
    },
    {
     "product": "Oliivi-küüslaugu juustusnäkid õlis, 100 g",
     "url": "https://www.prismamarket.ee/entry/17150/oliivi-kuuslaugu-juustusnakid-olis--100-g/5760466987783",
     "hind": "1 95 /tk"
    },
    {
     "product": "Päikesekuivatatud tomati juustusnäkid õlis, 100 g",
     "url": "https://www.prismamarket.ee/entry/17150/paikesekuivatatud-tomati-juustusnakid-olis--100-g/5760466987806",
     "hind": "1 95 /tk"
    },
    {
     "product": "Atleet riivjuust küpsetistele, 200 g",
     "url": "https://www.prismamarket.ee/entry/17150/atleet-riivjuust-kupsetistele--200-g/4740553690032",
     "hind": "1 49 /tk"
    },
    {
     "product": "Atleet riivjuust pastale, 200 g",
     "url": "https://www.prismamarket.ee/entry/17150/atleet-riivjuust-pastale--200-g/4740553690025",
     "hind": "1 49 /tk"
    },
    {
     "product": "Fitaki juust Original, 200 g",
     "url": "https://www.prismamarket.ee/entry/17150/fitaki-juust-original--200-g/4000504256824",
     "hind": "1 89 /tk"
    },
    {
     "product": "Gran Castelli riivjuust, 50 g",
     "url": "https://www.prismamarket.ee/entry/17150/gran-castelli-riivjuust--50-g/8001868067930",
     "hind": "0 79 /tk"
    },
    {
     "product": "Riivjuust Parmigiano Reggiano, laagerdatud 14 kuud, 60 g",
     "url": "https://www.prismamarket.ee/entry/17150/riivjuust-parmigiano-reggiano--laagerdatud-14-kuud--60-g/8010721001509",
     "hind": "1 89 /tk"
    },
    {
     "product": "Toorjuust, 400 g",
     "url": "https://www.prismamarket.ee/entry/17150/toorjuust--400-g/4740572004810",
     "hind": "2 59 /tk"
    },
    {
     "product": "Parmigiano Reggiano riivjuust, 70 g",
     "url": "https://www.prismamarket.ee/entry/17150/parmigiano-reggiano-riivjuust--70-g/8001868002917",
     "hind": "1 55 /tk"
    },
    {
     "product": "Eesti riivjuust, 500 g",
     "url": "https://www.prismamarket.ee/entry/17150/eesti-riivjuust--500-g/4740553690087",
     "hind": "3 75 /tk"
    },
    {
     "product": "Salatijuustukuubikud, 150 g",
     "url": "https://www.prismamarket.ee/entry/17150/salatijuustukuubikud--150-g/6414893385214",
     "hind": "1 45 /tk"
    },
    {
     "product": "Kõva juust Piquant, 18 kuud, 180 g",
     "url": "https://www.prismamarket.ee/entry/17150/kova-juust-piquant--18-kuud--180-g/4770299047883",
     "hind": "3 69 /tk"
    },
    {
     "product": "Kõva juust Mild, 12 kuud, 180 g",
     "url": "https://www.prismamarket.ee/entry/17150/kova-juust-mild--12-kuud--180-g/4770299047890",
     "hind": "3 39 /tk"
    },
    {
     "product": "Bresto juust, 200 g",
     "url": "https://www.prismamarket.ee/entry/17150/bresto-juust--200-g/4740142002635",
     "hind": "1 99 /tk"
    },
    {
     "product": "Forte Classico juust, 500 g",
     "url": "https://www.prismamarket.ee/entry/17150/forte-classico-juust--500-g/4740553698199",
     "hind": "6 89 /tk"
    },
    {
     "product": "Piimameister Otto toorjuust vaniljega 400 g",
     "url": "https://www.prismamarket.ee/entry/17150/piimameister-otto-toorjuust-vaniljega-400-g/4740572005800",
     "hind": "2 39 /tk"
    },
    {
     "product": "Gran Regale juust, 180 g",
     "url": "https://www.prismamarket.ee/entry/17150/gran-regale-juust--180-g/4740553695761",
     "hind": "2 79 /tk"
    },
    {
     "product": "Mozzarella kirsid basiilikuga 125 g",
     "url": "https://www.prismamarket.ee/entry/17150/mozzarella-kirsid-basiilikuga-125-g/4740572004575",
     "hind": "1 19 /tk"
    },
    {
     "product": "Valge juust ürtidega 220 g",
     "url": "https://www.prismamarket.ee/entry/17150/valge-juust-urtidega-220-g/4740464150021",
     "hind": "2 69 /tk"
    },
    {
     "product": "Juust Parmigiano Reggiano, 24 kuud, 150 g",
     "url": "https://www.prismamarket.ee/entry/17150/juust-parmigiano-reggiano--24-kuud--150-g/8010721002049",
     "hind": "5 69 /tk"
    },
    {
     "product": "Juust Parmigiano Reggiano, 30 kuud, 150 g",
     "url": "https://www.prismamarket.ee/entry/17150/juust-parmigiano-reggiano--30-kuud--150-g/8010721997048",
     "hind": "6 99 /tk"
    }
   ]
  }
 ]
}