{
 "name": "PIIM",
 "tooted": [
  {
   "info": [
    {
     "product": "Maitsestamata jogurt 2,5%, 380 g",
     "url": "https://www.prismamarket.ee/entry/17097/maitsestamata-jogurt-2-5---380-g/4740125536096",
     "hind": "1 15 /tk"
    },
    {
     "product": "Muah! rukkileiva-kaneeli koorejogurt, 380 g",
     "url": "https://www.prismamarket.ee/entry/17097/muah--rukkileiva-kaneeli-koorejogurt--380-g/4740125535815",
     "hind": "1 25 /tk"
    },
    {
     "product": "Mango jogurtikreem, 400 g",
     "url": "https://www.prismamarket.ee/entry/17097/mango-jogurtikreem--400-g/4742231004049",
     "hind": "1 09 /tk"
    },
    {
     "product": "Jäätisemaitseline jogurt šokolaadiriisikuulidega, 145 g",
     "url": "https://www.prismamarket.ee/entry/17097/jaatisemaitseline-jogurt-sokolaadiriisikuulidega--145-g/4740065013237",
     "hind": "0 67 /tk"
    },
    {
     "product": "Šokolaadirõngastega jogurt, 150 g",
     "url": "https://www.prismamarket.ee/entry/17097/sokolaadirongastega-jogurt--150-g/4740125539059",
     "hind": "0 75 /tk"
    },
    {
     "product": "LaCrema rammus põldmarja koorejogurt, 150 g",
     "url": "https://www.prismamarket.ee/entry/17097/lacrema-rammus-poldmarja-koorejogurt--150-g/4740036011071",
     "hind": "0 69 /tk"
    },
    {
     "product": "Ahjuõuna koorene jogurtikreem, 400 g",
     "url": "https://www.prismamarket.ee/entry/17097/ahjuouna-koorene-jogurtikreem--400-g/4742231004124",
     "hind": "1 09 /tk"
    },
    {
     "product": "Mandlitükkide ja šokolaadiga jogurt, 150 g",
     "url": "https://www.prismamarket.ee/entry/17097/mandlitukkide-ja-sokolaadiga-jogurt--150-g/4740125539042",
     "hind": "0 75 /tk"
    },
    {
     "product": "LaCrema rammus mandariini-mee koorejogurt, 150 g",
     "url": "https://www.prismamarket.ee/entry/17097/lacrema-rammus-mandariini-mee-koorejogurt--150-g/4740036011064",
     "hind": "0 69 /tk"
    },
    {
     "product": "Banaani-maasika joogijogurt, 1 kg",
     "url": "https://www.prismamarket.ee/entry/17097/banaani-maasika-joogijogurt--1-kg/4740125510072",
     "hind": "1 09 /tk"
    },
    {
     "product": "Metsmaasikajogurt, 1 kg",
     "url": "https://www.prismamarket.ee/entry/17097/metsmaasikajogurt--1-kg/4740125521023",
     "hind": "1 25 /tk"
    },
    {
     "product": "LaCrema maitsestamata jogurt, 380 g",
     "url": "https://www.prismamarket.ee/entry/17097/lacrema-maitsestamata-jogurt--380-g/4740036009238",
     "hind": "1 09 /tk"
    },
    {
     "product": "Zottis puuviljadega piimadessert, 115 g",
     "url": "https://www.prismamarket.ee/entry/17097/zottis-puuviljadega-piimadessert--115-g/40338576",
     "hind": "0 27 /tk"
    },
    {
     "product": "Koorene jogurt mustade kirssidega, 400 g",
     "url": "https://www.prismamarket.ee/entry/17097/koorene-jogurt-mustade-kirssidega--400-g/4740113034283",
     "hind": "0 99 /tk"
    },
    {
     "product": "Koorejogurt, erinevad maitsed, 150 g",
     "url": "https://www.prismamarket.ee/entry/17097/koorejogurt--erinevad-maitsed--150-g/4002334107673",
     "hind": "0 85 /tk"
    },
    {
     "product": "Maitsestamata jogurt 2,5%, 1 kg",
     "url": "https://www.prismamarket.ee/entry/17097/maitsestamata-jogurt-2-5---1-kg/4740125521108",
     "hind": "1 49 /tk"
    },
    {
     "product": "Vaarika-kirsi joogijogurt, 1 kg",
     "url": "https://www.prismamarket.ee/entry/17097/vaarika-kirsi-joogijogurt--1-kg/4740125510065",
     "hind": "1 09 /tk"
    },
    {
     "product": "Virsiku-papaia jogurt, 380 g",
     "url": "https://www.prismamarket.ee/entry/17097/virsiku-papaia-jogurt--380-g/4740125536171",
     "hind": "1 15 /tk"
    },
    {
     "product": "Activia jogurt 4x120g, kirsi",
     "url": "https://www.prismamarket.ee/entry/17097/activia-jogurt-4x120g--kirsi/4751008970500",
     "hind": "1 95 /tk"
    },
    {
     "product": "Jogurtijook 8x100g, metsamarja",
     "url": "https://www.prismamarket.ee/entry/17097/jogurtijook-8x100g--metsamarja/5410146410581",
     "hind": "2 49 /tk"
    },
    {
     "product": "Koorejogurt, erinevad maitsed, 150 g",
     "url": "https://www.prismamarket.ee/entry/17097/koorejogurt--erinevad-maitsed--150-g/4014500059617",
     "hind": "0 69 /tk"
    },
    {
     "product": "Koorene mustikajogurt, 400 g",
     "url": "https://www.prismamarket.ee/entry/17097/koorene-mustikajogurt--400-g/4740113034276",
     "hind": "0 99 /tk"
    },
    {
     "product": "Metsamarja jogurtijook, 4 x 100 g",
     "url": "https://www.prismamarket.ee/entry/17097/metsamarja-jogurtijook--4-x-100-g/4740036009795",
     "hind": "1 49 /tk"
    },
    {
     "product": "Activia jogurt 4x120g, maasika",
     "url": "https://www.prismamarket.ee/entry/17097/activia-jogurt-4x120g--maasika/4751008970494",
     "hind": "1 95 /tk"
    },
    {
     "product": "Koorejogurt, erinevad maitsed, 150 g",
     "url": "https://www.prismamarket.ee/entry/17097/koorejogurt--erinevad-maitsed--150-g/4002334117542",
     "hind": "0 85 /tk"
    },
    {
     "product": "Mustikajogurt, 380 g",
     "url": "https://www.prismamarket.ee/entry/17097/mustikajogurt--380-g/4740125536164",
     "hind": "1 15 /tk"
    },
    {
     "product": "Activia jogurt 4x120g, mustika",
     "url": "https://www.prismamarket.ee/entry/17097/activia-jogurt-4x120g--mustika/4751008970791",
     "hind": "1 95 /tk"
    },
    {
     "product": "Maitsestamata mahejogurt, 250 ml",
     "url": "https://www.prismamarket.ee/entry/17097/maitsestamata-mahejogurt--250-ml/4743135000755",
     "hind": "0 69 /tk"
    },
    {
     "product": "Maasika jogurtijook, 4 x 100 g",
     "url": "https://www.prismamarket.ee/entry/17097/maasika-jogurtijook--4-x-100-g/4740036009818",
     "hind": "1 49 /tk"
    },
    {
     "product": "Jogurtijook 4x100g, maasika",
     "url": "https://www.prismamarket.ee/entry/17097/jogurtijook-4x100g--maasika/47500884",
     "hind": "1 89 /tk"
    },
    {
     "product": "Jogurtijook 4x100g, metsamarja",
     "url": "https://www.prismamarket.ee/entry/17097/jogurtijook-4x100g--metsamarja/47500914",
     "hind": "1 89 /tk"
    },
    {
     "product": "Jogurtijook 4x100g, puuvilja",
     "url": "https://www.prismamarket.ee/entry/17097/jogurtijook-4x100g--puuvilja/47500891",
     "hind": "1 89 /tk"
    },
    {
     "product": "Maitsestamata kreeka jogurt, 180 g",
     "url": "https://www.prismamarket.ee/entry/17097/maitsestamata-kreeka-jogurt--180-g/4740125531206",
     "hind": "0 75 /tk"
    },
    {
     "product": "Kurgi-õuna kreeka jogurtijook, 275 g",
     "url": "https://www.prismamarket.ee/entry/17097/kurgi-ouna-kreeka-jogurtijook--275-g/4740125582024",
     "hind": "0 89 /tk"
    },
    {
     "product": "Mango-maasika kreeka jogurtijook, 275 g",
     "url": "https://www.prismamarket.ee/entry/17097/mango-maasika-kreeka-jogurtijook--275-g/4740125582000",
     "hind": "0 89 /tk"
    },
    {
     "product": "Mango joogijogurt, 900 g",
     "url": "https://www.prismamarket.ee/entry/17097/mango-joogijogurt--900-g/4740125525243",
     "hind": "1 08 /tk"
    },
    {
     "product": "Aprikoosimoosi ja jõhvikamüsliga kreeka jogurt, 150 g",
     "url": "https://www.prismamarket.ee/entry/17097/aprikoosimoosi-ja-johvikamusliga-kreeka-jogurt--150-g/4740036013167",
     "hind": "0 79 /tk"
    },
    {
     "product": "Vaarikamoosi ja jõhvikamüsliga kreeka jogurt, 150 g",
     "url": "https://www.prismamarket.ee/entry/17097/vaarikamoosi-ja-johvikamusliga-kreeka-jogurt--150-g/4740036013150",
     "hind": "0 79 /tk"
    },
    {
     "product": "Mustikamoosi ja jõhvikamüsliga kreeka jogurt, 150 g",
     "url": "https://www.prismamarket.ee/entry/17097/mustikamoosi-ja-johvikamusliga-kreeka-jogurt--150-g/4740036013143",
     "hind": "0 79 /tk"
    },
    {
     "product": "Maasika kaeravahepala, 1 l",
     "url": "https://www.prismamarket.ee/entry/17097/maasika-kaeravahepala--1-l/7394376616471",
     "hind": "3 59 /tk"
    },
    {
     "product": "Hapendatud maitsestamata kaeravahepala, 1 l",
     "url": "https://www.prismamarket.ee/entry/17097/hapendatud-maitsestamata-kaeravahepala--1-l/7394376616068",
     "hind": "3 15 /tk"
    },
    {
     "product": "Põldmarjadega skyr, 150 g",
     "url": "https://www.prismamarket.ee/entry/17097/poldmarjadega-skyr--150-g/4740113092191",
     "hind": "0 89 /tk"
    },
    {
     "product": "Metsamarjajogurt, ME-3 bakteriga, 350 g",
     "url": "https://www.prismamarket.ee/entry/17097/metsamarjajogurt--me-3-bakteriga--350-g/4740036013280",
     "hind": "0 89 /tk"
    },
    {
     "product": "Jogurtijook 12x100g, maasika-mustika",
     "url": "https://www.prismamarket.ee/entry/17097/jogurtijook-12x100g--maasika-mustika/5900643038048",
     "hind": "4 35 /tk"
    },
    {
     "product": "Mustika-maasikasmuuti, 300 g",
     "url": "https://www.prismamarket.ee/entry/17097/mustika-maasikasmuuti--300-g/4740218002323",
     "hind": "1 19 /tk"
    },
    {
     "product": "Maitsestamata sojatoode, 400 g",
     "url": "https://www.prismamarket.ee/entry/17097/maitsestamata-sojatoode--400-g/5411188121213",
     "hind": "1 95 /tk"
    },
    {
     "product": "Maitsestamata jogurt, 1 kg",
     "url": "https://www.prismamarket.ee/entry/17097/maitsestamata-jogurt--1-kg/6415712614485",
     "hind": "1 19 /tk"
    },
    {
     "product": "Mango-banaani-chia jogurt, 380 g",
     "url": "https://www.prismamarket.ee/entry/17097/mango-banaani-chia-jogurt--380-g/4740125536232",
     "hind": "1 15 /tk"
    },
    {
     "product": "Ahjuõuna skyr, 150 g",
     "url": "https://www.prismamarket.ee/entry/17097/ahjuouna-skyr--150-g/4740113092528",
     "hind": "0 89 /tk"
    },
    {
     "product": "Jäätisemaitseline jogurt kommidega, 145 g",
     "url": "https://www.prismamarket.ee/entry/17097/jaatisemaitseline-jogurt-kommidega--145-g/4740036013709",
     "hind": "0 67 /tk"
    },
    {
     "product": "Metsamarja proteiinijogurtijook, 275 g",
     "url": "https://www.prismamarket.ee/entry/17097/metsamarja-proteiinijogurtijook--275-g/4740125582130",
     "hind": "1 49 /tk"
    },
    {
     "product": "Metsmaasika kreeka jogurtijook, 275 g",
     "url": "https://www.prismamarket.ee/entry/17097/metsmaasika-kreeka-jogurtijook--275-g/4740125582048",
     "hind": "0 89 /tk"
    },
    {
     "product": "Toorpuder kirsi ja odrahelvestega, 170g",
     "url": "https://www.prismamarket.ee/entry/17097/toorpuder-kirsi-ja-odrahelvestega--170g/4740153109026",
     "hind": "0 89 /tk"
    },
    {
     "product": "Muah! creme-brulee koorejogurt, 380 g",
     "url": "https://www.prismamarket.ee/entry/17097/muah--creme-brulee-koorejogurt--380-g/4740125535839",
     "hind": "1 25 /tk"
    },
    {
     "product": "Bulgaaria jogurt, 150 g",
     "url": "https://www.prismamarket.ee/entry/17097/bulgaaria-jogurt--150-g/6414893096172",
     "hind": "0 50 /tk"
    },
    {
     "product": "Koorene mustikajogurt, 1 kg",
     "url": "https://www.prismamarket.ee/entry/17097/koorene-mustikajogurt--1-kg/4740113090272",
     "hind": "2 29 /tk"
    },
    {
     "product": "Koorene kirsijogurt, 1 kg",
     "url": "https://www.prismamarket.ee/entry/17097/koorene-kirsijogurt--1-kg/4740113090289",
     "hind": "2 29 /tk"
    },
    {
     "product": "Jogurtijuuretisega sojatoode, 500 g",
     "url": "https://www.prismamarket.ee/entry/17097/jogurtijuuretisega-sojatoode--500-g/5411188099154",
     "hind": "1 95 /tk"
    },
    {
     "product": "Metsamarja joogijogurt, 900 g",
     "url": "https://www.prismamarket.ee/entry/17097/metsamarja-joogijogurt---900-g/4740125525236",
     "hind": "1 19 /tk"
    },
    {
     "product": "Muah! stracciatella koorejogurt, 380 g",
     "url": "https://www.prismamarket.ee/entry/17097/muah--stracciatella-koorejogurt--380-g/4740125535853",
     "hind": "1 25 /tk"
    },
    {
     "product": "Banaani-maasika-kiivi jogurtismuuti, 275 g",
     "url": "https://www.prismamarket.ee/entry/17097/banaani-maasika-kiivi-jogurtismuuti--275-g/4740125582703",
     "hind": "0 89 /tk"
    },
    {
     "product": "Kreeka jogurt 10%, 380 g",
     "url": "https://www.prismamarket.ee/entry/17097/kreeka-jogurt-10---380-g/4742231004551",
     "hind": "0 95 /tk"
    },
    {
     "product": "Vaarika-granaatõuna jogurtikreem, 400 g",
     "url": "https://www.prismamarket.ee/entry/17097/vaarika-granaatouna-jogurtikreem--400-g/4742231004568",
     "hind": "1 09 /tk"
    },
    {
     "product": "Kookosega sojatoode, 500 g",
     "url": "https://www.prismamarket.ee/entry/17097/kookosega-sojatoode--500-g/5411188119098",
     "hind": "1 99 /tk"
    },
    {
     "product": "Mustikatega skyr, 150 g",
     "url": "https://www.prismamarket.ee/entry/17097/mustikatega-skyr--150-g/4740113091101",
     "hind": "0 89 /tk"
    },
    {
     "product": "Maasika-mustika-vaarika jogurtismuuti, 275 g",
     "url": "https://www.prismamarket.ee/entry/17097/maasika-mustika-vaarika-jogurtismuuti--275-g/4740125582734",
     "hind": "0 89 /tk"
    },
    {
     "product": "Kreeka jogurt, 370 g",
     "url": "https://www.prismamarket.ee/entry/17097/kreeka-jogurt--370-g/4740125531213",
     "hind": "1 29 /tk"
    },
    {
     "product": "Koorene jogurt \"Polka\" maasikatega, 400 g",
     "url": "https://www.prismamarket.ee/entry/17097/koorene-jogurt--polka--maasikatega--400-g/4740113034269",
     "hind": "0 99 /tk"
    },
    {
     "product": "Metsamarja jogurtijook, 4 x 100 g",
     "url": "https://www.prismamarket.ee/entry/17097/metsamarja-jogurtijook--4-x-100-g/4740125581065",
     "hind": "1 49 /tk"
    },
    {
     "product": "Banaani-maasika jogurtijook, 4 x 100 g",
     "url": "https://www.prismamarket.ee/entry/17097/banaani-maasika-jogurtijook--4-x-100-g/4740125581089",
     "hind": "1 49 /tk"
    },
    {
     "product": "Banaanijogurt, 1 kg",
     "url": "https://www.prismamarket.ee/entry/17097/banaanijogurt--1-kg/6415712614546",
     "hind": "0 79 /tk"
    },
    {
     "product": "Metsmaasikajogurt, 1 kg",
     "url": "https://www.prismamarket.ee/entry/17097/metsmaasikajogurt--1-kg/6415712614522",
     "hind": "0 79 /tk"
    },
    {
     "product": "Vaarika-granaatõuna jogurtijook, 4 x 100 g",
     "url": "https://www.prismamarket.ee/entry/17097/vaarika-granaatouna-jogurtijook--4-x-100-g/4740125581058",
     "hind": "1 49 /tk"
    },
    {
     "product": "Ahjuõunajogurt, 200 g",
     "url": "https://www.prismamarket.ee/entry/17097/ahjuounajogurt--200-g/4740125532401",
     "hind": "0 95 /tk"
    },
    {
     "product": "Metsamarjajogurt rukkikamaga, 380 g",
     "url": "https://www.prismamarket.ee/entry/17097/metsamarjajogurt-rukkikamaga--380-g/4740113091583",
     "hind": "1 09 /tk"
    },
    {
     "product": "Virsikutega skyr, 150 g",
     "url": "https://www.prismamarket.ee/entry/17097/virsikutega-skyr--150-g/4740113091446",
     "hind": "0 89 /tk"
    },
    {
     "product": "Metsmaasikamaitseline kreeka jogurt, 370 g",
     "url": "https://www.prismamarket.ee/entry/17097/metsmaasikamaitseline-kreeka-jogurt--370-g/4740125531237",
     "hind": "1 29 /tk"
    },
    {
     "product": "Banaanijogurt, 150 g",
     "url": "https://www.prismamarket.ee/entry/17097/banaanijogurt--150-g/6414893095687",
     "hind": "0 35 /tk"
    },
    {
     "product": "Mango-apelsinijogurt, 150 g",
     "url": "https://www.prismamarket.ee/entry/17097/mango-apelsinijogurt--150-g/6414893096950",
     "hind": "0 35 /tk"
    },
    {
     "product": "Maasikajogurt, 150 g",
     "url": "https://www.prismamarket.ee/entry/17097/maasikajogurt--150-g/6414893148901",
     "hind": "0 35 /tk"
    },
    {
     "product": "Maitsestamata jogurt, 1 kg",
     "url": "https://www.prismamarket.ee/entry/17097/maitsestamata-jogurt--1-kg/4740125523089",
     "hind": "1 59 /tk"
    },
    {
     "product": "Maasikajogurt, 200 g",
     "url": "https://www.prismamarket.ee/entry/17097/maasikajogurt--200-g/4740125532425",
     "hind": "0 95 /tk"
    },
    {
     "product": "Kirssidega skyr, 150 g",
     "url": "https://www.prismamarket.ee/entry/17097/kirssidega-skyr--150-g/4740113091453",
     "hind": "0 89 /tk"
    },
    {
     "product": "Köögi skyr, 400 g",
     "url": "https://www.prismamarket.ee/entry/17097/koogi-skyr--400-g/4740113091415",
     "hind": "1 79 /tk"
    },
    {
     "product": "Täispiimajogurt murel, 350 g",
     "url": "https://www.prismamarket.ee/entry/17097/taispiimajogurt-murel--350-g/4740125535426",
     "hind": "1 15 /tk"
    },
    {
     "product": "Täispiimajogurt põldmarja, 350 g",
     "url": "https://www.prismamarket.ee/entry/17097/taispiimajogurt-poldmarja--350-g/4740125535433",
     "hind": "1 15 /tk"
    },
    {
     "product": "Jogurtismuuti maasika-virsiku-chia, 275 g",
     "url": "https://www.prismamarket.ee/entry/17097/jogurtismuuti-maasika-virsiku-chia---275-g/4740125582765",
     "hind": "0 89 /tk"
    },
    {
     "product": "Jogurtijoogi multipakk, 8 x 100 g",
     "url": "https://www.prismamarket.ee/entry/17097/jogurtijoogi-multipakk--8-x-100-g/4740036014591",
     "hind": "2 69 /tk"
    },
    {
     "product": "Kreeka jogurt maitsestamata, laktoosivaba 350 g",
     "url": "https://www.prismamarket.ee/entry/17097/kreeka-jogurt-maitsestamata--laktoosivaba-350-g/4740036014287",
     "hind": "1 29 /tk"
    },
    {
     "product": "Kreeka jogurt sidrun-laim, laktoosivaba 150 g",
     "url": "https://www.prismamarket.ee/entry/17097/kreeka-jogurt-sidrun-laim--laktoosivaba-150-g/4740036014263",
     "hind": "0 89 /tk"
    },
    {
     "product": "Kreeka joogijogurt granaatõuna, laktoosivaba 500 g",
     "url": "https://www.prismamarket.ee/entry/17097/kreeka-joogijogurt-granaatouna--laktoosivaba-500-g/4740036014294",
     "hind": "1 25 /tk"
    },
    {
     "product": "Kreeka joogijogurt troopiline, laktoosivaba 500 g",
     "url": "https://www.prismamarket.ee/entry/17097/kreeka-joogijogurt-troopiline--laktoosivaba-500-g/4740036014300",
     "hind": "1 25 /tk"
    },
    {
     "product": "maasika-kiivijogurt, 330 g",
     "url": "https://www.prismamarket.ee/entry/17097/maasika-kiivijogurt--330-g/4740153108012",
     "hind": "1 29 /tk"
    },
    {
     "product": "kirsijogurt, 330 g",
     "url": "https://www.prismamarket.ee/entry/17097/kirsijogurt---330-g/4740153108029",
     "hind": "1 29 /tk"
    },
    {
     "product": "õuna-pirnijogurt, 330 g",
     "url": "https://www.prismamarket.ee/entry/17097/ouna-pirnijogurt--330-g/4740153108036",
     "hind": "1 29 /tk"
    },
    {
     "product": "Activia jogurt 4x120g, metsamarja",
     "url": "https://www.prismamarket.ee/entry/17097/activia-jogurt-4x120g--metsamarja/5900643043318",
     "hind": "1 95 /tk"
    }
   ]
  },
  {
   "info": [
    {
     "product": "Pirni-vanilliviili, 200 g",
     "url": "https://www.prismamarket.ee/entry/17098/pirni-vanilliviili--200-g/6414893095892",
     "hind": "0 45 /tk"
    },
    {
     "product": "Maasikaviili, 200 g",
     "url": "https://www.prismamarket.ee/entry/17098/maasikaviili--200-g/6414893095205",
     "hind": "0 45 /tk"
    }
   ]
  },
  {
   "info": [
    {
     "product": "Zottis šokolaadidessert, 115 g",
     "url": "https://www.prismamarket.ee/entry/17099/zottis-sokolaadidessert--115-g/40338637",
     "hind": "0 29 /tk"
    },
    {
     "product": "Kakaopuding, 250 g",
     "url": "https://www.prismamarket.ee/entry/17099/kakaopuding--250-g/4740036005704",
     "hind": "0 69 /tk"
    },
    {
     "product": "Vanillipuding, 250 g",
     "url": "https://www.prismamarket.ee/entry/17099/vanillipuding--250-g/4740036005711",
     "hind": "0 69 /tk"
    },
    {
     "product": "Kirssidega riisipuder, 200 g",
     "url": "https://www.prismamarket.ee/entry/17099/kirssidega-riisipuder--200-g/4770265048050",
     "hind": "0 79 /tk"
    },
    {
     "product": "Karamelli koorekreem, 150 g",
     "url": "https://www.prismamarket.ee/entry/17099/karamelli-koorekreem--150-g/4750050010073",
     "hind": "0 79 /tk"
    },
    {
     "product": "Koorene vaniljepuding, 230 g",
     "url": "https://www.prismamarket.ee/entry/17099/koorene-vaniljepuding--230-g/4740113035976",
     "hind": "0 95 /tk"
    },
    {
     "product": "Vanilje koorekreem, 150 g",
     "url": "https://www.prismamarket.ee/entry/17099/vanilje-koorekreem--150-g/4750050010059",
     "hind": "0 79 /tk"
    },
    {
     "product": "Aprikoosidega riisipuder, 200 g",
     "url": "https://www.prismamarket.ee/entry/17099/aprikoosidega-riisipuder--200-g/4770265048043",
     "hind": "0 79 /tk"
    },
    {
     "product": "Vanillimaitseline kohupiimavorm, 250 g",
     "url": "https://www.prismamarket.ee/entry/17099/vanillimaitseline-kohupiimavorm--250-g/4740113090012",
     "hind": "1 55 /tk"
    },
    {
     "product": "Karamellipuding, 250 g",
     "url": "https://www.prismamarket.ee/entry/17099/karamellipuding--250-g/4740036005728",
     "hind": "0 69 /tk"
    },
    {
     "product": "Rosinatega kohupiimavorm, 250 g",
     "url": "https://www.prismamarket.ee/entry/17099/rosinatega-kohupiimavorm--250-g/4740113090029",
     "hind": "1 55 /tk"
    },
    {
     "product": "Koorekreem šokolaadiga 150 g",
     "url": "https://www.prismamarket.ee/entry/17099/koorekreem-sokolaadiga-150-g/4750050010066",
     "hind": "0 79 /tk"
    },
    {
     "product": "Kakao proteiinipuding, 150 g",
     "url": "https://www.prismamarket.ee/entry/17099/kakao-proteiinipuding--150-g/6414893389267",
     "hind": "0 85 /tk"
    },
    {
     "product": "Puding morello kirsilisandiga, 175 g",
     "url": "https://www.prismamarket.ee/entry/17099/puding-morello-kirsilisandiga--175-g/4742231004773",
     "hind": "1 69 /tk"
    },
    {
     "product": "Puding karamelli ja meresoolaga, 175 g",
     "url": "https://www.prismamarket.ee/entry/17099/puding-karamelli-ja-meresoolaga--175-g/4742231004766",
     "hind": "1 69 /tk"
    },
    {
     "product": "Petimaius maasika-vanilje, 150 g",
     "url": "https://www.prismamarket.ee/entry/17099/petimaius-maasika-vanilje--150-g/4740113093518",
     "hind": "0 55 /tk"
    },
    {
     "product": "Petimaius mango-aprikoosi, 150 g",
     "url": "https://www.prismamarket.ee/entry/17099/petimaius-mango-aprikoosi--150-g/4740113093525",
     "hind": "0 55 /tk"
    },
    {
     "product": "Petimaius mustsõstra-vaarika, 150 g",
     "url": "https://www.prismamarket.ee/entry/17099/petimaius-mustsostra-vaarika--150-g/4740113093532",
     "hind": "0 55 /tk"
    },
    {
     "product": "Puding vanilli, 230g",
     "url": "https://www.prismamarket.ee/entry/17099/puding-vanilli--230g/4740125534177",
     "hind": "0 75 /tk"
    },
    {
     "product": "Puding karamelli, 230g",
     "url": "https://www.prismamarket.ee/entry/17099/puding-karamelli--230g/4740125534184",
     "hind": "0 75 /tk"
    },
    {
     "product": "Puding šokolaadi-metsapähkli maitseline, 230g",
     "url": "https://www.prismamarket.ee/entry/17099/puding-sokolaadi-metsapahkli-maitseline--230g/4740125534191",
     "hind": "0 75 /tk"
    },
    {
     "product": "Riisipuder kultuurmustikaga 6% 200 g",
     "url": "https://www.prismamarket.ee/entry/17099/riisipuder-kultuurmustikaga-6--200-g/4770265218552",
     "hind": "0 79 /tk"
    },
    {
     "product": "\"Oreo\" dessert banaaniga 150 g",
     "url": "https://www.prismamarket.ee/entry/17099/-oreo--dessert-banaaniga-150-g/4740218003016",
     "hind": "1 49 /tk"
    },
    {
     "product": "Vanilli proteiinipuding, 150 g",
     "url": "https://www.prismamarket.ee/entry/17099/vanilli-proteiinipuding--150-g/4740036013440",
     "hind": "0 95 /tk"
    },
    {
     "product": "Monte šokolaadi-pähkli piimadessert, 55 g",
     "url": "https://www.prismamarket.ee/entry/17099/monte-sokolaadi-pahkli-piimadessert--55-g/4014500005966",
     "hind": "0 39 /tk"
    },
    {
     "product": "Kakaopuding vahukoorega, 200 g",
     "url": "https://www.prismamarket.ee/entry/17099/kakaopuding-vahukoorega--200-g/6414893095021",
     "hind": "0 35 /tk"
    },
    {
     "product": "Vanillipuding vahukoorega, 200 g",
     "url": "https://www.prismamarket.ee/entry/17099/vanillipuding-vahukoorega--200-g/6414893095861",
     "hind": "0 35 /tk"
    },
    {
     "product": "Koorene šokolaadipuding, 230 g",
     "url": "https://www.prismamarket.ee/entry/17099/koorene-sokolaadipuding--230-g/4740113090814",
     "hind": "0 95 /tk"
    },
    {
     "product": "Karamellkissell, 1 kg",
     "url": "https://www.prismamarket.ee/entry/17099/karamellkissell--1-kg/4740036011507",
     "hind": "1 49 /tk"
    },
    {
     "product": "Maasika riisipuding, 175 g",
     "url": "https://www.prismamarket.ee/entry/17099/maasika-riisipuding--175-g/7340011457138",
     "hind": "0 65 /tk"
    },
    {
     "product": "Kakao proteiinipuding, 150 g",
     "url": "https://www.prismamarket.ee/entry/17099/kakao-proteiinipuding--150-g/4740036013426",
     "hind": "0 95 /tk"
    },
    {
     "product": "Soolakaramelli proteiinpuding, 150 g",
     "url": "https://www.prismamarket.ee/entry/17099/soolakaramelli-proteiinpuding--150-g/4740036013433",
     "hind": "0 95 /tk"
    },
    {
     "product": "Maasikatega mannapuder, 200 g",
     "url": "https://www.prismamarket.ee/entry/17099/maasikatega-mannapuder--200-g/4770265048067",
     "hind": "0 79 /tk"
    },
    {
     "product": "Vanilli proteiinipuding, 150 g",
     "url": "https://www.prismamarket.ee/entry/17099/vanilli-proteiinipuding--150-g/6414893389243",
     "hind": "0 85 /tk"
    }
   ]
  },
  {
   "info": [
    {
     "product": "Vanilli glasuurkohuke,43 g",
     "url": "https://www.prismamarket.ee/entry/17100/vanilli-glasuurkohuke-43-g/47401051",
     "hind": "0 35 /tk"
    },
    {
     "product": "Vanilli glasuurkohuke, 45 g",
     "url": "https://www.prismamarket.ee/entry/17100/vanilli-glasuurkohuke--45-g/4750050341405",
     "hind": "0 29 /tk"
    },
    {
     "product": "Toffee koorene glasuurkohuke, 40 g",
     "url": "https://www.prismamarket.ee/entry/17100/toffee-koorene-glasuurkohuke--40-g/4742231002038",
     "hind": "0 32 /tk"
    },
    {
     "product": "Šokolaadi glasuurkohuke, 45 g",
     "url": "https://www.prismamarket.ee/entry/17100/sokolaadi-glasuurkohuke--45-g/4750050341511",
     "hind": "0 29 /tk"
    },
    {
     "product": "Jõhvika glasuurkohuke, 43 g",
     "url": "https://www.prismamarket.ee/entry/17100/johvika-glasuurkohuke--43-g/47406056",
     "hind": "0 35 /tk"
    },
    {
     "product": "Kookose glasuurkohuke, 45 g",
     "url": "https://www.prismamarket.ee/entry/17100/kookose-glasuurkohuke--45-g/4750050341412",
     "hind": "0 29 /tk"
    },
    {
     "product": "Karamelli glasuurkohuke, 45 g",
     "url": "https://www.prismamarket.ee/entry/17100/karamelli-glasuurkohuke--45-g/4750050341481",
     "hind": "0 29 /tk"
    },
    {
     "product": "Pingui kakaomagustoit, 4 x 30 g",
     "url": "https://www.prismamarket.ee/entry/17100/pingui-kakaomagustoit--4-x-30-g/4008400290423",
     "hind": "1 89 /tk"
    },
    {
     "product": "Kakao kohupiimakreem, 150 g",
     "url": "https://www.prismamarket.ee/entry/17100/kakao-kohupiimakreem--150-g/4740036004967",
     "hind": "0 65 /tk"
    },
    {
     "product": "Kakao kohupiimakreem, 380 g",
     "url": "https://www.prismamarket.ee/entry/17100/kakao-kohupiimakreem--380-g/4740125638066",
     "hind": "1 49 /tk"
    },
    {
     "product": "Banaani kohupiimakreem, 150 g",
     "url": "https://www.prismamarket.ee/entry/17100/banaani-kohupiimakreem--150-g/4740294011219",
     "hind": "0 65 /tk"
    },
    {
     "product": "Mustika kohupiimakreem, 150 g",
     "url": "https://www.prismamarket.ee/entry/17100/mustika-kohupiimakreem--150-g/4740294011233",
     "hind": "0 65 /tk"
    },
    {
     "product": "Vanilje kohupiimakreem, 150 g",
     "url": "https://www.prismamarket.ee/entry/17100/vanilje-kohupiimakreem--150-g/4740036004998",
     "hind": "0 65 /tk"
    },
    {
     "product": "Rosina kohupiimakreem 150 g",
     "url": "https://www.prismamarket.ee/entry/17100/rosina-kohupiimakreem-150-g/4740036004974",
     "hind": "0 65 /tk"
    },
    {
     "product": "Mustikakisselliga kohupiimakreem, 150 g",
     "url": "https://www.prismamarket.ee/entry/17100/mustikakisselliga-kohupiimakreem--150-g/4740294012674",
     "hind": "0 59 /tk"
    },
    {
     "product": "Banaani kohupiimakreem, 150 g",
     "url": "https://www.prismamarket.ee/entry/17100/banaani-kohupiimakreem--150-g/6414893083202",
     "hind": "0 50 /tk"
    },
    {
     "product": "Maasika kohupiimakreem, 150 g",
     "url": "https://www.prismamarket.ee/entry/17100/maasika-kohupiimakreem--150-g/6414893358805",
     "hind": "0 50 /tk"
    },
    {
     "product": "Virsiku kohupiimakreem, 150 g",
     "url": "https://www.prismamarket.ee/entry/17100/virsiku-kohupiimakreem--150-g/6414893358812",
     "hind": "0 50 /tk"
    },
    {
     "product": "Mustade kirssidega koorene kohupiimakreem, 150 g",
     "url": "https://www.prismamarket.ee/entry/17100/mustade-kirssidega-koorene-kohupiimakreem--150-g/4740113090067",
     "hind": "0 79 /tk"
    },
    {
     "product": "Vaarikakisselliga kohupiimakreem, 150 g",
     "url": "https://www.prismamarket.ee/entry/17100/vaarikakisselliga-kohupiimakreem--150-g/4740294012667",
     "hind": "0 59 /tk"
    },
    {
     "product": "Vanilli glasuurkohuke, 7 x 45 g",
     "url": "https://www.prismamarket.ee/entry/17100/vanilli-glasuurkohuke--7-x-45-g/4750050342211",
     "hind": "2 39 /tk"
    },
    {
     "product": "Vanilli kohupiimakreem, 150 g",
     "url": "https://www.prismamarket.ee/entry/17100/vanilli-kohupiimakreem--150-g/6414893074156",
     "hind": "0 50 /tk"
    },
    {
     "product": "Rosina-vanilli kohupiimakreem, 380 g",
     "url": "https://www.prismamarket.ee/entry/17100/rosina-vanilli-kohupiimakreem--380-g/4740125638073",
     "hind": "1 49 /tk"
    },
    {
     "product": "Šokolaaditükkidega kohupiimakreem, 200 g",
     "url": "https://www.prismamarket.ee/entry/17100/sokolaaditukkidega-kohupiimakreem--200-g/4740426001057",
     "hind": "1 05 /tk"
    },
    {
     "product": "Mahe kohupiimakreemide segu, 265 g",
     "url": "https://www.prismamarket.ee/entry/17100/mahe-kohupiimakreemide-segu--265-g/4743135000618",
     "hind": "1 69 /tk"
    },
    {
     "product": "Kamaga kohupiimakreem, 200 g",
     "url": "https://www.prismamarket.ee/entry/17100/kamaga-kohupiimakreem--200-g/4740464781201",
     "hind": "0 92 /tk"
    },
    {
     "product": "Mustikakohupiim, 500 g",
     "url": "https://www.prismamarket.ee/entry/17100/mustikakohupiim--500-g/6414893096035",
     "hind": "1 49 /tk"
    },
    {
     "product": "Piparmündi kohupiimakreem, 270 g",
     "url": "https://www.prismamarket.ee/entry/17100/piparmundi-kohupiimakreem--270-g/4743135002230",
     "hind": "1 59 /tk"
    },
    {
     "product": "Maasikakohupiim, 500 g",
     "url": "https://www.prismamarket.ee/entry/17100/maasikakohupiim--500-g/6414893095991",
     "hind": "1 49 /tk"
    },
    {
     "product": "Astelpajumoosiga kohupiimakreem, 200 g",
     "url": "https://www.prismamarket.ee/entry/17100/astelpajumoosiga-kohupiimakreem--200-g/4740464901029",
     "hind": "1 09 /tk"
    },
    {
     "product": "Pralinee kastmega kohupiimakreem, 170 g",
     "url": "https://www.prismamarket.ee/entry/17100/pralinee-kastmega-kohupiimakreem--170-g/4743135000502",
     "hind": "1 29 /tk"
    },
    {
     "product": "Passionimoosiga kohupiimakreem, 170 g",
     "url": "https://www.prismamarket.ee/entry/17100/passionimoosiga-kohupiimakreem--170-g/4743135000526",
     "hind": "1 29 /tk"
    },
    {
     "product": "Mustika kreeka kohupiimakreem, 150 g",
     "url": "https://www.prismamarket.ee/entry/17100/mustika-kreeka-kohupiimakreem--150-g/4740125634228",
     "hind": "0 85 /tk"
    },
    {
     "product": "Maasika-rabarberi kreeka kohupiimakreem, 150 g",
     "url": "https://www.prismamarket.ee/entry/17100/maasika-rabarberi-kreeka-kohupiimakreem--150-g/4740125634211",
     "hind": "0 85 /tk"
    },
    {
     "product": "Kohuke karamellimaitselise täidisega, 40 g",
     "url": "https://www.prismamarket.ee/entry/17100/kohuke-karamellimaitselise-taidisega--40-g/4740113093211",
     "hind": "0 35 /tk"
    },
    {
     "product": "Rukkikama- pohla kohupiimakreem 150 g",
     "url": "https://www.prismamarket.ee/entry/17100/rukkikama--pohla-kohupiimakreem-150-g/4740113093327",
     "hind": "0 79 /tk"
    },
    {
     "product": "Leiva-astelpaju kohupiimakreem 150 g",
     "url": "https://www.prismamarket.ee/entry/17100/leiva-astelpaju-kohupiimakreem-150-g/4740113093334",
     "hind": "0 79 /tk"
    },
    {
     "product": "Šokolaadimaitseline vegan dessert, 40 g",
     "url": "https://www.prismamarket.ee/entry/17100/sokolaadimaitseline-vegan-dessert--40-g/4750072413357",
     "hind": "0 55 /tk"
    },
    {
     "product": "Muraka-sidruni koorene glasuurkohuke, 40 g",
     "url": "https://www.prismamarket.ee/entry/17100/muraka-sidruni-koorene-glasuurkohuke--40-g/4742231002151",
     "hind": "0 32 /tk"
    },
    {
     "product": "Kohoke šokolaadiga, 100 g",
     "url": "https://www.prismamarket.ee/entry/17100/kohoke-sokolaadiga--100-g/4740426000401",
     "hind": "0 72 /tk"
    },
    {
     "product": "Juustukoogimaitseline glasuurkohuke, 43 g",
     "url": "https://www.prismamarket.ee/entry/17100/juustukoogimaitseline-glasuurkohuke--43-g/4740213856150",
     "hind": "0 35 /tk"
    },
    {
     "product": "Vanillimaitseline glasuuritud kohupiimadessert, 38 g",
     "url": "https://www.prismamarket.ee/entry/17100/vanillimaitseline-glasuuritud-kohupiimadessert--38-g/47405141",
     "hind": "0 23 /tk"
    },
    {
     "product": "Vanillimaitseline glasuuritud dessert vaarikatäidisega, 38 g",
     "url": "https://www.prismamarket.ee/entry/17100/vanillimaitseline-glasuuritud-dessert-vaarikataidisega--38-g/47410145",
     "hind": "0 23 /tk"
    },
    {
     "product": "Jõhvikakisselliga kohupiimakreem, 150 g",
     "url": "https://www.prismamarket.ee/entry/17100/johvikakisselliga-kohupiimakreem--150-g/4740036011927",
     "hind": "0 59 /tk"
    },
    {
     "product": "Maasikakisselliga kohupiimakreem, 150 g",
     "url": "https://www.prismamarket.ee/entry/17100/maasikakisselliga-kohupiimakreem--150-g/4740036011934",
     "hind": "0 59 /tk"
    },
    {
     "product": "Maxi King dessert, 3 x 35 g",
     "url": "https://www.prismamarket.ee/entry/17100/maxi-king-dessert--3-x-35-g/4008400551920",
     "hind": "1 89 /tk"
    },
    {
     "product": "Kirsi-maasika kohupiimakreem, 150 g",
     "url": "https://www.prismamarket.ee/entry/17100/kirsi-maasika-kohupiimakreem--150-g/4740125631302",
     "hind": "0 75 /tk"
    },
    {
     "product": "Mooniseemnetega kohuke, 40 g",
     "url": "https://www.prismamarket.ee/entry/17100/mooniseemnetega-kohuke--40-g/4770265211638",
     "hind": "0 29 /tk"
    },
    {
     "product": "Vanillikohuke, 40 g",
     "url": "https://www.prismamarket.ee/entry/17100/vanillikohuke--40-g/4770265211676",
     "hind": "0 29 /tk"
    },
    {
     "product": "Creme-brulee kohupiimakreem, 150 g",
     "url": "https://www.prismamarket.ee/entry/17100/creme-brulee-kohupiimakreem--150-g/4740125631326",
     "hind": "0 75 /tk"
    },
    {
     "product": "Rukkikamaga koorene kohupiimakreem, 150 g",
     "url": "https://www.prismamarket.ee/entry/17100/rukkikamaga-koorene-kohupiimakreem--150-g/4740113091132",
     "hind": "0 79 /tk"
    },
    {
     "product": "Mustikakohuke, 40 g",
     "url": "https://www.prismamarket.ee/entry/17100/mustikakohuke--40-g/4770265211652",
     "hind": "0 29 /tk"
    },
    {
     "product": "Brownie kohupiimakreem, 380 g",
     "url": "https://www.prismamarket.ee/entry/17100/brownie-kohupiimakreem--380-g/4740125638110",
     "hind": "1 49 /tk"
    },
    {
     "product": "Šokolaaditükkidega kohuke, 40 g",
     "url": "https://www.prismamarket.ee/entry/17100/sokolaaditukkidega-kohuke--40-g/4770265212918",
     "hind": "0 29 /tk"
    },
    {
     "product": "Vanilli glasuurkohukesed, 7 x 43 g",
     "url": "https://www.prismamarket.ee/entry/17100/vanilli-glasuurkohukesed--7-x-43-g/4740036009603",
     "hind": "1 89 /tk"
    },
    {
     "product": "Vaarikatega kohupiimakreem, 100 g",
     "url": "https://www.prismamarket.ee/entry/17100/vaarikatega-kohupiimakreem--100-g/4740218001920",
     "hind": "0 69 /tk"
    },
    {
     "product": "Kirsi proteiinikohupiimakreem, 200 g",
     "url": "https://www.prismamarket.ee/entry/17100/kirsi-proteiinikohupiimakreem--200-g/4740125636116",
     "hind": "0 99 /tk"
    },
    {
     "product": "Laktoosivaba vanilli glasuurkohuke, 40 g",
     "url": "https://www.prismamarket.ee/entry/17100/laktoosivaba-vanilli-glasuurkohuke--40-g/4742231002298",
     "hind": "0 32 /tk"
    },
    {
     "product": "Vaarika pavlova kreeka kohupiimakreem, 380 g",
     "url": "https://www.prismamarket.ee/entry/17100/vaarika-pavlova-kreeka-kohupiimakreem--380-g/4740125638318",
     "hind": "1 19 /tk"
    },
    {
     "product": "Kookoslaastudega vegan dessert, 40 g",
     "url": "https://www.prismamarket.ee/entry/17100/kookoslaastudega-vegan-dessert--40-g/4750072413340",
     "hind": "0 55 /tk"
    },
    {
     "product": "Vaarika proteiinikohupiimakreem, 200 g",
     "url": "https://www.prismamarket.ee/entry/17100/vaarika-proteiinikohupiimakreem--200-g/4740125636123",
     "hind": "0 99 /tk"
    },
    {
     "product": "Šokolaaditükkidega kohupiimakreem, 150 g",
     "url": "https://www.prismamarket.ee/entry/17100/sokolaaditukkidega-kohupiimakreem--150-g/4740125631319",
     "hind": "0 75 /tk"
    },
    {
     "product": "Vanilli glasuurkohuke, magusainetega, 43 g",
     "url": "https://www.prismamarket.ee/entry/17100/vanilli-glasuurkohuke--magusainetega--43-g/4740036013716",
     "hind": "0 39 /tk"
    },
    {
     "product": "Kakao glasuurkohuke, magusainetega, 43 g",
     "url": "https://www.prismamarket.ee/entry/17100/kakao-glasuurkohuke--magusainetega--43-g/4740036013723",
     "hind": "0 39 /tk"
    },
    {
     "product": "Piimasnäkk šokolaadis, 34 g",
     "url": "https://www.prismamarket.ee/entry/17100/piimasnakk-sokolaadis--34-g/4740125775006",
     "hind": "0 55 /tk"
    },
    {
     "product": "Danonino kohupiimakreem 4 x 95 g, maasika-banaani",
     "url": "https://www.prismamarket.ee/entry/17100/danonino-kohupiimakreem-4-x-95-g--maasika-banaani/5410146408632",
     "hind": "1 99 /tk"
    },
    {
     "product": "Vanilli kohuke piimašokolaadiglasuuris, 40 g",
     "url": "https://www.prismamarket.ee/entry/17100/vanilli-kohuke-piimasokolaadiglasuuris--40-g/4740113093204",
     "hind": "0 35 /tk"
    },
    {
     "product": "Kohuke metsmaasikatäidisega piimašokolaadiglasuuris, 40 g",
     "url": "https://www.prismamarket.ee/entry/17100/kohuke-metsmaasikataidisega-piimasokolaadiglasuuris--40-g/4740113093228",
     "hind": "0 35 /tk"
    },
    {
     "product": "Metsmaasika kohupiimakreem, 150 g",
     "url": "https://www.prismamarket.ee/entry/17100/metsmaasika-kohupiimakreem--150-g/4740125631371",
     "hind": "0 75 /tk"
    },
    {
     "product": "Emma vaarika kohupiimakreem, laktoosivaba 150 g",
     "url": "https://www.prismamarket.ee/entry/17100/emma-vaarika-kohupiimakreem--laktoosivaba-150-g/4740036000167",
     "hind": "0 72 /tk"
    },
    {
     "product": "Kohupiimakreem kakao šokolaadipallidega 150 g",
     "url": "https://www.prismamarket.ee/entry/17100/kohupiimakreem-kakao-sokolaadipallidega-150-g/4740125631388",
     "hind": "0 75 /tk"
    },
    {
     "product": "Proteiinikohupiimakreem mango 200 g",
     "url": "https://www.prismamarket.ee/entry/17100/proteiinikohupiimakreem-mango-200-g/4740125636147",
     "hind": "0 99 /tk"
    },
    {
     "product": "Sipsiku kohuke metsamarjatäidie ja jogurti glasuuriga 40 g",
     "url": "https://www.prismamarket.ee/entry/17100/sipsiku-kohuke-metsamarjataidie-ja-jogurti-glasuuriga-40-g/4742231002465",
     "hind": "0 32 /tk"
    }
   ]
  },
  {
   "info": [
    {
     "product": "Vaarikamaitseline tarretis, 150 g",
     "url": "https://www.prismamarket.ee/entry/17101/vaarikamaitseline-tarretis--150-g/4740113070014",
     "hind": "0 34 /tk"
    },
    {
     "product": "Metsamarja-kaerakiisel, 2 x 125 g",
     "url": "https://www.prismamarket.ee/entry/17101/metsamarja-kaerakiisel--2-x-125-g/6410220003103",
     "hind": "1 75 /tk"
    },
    {
     "product": "Kaerakiisel ploomiga, 2 x 125 g",
     "url": "https://www.prismamarket.ee/entry/17101/kaerakiisel-ploomiga--2-x-125-g/6410220003004",
     "hind": "1 75 /tk"
    },
    {
     "product": "Passioni sojadessert, 150 g",
     "url": "https://www.prismamarket.ee/entry/17101/passioni-sojadessert--150-g/5411188121237",
     "hind": "0 85 /tk"
    },
    {
     "product": "Kirsimaitseline tarretis, 150 g",
     "url": "https://www.prismamarket.ee/entry/17101/kirsimaitseline-tarretis--150-g/4740113070106",
     "hind": "0 34 /tk"
    },
    {
     "product": "Mango sojadessert, 150 g",
     "url": "https://www.prismamarket.ee/entry/17101/mango-sojadessert--150-g/5411188121305",
     "hind": "0 85 /tk"
    },
    {
     "product": "Maasika-vaarika sojadessert, 150 g",
     "url": "https://www.prismamarket.ee/entry/17101/maasika-vaarika-sojadessert--150-g/5411188124191",
     "hind": "0 85 /tk"
    },
    {
     "product": "Rainbow maasikakissell, 1l",
     "url": "https://www.prismamarket.ee/entry/17101/rainbow-maasikakissell--1l/6415711411191",
     "hind": "1 59 /tk"
    },
    {
     "product": "Rainbow maasikakissell, 1l",
     "url": "https://www.prismamarket.ee/entry/17101/rainbow-maasikakissell--1l/6415715930728",
     "hind": "1 59 /tk"
    },
    {
     "product": "X-tra vaarikakissell, 1l",
     "url": "https://www.prismamarket.ee/entry/17101/x-tra-vaarikakissell--1l/6414893504462",
     "hind": "1 49 /tk"
    },
    {
     "product": "Rainbow apelsini-mangokissell, 1l",
     "url": "https://www.prismamarket.ee/entry/17101/rainbow-apelsini-mangokissell--1l/6414893504844",
     "hind": "1 49 /tk"
    },
    {
     "product": "Kotimaista mustikakissell magustamata, 1l",
     "url": "https://www.prismamarket.ee/entry/17101/kotimaista-mustikakissell-magustamata--1l/6414893503267",
     "hind": "1 89 /tk"
    },
    {
     "product": "Kotimaista mustikakissell, 1l",
     "url": "https://www.prismamarket.ee/entry/17101/kotimaista-mustikakissell--1l/6414893503236",
     "hind": "1 89 /tk"
    },
    {
     "product": "Valio Mustikakissell, 1 kg",
     "url": "https://www.prismamarket.ee/entry/17101/valio-mustikakissell--1-kg/6408430062119",
     "hind": "2 69 /tk"
    },
    {
     "product": "Valio vaarikakissell, 1 kg",
     "url": "https://www.prismamarket.ee/entry/17101/valio-vaarikakissell--1-kg/6408430062157",
     "hind": "2 69 /tk"
    },
    {
     "product": "Valio karusmarja - põldmarjakissell lisatud kiudaine ja magus...",
     "url": "https://www.prismamarket.ee/entry/17101/valio-karusmarja---poldmarjakissell-lisatud-kiudaine-ja-magusainetega-1kg/6408430062195",
     "hind": "2 69 /tk"
    },
    {
     "product": "Valio vaarikakissell magusainetega 1kg",
     "url": "https://www.prismamarket.ee/entry/17101/valio-vaarikakissell-magusainetega-1kg/6408430062171",
     "hind": "2 69 /tk"
    },
    {
     "product": "Kodune jõhvikakissell, 750 g",
     "url": "https://www.prismamarket.ee/entry/17101/kodune-johvikakissell--750-g/4740153700018",
     "hind": "1 49 /tk"
    },
    {
     "product": "Kodune mustasõstrakissell, 750 g",
     "url": "https://www.prismamarket.ee/entry/17101/kodune-mustasostrakissell--750-g/4740153700025",
     "hind": "1 49 /tk"
    },
    {
     "product": "Maasika-rabarberikissell, 1 kg",
     "url": "https://www.prismamarket.ee/entry/17101/maasika-rabarberikissell--1-kg/4742108008743",
     "hind": "2 19 /tk"
    }
   ]
  },
  {
   "info": [
    {
     "product": "Banaanimaitseline piimajook 2,3% 450 ml",
     "url": "https://www.prismamarket.ee/entry/17102/banaanimaitseline-piimajook-2-3--450-ml/4770237052955",
     "hind": "0 89 /tk"
    },
    {
     "product": "Šokolaadimaitseline piimajook 2,6% 450 ml",
     "url": "https://www.prismamarket.ee/entry/17102/sokolaadimaitseline-piimajook-2-6--450-ml/4770237054959",
     "hind": "0 89 /tk"
    }
   ]
  },
  {
   "info": [
    {
     "product": "Piim 2,5%, 1 l",
     "url": "https://www.prismamarket.ee/entry/17103/piim-2-5---1-l/4740125110036",
     "hind": "0 34 /tk"
    },
    {
     "product": "Piim 2,5%, 1,5 l",
     "url": "https://www.prismamarket.ee/entry/17103/piim-2-5---1-5-l/4740125120059",
     "hind": "0 89 /tk"
    },
    {
     "product": "Piim 2,5%, D-vitamiiniga, 1 l",
     "url": "https://www.prismamarket.ee/entry/17103/piim-2-5---d-vitamiiniga--1-l/4740036009719",
     "hind": "0 69 /tk"
    },
    {
     "product": "Piim 2,5%, 1 l",
     "url": "https://www.prismamarket.ee/entry/17103/piim-2-5---1-l/4740125110012",
     "hind": "0 55 /tk"
    },
    {
     "product": "Keefir 2,5%, 1 kg",
     "url": "https://www.prismamarket.ee/entry/17103/keefir-2-5---1-kg/4740125321043",
     "hind": "0 99 /tk"
    },
    {
     "product": "Biokeefir 2,5%, 1 kg",
     "url": "https://www.prismamarket.ee/entry/17103/biokeefir-2-5---1-kg/4740294010731",
     "hind": "0 95 /tk"
    },
    {
     "product": "Piim 2,5%, 0,5 l",
     "url": "https://www.prismamarket.ee/entry/17103/piim-2-5---0-5-l/4740125120042",
     "hind": "0 45 /tk"
    },
    {
     "product": "Piim 2,5%, 1 l",
     "url": "https://www.prismamarket.ee/entry/17103/piim-2-5---1-l/4740125120011",
     "hind": "0 69 /tk"
    },
    {
     "product": "Pastöriseerimata toorpiim, 1 l",
     "url": "https://www.prismamarket.ee/entry/17103/pastoriseerimata-toorpiim--1-l/4740218000763",
     "hind": "1 25 /tk"
    },
    {
     "product": "Keefir 2,5%, 500 g",
     "url": "https://www.prismamarket.ee/entry/17103/keefir-2-5---500-g/4740125321050",
     "hind": "0 69 /tk"
    },
    {
     "product": "Marja hapupiimajook, 1 kg",
     "url": "https://www.prismamarket.ee/entry/17103/marja-hapupiimajook--1-kg/4740036007791",
     "hind": "1 35 /tk"
    },
    {
     "product": "Piim 0,05%, 1 l",
     "url": "https://www.prismamarket.ee/entry/17103/piim-0-05---1-l/4740125120028",
     "hind": "0 99 /tk"
    },
    {
     "product": "Maasika hapupiimajook, 1 kg",
     "url": "https://www.prismamarket.ee/entry/17103/maasika-hapupiimajook--1-kg/4740036007777",
     "hind": "1 35 /tk"
    },
    {
     "product": "Kõrgkuumutatud latte piim 2,5%, 1 l",
     "url": "https://www.prismamarket.ee/entry/17103/korgkuumutatud-latte-piim-2-5---1-l/4740036009122",
     "hind": "1 29 /tk"
    },
    {
     "product": "Alma keefir, 2,5%",
     "url": "https://www.prismamarket.ee/entry/17103/alma-keefir--2-5-/4740125321036",
     "hind": "0 79 /tk"
    },
    {
     "product": "Kõrgkuumutatud cappuccino piim 3,2%, 1 l",
     "url": "https://www.prismamarket.ee/entry/17103/korgkuumutatud-cappuccino-piim-3-2---1-l/4740036009085",
     "hind": "1 29 /tk"
    },
    {
     "product": "AB hapupiim 1%, 1 kg",
     "url": "https://www.prismamarket.ee/entry/17103/ab-hapupiim-1---1-kg/4740036000211",
     "hind": "0 89 /tk"
    },
    {
     "product": "Hapupiim 2,5%, 1 l",
     "url": "https://www.prismamarket.ee/entry/17103/hapupiim-2-5---1-l/4740218001081",
     "hind": "1 49 /tk"
    },
    {
     "product": "Väherasvane keefir 1%, 1 kg",
     "url": "https://www.prismamarket.ee/entry/17103/vaherasvane-keefir-1---1-kg/4740036011149",
     "hind": "0 89 /tk"
    },
    {
     "product": "Laktoosivaba keefir, 1 kg",
     "url": "https://www.prismamarket.ee/entry/17103/laktoosivaba-keefir--1-kg/4740036014034",
     "hind": "1 25 /tk"
    },
    {
     "product": "Eila laktoosivaba piimajook, 1 l",
     "url": "https://www.prismamarket.ee/entry/17103/eila-laktoosivaba-piimajook--1-l/6408430011681",
     "hind": "2 09 /tk"
    },
    {
     "product": "Mustika keefir, 300 g",
     "url": "https://www.prismamarket.ee/entry/17103/mustika-keefir--300-g/4740125383034",
     "hind": "0 89 /tk"
    },
    {
     "product": "Kama keefir, 300 g",
     "url": "https://www.prismamarket.ee/entry/17103/kama-keefir--300-g/4740125383041",
     "hind": "0 89 /tk"
    },
    {
     "product": "Täispiim 3,8%-4,2%, 1l",
     "url": "https://www.prismamarket.ee/entry/17103/taispiim-3-8--4-2---1l/4740113090555",
     "hind": "0 95 /tk"
    },
    {
     "product": "Keefir täispiimast 3,8-4,2%, 1 kg",
     "url": "https://www.prismamarket.ee/entry/17103/keefir-taispiimast-3-8-4-2---1-kg/4740113091002",
     "hind": "1 05 /tk"
    },
    {
     "product": "Hapendatud täispiim 4%, 1 kg",
     "url": "https://www.prismamarket.ee/entry/17103/hapendatud-taispiim-4---1-kg/4740113090470",
     "hind": "1 09 /tk"
    },
    {
     "product": "Rjaženka, 750 g",
     "url": "https://www.prismamarket.ee/entry/17103/rjazenka--750-g/4740113091156",
     "hind": "1 19 /tk"
    },
    {
     "product": "keefir 2,5%, 1,5kg",
     "url": "https://www.prismamarket.ee/entry/17103/keefir-2-5---1-5kg/4740125321203",
     "hind": "1 29 /tk"
    },
    {
     "product": "Maasika-banaani keefir, 1 kg",
     "url": "https://www.prismamarket.ee/entry/17103/maasika-banaani-keefir--1-kg/4740125321074",
     "hind": "1 59 /tk"
    },
    {
     "product": "Metsmaasika keefir, 300 g",
     "url": "https://www.prismamarket.ee/entry/17103/metsmaasika-keefir--300-g/4740125383065",
     "hind": "0 85 /tk"
    },
    {
     "product": "Täispiim 3,8%-4,2%, 2 l",
     "url": "https://www.prismamarket.ee/entry/17103/taispiim-3-8--4-2---2-l/4740113091514",
     "hind": "1 29 /tk"
    },
    {
     "product": "Täispiim 3,8-4,2%, 1,5l",
     "url": "https://www.prismamarket.ee/entry/17103/taispiim-3-8-4-2---1-5l/4740125120226",
     "hind": "1 19 /tk"
    },
    {
     "product": "Hapendatud pett, 1 kg",
     "url": "https://www.prismamarket.ee/entry/17103/hapendatud-pett--1-kg/4740113092306",
     "hind": "0 79 /tk"
    },
    {
     "product": "Piim 2,5%, 2 l",
     "url": "https://www.prismamarket.ee/entry/17103/piim-2-5---2-l/4740113091507",
     "hind": "1 29 /tk"
    },
    {
     "product": "MAHETÄISPIIM 4,0-4,4% 1 L",
     "url": "https://www.prismamarket.ee/entry/17103/mahetaispiim-4-0-4-4--1-l/4740153600004",
     "hind": "0 99 /tk"
    },
    {
     "product": "Täispiim 3,8-4,2% 1 l",
     "url": "https://www.prismamarket.ee/entry/17103/taispiim-3-8-4-2--1-l/4740153600042",
     "hind": "0 79 /tk"
    },
    {
     "product": "Täispiim maasikatega, 500 ml",
     "url": "https://www.prismamarket.ee/entry/17103/taispiim-maasikatega--500-ml/4740153600066",
     "hind": "0 99 /tk"
    },
    {
     "product": "Täispiim šokolaadiga, 500 ml",
     "url": "https://www.prismamarket.ee/entry/17103/taispiim-sokolaadiga--500-ml/4740153600073",
     "hind": "0 99 /tk"
    },
    {
     "product": "Piim 1,8%, 1,5 l",
     "url": "https://www.prismamarket.ee/entry/17103/piim-1-8---1-5-l/4740036014690",
     "hind": "0 89 /tk"
    },
    {
     "product": "Hapendatud pett 1,5% 1 kg",
     "url": "https://www.prismamarket.ee/entry/17103/hapendatud-pett-1-5--1-kg/4740153600035",
     "hind": "0 95 /tk"
    },
    {
     "product": "Kitse täispiim 0,5 l",
     "url": "https://www.prismamarket.ee/entry/17103/kitse-taispiim-0-5-l/8026523000077",
     "hind": "1 99 /tk"
    },
    {
     "product": "ÖKO Mahetäispiim 0,5 L",
     "url": "https://www.prismamarket.ee/entry/17103/oko-mahetaispiim-0-5-l/4740153600011",
     "hind": "0 55 /tk"
    },
    {
     "product": "Mahekeefir täispiimast 3,8%-4,2% 250 g",
     "url": "https://www.prismamarket.ee/entry/17103/mahekeefir-taispiimast-3-8--4-2--250-g/4742231005022",
     "hind": "0 79 /tk"
    },
    {
     "product": "Keefir metsmaasika 1 kg",
     "url": "https://www.prismamarket.ee/entry/17103/keefir-metsmaasika-1-kg/4740125321173",
     "hind": "1 59 /tk"
    }
   ]
  },
  {
   "info": [
    {
     "product": "Laktoosivaba piimajook, 1 l",
     "url": "https://www.prismamarket.ee/entry/17104/laktoosivaba-piimajook--1-l/6414893097124",
     "hind": "0 99 /tk"
    },
    {
     "product": "Šokolaadimaitseline sojajook, 250 ml",
     "url": "https://www.prismamarket.ee/entry/17104/sokolaadimaitseline-sojajook--250-ml/5411188082637",
     "hind": "0 85 /tk"
    },
    {
     "product": "Kaerajook, 1 l",
     "url": "https://www.prismamarket.ee/entry/17104/kaerajook--1-l/6414893397019",
     "hind": "1 49 /tk"
    },
    {
     "product": "Riisijook, 1 l",
     "url": "https://www.prismamarket.ee/entry/17104/riisijook--1-l/6414893385511",
     "hind": "2 19 /tk"
    },
    {
     "product": "Kaltsiumiga sojajook, 1 l",
     "url": "https://www.prismamarket.ee/entry/17104/kaltsiumiga-sojajook--1-l/5411188543381",
     "hind": "2 05 /tk"
    },
    {
     "product": "Sojajook, 1 l",
     "url": "https://www.prismamarket.ee/entry/17104/sojajook--1-l/6414893397002",
     "hind": "1 69 /tk"
    },
    {
     "product": "Mandlijook, 1 l",
     "url": "https://www.prismamarket.ee/entry/17104/mandlijook--1-l/5411188110835",
     "hind": "2 79 /tk"
    },
    {
     "product": "India pähkli jook, 1 l",
     "url": "https://www.prismamarket.ee/entry/17104/india-pahkli-jook--1-l/5411188122890",
     "hind": "2 59 /tk"
    },
    {
     "product": "Šokolaadi kaerajook, 1 l",
     "url": "https://www.prismamarket.ee/entry/17104/sokolaadi-kaerajook--1-l/7394376616211",
     "hind": "3 39 /tk"
    },
    {
     "product": "Magustamata mandlijook, 1 l",
     "url": "https://www.prismamarket.ee/entry/17104/magustamata-mandlijook--1-l/7340011474180",
     "hind": "1 89 /tk"
    },
    {
     "product": "Laktoosivaba piim, 1 l",
     "url": "https://www.prismamarket.ee/entry/17104/laktoosivaba-piim--1-l/4740036014027",
     "hind": "0 95 /tk"
    },
    {
     "product": "Juuretisega kaerajook õuna & kirsi 330 ml",
     "url": "https://www.prismamarket.ee/entry/17104/juuretisega-kaerajook-ouna---kirsi-330-ml/4742117001711",
     "hind": "1 99 /tk"
    },
    {
     "product": "Juuretisega kaerajook mustika 330 ml",
     "url": "https://www.prismamarket.ee/entry/17104/juuretisega-kaerajook-mustika-330-ml/4742117001735",
     "hind": "1 99 /tk"
    },
    {
     "product": "Riisijook kaltsiumi ja vitamiinidega, 1 l",
     "url": "https://www.prismamarket.ee/entry/17104/riisijook-kaltsiumi-ja-vitamiinidega--1-l/5425000197621",
     "hind": "2 79 /tk"
    },
    {
     "product": "Oddlygood Barista kaerajook, 1 l",
     "url": "https://www.prismamarket.ee/entry/17104/oddlygood-barista-kaerajook--1-l/6408430102068",
     "hind": "2 19 /tk"
    },
    {
     "product": "Magustamata sojajook 1 l",
     "url": "https://www.prismamarket.ee/entry/17104/magustamata-sojajook-1-l/5411188115496",
     "hind": "1 99 /tk"
    },
    {
     "product": "Ikaffe kaerajook 0,5 l",
     "url": "https://www.prismamarket.ee/entry/17104/ikaffe-kaerajook-0-5-l/7394376618048",
     "hind": "1 89 /tk"
    },
    {
     "product": "Tere kaerajook 1 l",
     "url": "https://www.prismamarket.ee/entry/17104/tere-kaerajook-1-l/4740036014607",
     "hind": "1 79 /tk"
    },
    {
     "product": "Magustamata mandlijook, 1 l",
     "url": "https://www.prismamarket.ee/entry/17104/magustamata-mandlijook--1-l/5411188112709",
     "hind": "2 49 /tk"
    },
    {
     "product": "Kookose-riisijook, 1 l",
     "url": "https://www.prismamarket.ee/entry/17104/kookose-riisijook--1-l/5411188116592",
     "hind": "2 49 /tk"
    },
    {
     "product": "Mandlijook, 250 ml",
     "url": "https://www.prismamarket.ee/entry/17104/mandlijook--250-ml/5411188122586",
     "hind": "0 85 /tk"
    },
    {
     "product": "Kaerajook, 1 l",
     "url": "https://www.prismamarket.ee/entry/17104/kaerajook--1-l/7394376615696",
     "hind": "2 19 /tk"
    },
    {
     "product": "Kaltsiumiga kaerajook, 250 ml",
     "url": "https://www.prismamarket.ee/entry/17104/kaltsiumiga-kaerajook--250-ml/7394376614798",
     "hind": "0 85 /tk"
    },
    {
     "product": "Ikaffe kaerajook, 1 l",
     "url": "https://www.prismamarket.ee/entry/17104/ikaffe-kaerajook--1-l/7394376616037",
     "hind": "2 19 /tk"
    }
   ]
  },
  {
   "info": [
    {
     "product": "Kondenspiim suhkruga, 250 g",
     "url": "https://www.prismamarket.ee/entry/17105/kondenspiim-suhkruga--250-g/4740502002121",
     "hind": "1 19 /tk"
    },
    {
     "product": "Suhkruga kondenspiim, 397 g",
     "url": "https://www.prismamarket.ee/entry/17105/suhkruga-kondenspiim--397-g/4770209042021",
     "hind": "1 89 /tk"
    },
    {
     "product": "Kondenspiima karamell, 190 g",
     "url": "https://www.prismamarket.ee/entry/17105/kondenspiima-karamell--190-g/4740502001728",
     "hind": "0 99 /tk"
    },
    {
     "product": "Kakao kondenspiim, 250 g",
     "url": "https://www.prismamarket.ee/entry/17105/kakao-kondenspiim--250-g/4740502002114",
     "hind": "1 59 /tk"
    },
    {
     "product": "Suhkruta kondenspiim, 320 g",
     "url": "https://www.prismamarket.ee/entry/17105/suhkruta-kondenspiim--320-g/4770209042434",
     "hind": "1 09 /tk"
    }
   ]
  },
  {
   "info": [
    {
     "product": "Kohvikoor 10%, 200 ml",
     "url": "https://www.prismamarket.ee/entry/17106/kohvikoor-10---200-ml/4740036000624",
     "hind": "0 27 /tk"
    },
    {
     "product": "Hapukoor 20%, 500 g",
     "url": "https://www.prismamarket.ee/entry/17106/hapukoor-20---500-g/4740125410020",
     "hind": "0 95 /tk"
    },
    {
     "product": "Hapukoor 20%, 250 g",
     "url": "https://www.prismamarket.ee/entry/17106/hapukoor-20---250-g/4740125410037",
     "hind": "0 65 /tk"
    },
    {
     "product": "Vahukoor 35%, 200 ml",
     "url": "https://www.prismamarket.ee/entry/17106/vahukoor-35---200-ml/4740036001010",
     "hind": "0 85 /tk"
    },
    {
     "product": "Vahukoor 35%, 400 ml",
     "url": "https://www.prismamarket.ee/entry/17106/vahukoor-35---400-ml/4740125220049",
     "hind": "1 49 /tk"
    },
    {
     "product": "Hapukoor 20%, 330 g",
     "url": "https://www.prismamarket.ee/entry/17106/hapukoor-20---330-g/4740036009498",
     "hind": "0 85 /tk"
    },
    {
     "product": "Kohvikoor 10%, 10 tk",
     "url": "https://www.prismamarket.ee/entry/17106/kohvikoor-10---10-tk/40145037",
     "hind": "0 49 /tk"
    },
    {
     "product": "Hapukoor 30%, 330 g",
     "url": "https://www.prismamarket.ee/entry/17106/hapukoor-30---330-g/4740036009504",
     "hind": "1 39 /tk"
    },
    {
     "product": "Smetana 20%, 400 g",
     "url": "https://www.prismamarket.ee/entry/17106/smetana-20---400-g/4742231004100",
     "hind": "1 29 /tk"
    },
    {
     "product": "Kreekapärane tzatziki dipikaste, 200 g",
     "url": "https://www.prismamarket.ee/entry/17106/kreekaparane-tzatziki-dipikaste--200-g/4740036004530",
     "hind": "1 35 /tk"
    },
    {
     "product": "Hapukoor 10%, 500 g",
     "url": "https://www.prismamarket.ee/entry/17106/hapukoor-10---500-g/4740123000728",
     "hind": "0 89 /tk"
    },
    {
     "product": "Aiaürtidega dipikaste, 200 g",
     "url": "https://www.prismamarket.ee/entry/17106/aiaurtidega-dipikaste--200-g/4740113090135",
     "hind": "1 35 /tk"
    },
    {
     "product": "Toidukoor 15%, 200 ml",
     "url": "https://www.prismamarket.ee/entry/17106/toidukoor-15---200-ml/6414893358836",
     "hind": "0 55 /tk"
    },
    {
     "product": "Küüslaugu-juustu dipikaste, 200 g",
     "url": "https://www.prismamarket.ee/entry/17106/kuuslaugu-juustu-dipikaste--200-g/4740036004554",
     "hind": "1 35 /tk"
    },
    {
     "product": "Maitserohelisega dipikaste, 200 g",
     "url": "https://www.prismamarket.ee/entry/17106/maitserohelisega-dipikaste--200-g/4740036009009",
     "hind": "1 35 /tk"
    },
    {
     "product": "Smetana 30%, 150 g",
     "url": "https://www.prismamarket.ee/entry/17106/smetana-30---150-g/4742231004018",
     "hind": "0 99 /tk"
    },
    {
     "product": "Kohvikoor 10%, 200 ml",
     "url": "https://www.prismamarket.ee/entry/17106/kohvikoor-10---200-ml/6414893391307",
     "hind": "0 39 /tk"
    },
    {
     "product": "Köögikaste päevalilleõli ja sojaga, 250 ml",
     "url": "https://www.prismamarket.ee/entry/17106/koogikaste-paevalilleoli-ja-sojaga--250-ml/5411188080039",
     "hind": "1 35 /tk"
    },
    {
     "product": "Vanillimaitseline spreivahukoor, 250 g",
     "url": "https://www.prismamarket.ee/entry/17106/vanillimaitseline-spreivahukoor--250-g/4001431937435",
     "hind": "1 99 /tk"
    },
    {
     "product": "Kaerast hapukooreasendaja, 500 ml",
     "url": "https://www.prismamarket.ee/entry/17106/kaerast-hapukooreasendaja--500-ml/7394376616174",
     "hind": "3 09 /tk"
    },
    {
     "product": "Hapukoor 20%, 500 g",
     "url": "https://www.prismamarket.ee/entry/17106/hapukoor-20---500-g/4740125410044",
     "hind": "0 84 /tk"
    },
    {
     "product": "Hapukoor 20%, laktoosivaba, 300 g",
     "url": "https://www.prismamarket.ee/entry/17106/hapukoor-20---laktoosivaba--300-g/4740036011156",
     "hind": "0 95 /tk"
    },
    {
     "product": "Vahustatav vanillikaste, 250 ml",
     "url": "https://www.prismamarket.ee/entry/17106/vahustatav-vanillikaste--250-ml/6414893386983",
     "hind": "1 09 /tk"
    },
    {
     "product": "Taimne köögikreem 15%, 200 ml",
     "url": "https://www.prismamarket.ee/entry/17106/taimne-koogikreem-15---200-ml/7311440601157",
     "hind": "1 29 /tk"
    },
    {
     "product": "Toidukoor 20%, 400 ml",
     "url": "https://www.prismamarket.ee/entry/17106/toidukoor-20---400-ml/4740125220094",
     "hind": "1 15 /tk"
    },
    {
     "product": "Vene dipikaste, küüslaugu-murulaugu-sibula, 200 g",
     "url": "https://www.prismamarket.ee/entry/17106/vene-dipikaste--kuuslaugu-murulaugu-sibula--200-g/4740125637069",
     "hind": "1 39 /tk"
    },
    {
     "product": "Kohvikoor 10%, 380 ml",
     "url": "https://www.prismamarket.ee/entry/17106/kohvikoor-10---380-ml/4740125220117",
     "hind": "0 59 /tk"
    },
    {
     "product": "Dipikas meresoola ja suitsupaprikaga 200 g",
     "url": "https://www.prismamarket.ee/entry/17106/dipikas-meresoola-ja-suitsupaprikaga-200-g/4740113093501",
     "hind": "1 35 /tk"
    },
    {
     "product": "Merevaik juustudipp jalapenoga 200 g",
     "url": "https://www.prismamarket.ee/entry/17106/merevaik-juustudipp-jalapenoga-200-g/4740036014485",
     "hind": "1 35 /tk"
    },
    {
     "product": "Eesti dipikaste, soolakurgi-küüslaugu, 200 g",
     "url": "https://www.prismamarket.ee/entry/17106/eesti-dipikaste--soolakurgi-kuuslaugu--200-g/4740125637083",
     "hind": "1 39 /tk"
    },
    {
     "product": "Vahukoor, 200 ml",
     "url": "https://www.prismamarket.ee/entry/17106/vahukoor--200-ml/6414893386082",
     "hind": "0 79 /tk"
    },
    {
     "product": "Vegan kohvikoor 10%, 10tk",
     "url": "https://www.prismamarket.ee/entry/17106/vegan-kohvikoor-10---10tk/4260024180102",
     "hind": "0 69 /tk"
    },
    {
     "product": "Cheddari juustudipp, 200 g",
     "url": "https://www.prismamarket.ee/entry/17106/cheddari-juustudipp--200-g/4740036013877",
     "hind": "1 35 /tk"
    },
    {
     "product": "Köögikoor 15%, laktoosivaba 400 ml",
     "url": "https://www.prismamarket.ee/entry/17106/koogikoor-15---laktoosivaba-400-ml/4740113093556",
     "hind": "0 99 /tk"
    },
    {
     "product": "Toidukoor, 7% rasva 200 ml",
     "url": "https://www.prismamarket.ee/entry/17106/toidukoor--7--rasva-200-ml/6414893074255",
     "hind": "0 69 /tk"
    },
    {
     "product": "Spreikreem, 250 g",
     "url": "https://www.prismamarket.ee/entry/17106/spreikreem--250-g/8711900021010",
     "hind": "1 49 /tk"
    }
   ]
  },
  {
   "info": [
    {
     "product": "Ricotta kohupiim, 200 g",
     "url": "https://www.prismamarket.ee/entry/17107/ricotta-kohupiim--200-g/4740572002960",
     "hind": "0 38 /tk"
    },
    {
     "product": "Tere kohupiim 0,1% 200g vanilli",
     "url": "https://www.prismamarket.ee/entry/17107/tere-kohupiim-0-1--200g-vanilli/4740036007142",
     "hind": "0 79 /tk"
    },
    {
     "product": "Lahja kohupiim, 200 g",
     "url": "https://www.prismamarket.ee/entry/17107/lahja-kohupiim--200-g/4740113034948",
     "hind": "0 75 /tk"
    },
    {
     "product": "Vanilje kohupiimapasta, 300 g",
     "url": "https://www.prismamarket.ee/entry/17107/vanilje-kohupiimapasta--300-g/4740036008989",
     "hind": "0 89 /tk"
    },
    {
     "product": "Rosina kohupiimapasta, 300 g",
     "url": "https://www.prismamarket.ee/entry/17107/rosina-kohupiimapasta--300-g/4740036007357",
     "hind": "0 89 /tk"
    },
    {
     "product": "Kohupiim, 200 g",
     "url": "https://www.prismamarket.ee/entry/17107/kohupiim--200-g/4740036007128",
     "hind": "0 79 /tk"
    },
    {
     "product": "Rosinakohupiim, 200 g",
     "url": "https://www.prismamarket.ee/entry/17107/rosinakohupiim--200-g/4740036007135",
     "hind": "0 79 /tk"
    },
    {
     "product": "Banaani kohupiimapasta, 300 g",
     "url": "https://www.prismamarket.ee/entry/17107/banaani-kohupiimapasta--300-g/4740036007340",
     "hind": "0 89 /tk"
    },
    {
     "product": "Lahja kohupiim rosinatega, 200 g",
     "url": "https://www.prismamarket.ee/entry/17107/lahja-kohupiim-rosinatega--200-g/4740113034962",
     "hind": "0 85 /tk"
    },
    {
     "product": "Vanilli kohupiimakreem, 300 g",
     "url": "https://www.prismamarket.ee/entry/17107/vanilli-kohupiimakreem--300-g/4740125612028",
     "hind": "0 89 /tk"
    },
    {
     "product": "Kohupiim 15%, 300 g",
     "url": "https://www.prismamarket.ee/entry/17107/kohupiim-15---300-g/4770265048029",
     "hind": "1 75 /tk"
    },
    {
     "product": "Maitsestamata kohupiimakreem, 300 g",
     "url": "https://www.prismamarket.ee/entry/17107/maitsestamata-kohupiimakreem--300-g/4740125612066",
     "hind": "0 89 /tk"
    },
    {
     "product": "Rasvatu kohupiimakreem, 300 g",
     "url": "https://www.prismamarket.ee/entry/17107/rasvatu-kohupiimakreem--300-g/4740125612059",
     "hind": "0 89 /tk"
    },
    {
     "product": "Rosinakohupiim, 500 g",
     "url": "https://www.prismamarket.ee/entry/17107/rosinakohupiim--500-g/4740464770502",
     "hind": "2 05 /tk"
    },
    {
     "product": "Harilik kohupiim, 500 g",
     "url": "https://www.prismamarket.ee/entry/17107/harilik-kohupiim--500-g/4740464710508",
     "hind": "1 95 /tk"
    },
    {
     "product": "Laktoosivaba kohupiimapasta, 300 g",
     "url": "https://www.prismamarket.ee/entry/17107/laktoosivaba-kohupiimapasta--300-g/4740036007319",
     "hind": "0 99 /tk"
    },
    {
     "product": "Kakaokohupiim, 500 g",
     "url": "https://www.prismamarket.ee/entry/17107/kakaokohupiim--500-g/4740464730506",
     "hind": "2 05 /tk"
    },
    {
     "product": "Mustika kohupiimakreem, 300 g",
     "url": "https://www.prismamarket.ee/entry/17107/mustika-kohupiimakreem--300-g/4740125612110",
     "hind": "0 89 /tk"
    },
    {
     "product": "Vanillimaitseline kohupiim, 200 g",
     "url": "https://www.prismamarket.ee/entry/17107/vanillimaitseline-kohupiim--200-g/4740572004339",
     "hind": "0 59 /tk"
    },
    {
     "product": "Kakao kohupiimapasta, 300 g",
     "url": "https://www.prismamarket.ee/entry/17107/kakao-kohupiimapasta--300-g/4740036014515",
     "hind": "0 89 /tk"
    },
    {
     "product": "Lahja kohupiim vanilliiniga, 200 g",
     "url": "https://www.prismamarket.ee/entry/17107/lahja-kohupiim-vanilliiniga--200-g/4740113034955",
     "hind": "0 85 /tk"
    },
    {
     "product": "Metsmaasika kohupiimakreem, 300 g",
     "url": "https://www.prismamarket.ee/entry/17107/metsmaasika-kohupiimakreem--300-g/4740125612103",
     "hind": "0 89 /tk"
    },
    {
     "product": "Kohupiim 5%, 200 g",
     "url": "https://www.prismamarket.ee/entry/17107/kohupiim-5---200-g/4740113091026",
     "hind": "0 89 /tk"
    },
    {
     "product": "Pehme kohupiim rasvatu, laktoosivaba 500 g",
     "url": "https://www.prismamarket.ee/entry/17107/pehme-kohupiim-rasvatu--laktoosivaba-500-g/4740153101112",
     "hind": "1 89 /tk"
    },
    {
     "product": "Kohupiim Lehmake, 100 g",
     "url": "https://www.prismamarket.ee/entry/17107/kohupiim-lehmake--100-g/4750072515068",
     "hind": "0 39 /tk"
    },
    {
     "product": "Kohupiim Tutti-Frutti, 100 g",
     "url": "https://www.prismamarket.ee/entry/17107/kohupiim-tutti-frutti--100-g/4750072515075",
     "hind": "0 39 /tk"
    }
   ]
  },
  {
   "info": [
    {
     "product": "Klassikaline kodujuust 5%, 200 g",
     "url": "https://www.prismamarket.ee/entry/17108/klassikaline-kodujuust-5---200-g/4740125633139",
     "hind": "1 09 /tk"
    },
    {
     "product": "Klassikaline kodujuust 5%, 380 g",
     "url": "https://www.prismamarket.ee/entry/17108/klassikaline-kodujuust-5---380-g/4740125633146",
     "hind": "1 59 /tk"
    },
    {
     "product": "Klassikaline kodujuust 4%, 300 g",
     "url": "https://www.prismamarket.ee/entry/17108/klassikaline-kodujuust-4---300-g/4740065003177",
     "hind": "1 39 /tk"
    },
    {
     "product": "Murakamoosiga kodujuust, 200 g",
     "url": "https://www.prismamarket.ee/entry/17108/murakamoosiga-kodujuust--200-g/4740125633023",
     "hind": "1 29 /tk"
    },
    {
     "product": "Rasvatu kodujuust 0,1%, 200 g",
     "url": "https://www.prismamarket.ee/entry/17108/rasvatu-kodujuust-0-1---200-g/4740125633047",
     "hind": "1 09 /tk"
    },
    {
     "product": "Mustikatega kodujuust, 150 g",
     "url": "https://www.prismamarket.ee/entry/17108/mustikatega-kodujuust--150-g/4770237043304",
     "hind": "0 89 /tk"
    },
    {
     "product": "Soolakurgi ja tilliga kodujuust, 200 g",
     "url": "https://www.prismamarket.ee/entry/17108/soolakurgi-ja-tilliga-kodujuust--200-g/4740125633078",
     "hind": "1 29 /tk"
    },
    {
     "product": "Kirssidega kodujuust, 150 g",
     "url": "https://www.prismamarket.ee/entry/17108/kirssidega-kodujuust--150-g/4770237043328",
     "hind": "0 89 /tk"
    },
    {
     "product": "Kodujuust rasvatu, 400 g",
     "url": "https://www.prismamarket.ee/entry/17108/kodujuust-rasvatu--400-g/6414893385832",
     "hind": "1 89 /tk"
    },
    {
     "product": "Kodujuust tomati, paprika ja tšilliga, 200 g",
     "url": "https://www.prismamarket.ee/entry/17108/kodujuust-tomati--paprika-ja-tsilliga--200-g/4740125633191",
     "hind": "1 29 /tk"
    },
    {
     "product": "Kodujuust väherasvane, laktoosivaba 330 g",
     "url": "https://www.prismamarket.ee/entry/17108/kodujuust-vaherasvane--laktoosivaba-330-g/4740113093549",
     "hind": "1 19 /tk"
    },
    {
     "product": "Kodujuust maasikatega 7% 150 g",
     "url": "https://www.prismamarket.ee/entry/17108/kodujuust-maasikatega-7--150-g/4770237054225",
     "hind": "0 89 /tk"
    },
    {
     "product": "Rohke koorega kodujuust, 330 g",
     "url": "https://www.prismamarket.ee/entry/17108/rohke-koorega-kodujuust--330-g/4740113090388",
     "hind": "1 39 /tk"
    },
    {
     "product": "Klassikaline kodujuust, 440 g",
     "url": "https://www.prismamarket.ee/entry/17108/klassikaline-kodujuust--440-g/4740572004353",
     "hind": "1 39 /tk"
    },
    {
     "product": "Laktoosivaba kodujuust, 220 g",
     "url": "https://www.prismamarket.ee/entry/17108/laktoosivaba-kodujuust--220-g/4740572004971",
     "hind": "0 95 /tk"
    },
    {
     "product": "Hapukoorega kodujuust, 660 g",
     "url": "https://www.prismamarket.ee/entry/17108/hapukoorega-kodujuust--660-g/4740572004797",
     "hind": "1 89 /tk"
    },
    {
     "product": "Karulaugupestoga kodujuust, 300 g",
     "url": "https://www.prismamarket.ee/entry/17108/karulaugupestoga-kodujuust--300-g/4740036012955",
     "hind": "1 39 /tk"
    },
    {
     "product": "Klassikaline kodujuust, 330 g",
     "url": "https://www.prismamarket.ee/entry/17108/klassikaline-kodujuust--330-g/4740572005190",
     "hind": "1 09 /tk"
    },
    {
     "product": "Kodujuust crème brûlée maitseline, 200 g",
     "url": "https://www.prismamarket.ee/entry/17108/kodujuust-creme-brulee-maitseline--200-g/4740125633184",
     "hind": "1 09 /tk"
    },
    {
     "product": "Hapukoorega kodujuust, 380 g",
     "url": "https://www.prismamarket.ee/entry/17108/hapukoorega-kodujuust--380-g/4740125633160",
     "hind": "1 29 /tk"
    }
   ]
  },
  {
   "info": [
    {
     "product": "Pärm, 50 g",
     "url": "https://www.prismamarket.ee/entry/17109/parm--50-g/73500384",
     "hind": "0 14 /tk"
    }
   ]
  }
 ]
}