{
 "name": "LEIB",
 "tooted": [
  {
   "info": [
    {
     "product": "Rukkileib Ruks, 380 g",
     "url": "https://www.prismamarket.ee/entry/17205/rukkileib-ruks--380-g/4740072114859",
     "hind": "0 65 /tk"
    },
    {
     "product": "Must leib 600 g",
     "url": "https://www.prismamarket.ee/entry/17205/must-leib-600-g/4740103020203",
     "hind": "0 85 /tk"
    },
    {
     "product": "Must vormileib, 600 g",
     "url": "https://www.prismamarket.ee/entry/17205/must-vormileib--600-g/4740086005068",
     "hind": "0 59 /tk"
    },
    {
     "product": "Tallinna peenleib, 475 g",
     "url": "https://www.prismamarket.ee/entry/17205/tallinna-peenleib--475-g/4740072113258",
     "hind": "0 79 /tk"
    },
    {
     "product": "Rehe rukkileib, 600 g",
     "url": "https://www.prismamarket.ee/entry/17205/rehe-rukkileib--600-g/4740086008069",
     "hind": "0 69 /tk"
    },
    {
     "product": "Jassi seemneleib, 310 g",
     "url": "https://www.prismamarket.ee/entry/17205/jassi-seemneleib--310-g/4740086001114",
     "hind": "0 85 /tk"
    },
    {
     "product": "Must seemneleib, 280 g",
     "url": "https://www.prismamarket.ee/entry/17205/must-seemneleib--280-g/4740103020609",
     "hind": "0 79 /tk"
    },
    {
     "product": "Kodukandi rukkileib, 390g",
     "url": "https://www.prismamarket.ee/entry/17205/kodukandi-rukkileib--390g/4740086001497",
     "hind": "0 69 /tk"
    },
    {
     "product": "Must leib, 300 g",
     "url": "https://www.prismamarket.ee/entry/17205/must-leib--300-g/4740103020210",
     "hind": "0 49 /tk"
    },
    {
     "product": "Rehe rukkileib, 390 g",
     "url": "https://www.prismamarket.ee/entry/17205/rehe-rukkileib--390-g/4740086008052",
     "hind": "0 65 /tk"
    },
    {
     "product": "Must vormileib, 280 g",
     "url": "https://www.prismamarket.ee/entry/17205/must-vormileib--280-g/4740086005075",
     "hind": "0 59 /tk"
    },
    {
     "product": "Must Jassi seemneleib, 310 g",
     "url": "https://www.prismamarket.ee/entry/17205/must-jassi-seemneleib--310-g/4740086009578",
     "hind": "0 89 /tk"
    },
    {
     "product": "Rukkileib, 350 g",
     "url": "https://www.prismamarket.ee/entry/17205/rukkileib--350-g/4740466001529",
     "hind": "0 99 /tk"
    },
    {
     "product": "Pealinna peenleib, 490 g",
     "url": "https://www.prismamarket.ee/entry/17205/pealinna-peenleib--490-g/4740086001138",
     "hind": "0 79 /tk"
    },
    {
     "product": "Pealinna peenleib, 1kg",
     "url": "https://www.prismamarket.ee/entry/17205/pealinna-peenleib--1kg/4740086001145",
     "hind": "1 19 /tk"
    },
    {
     "product": "Porgandileib, 390 g",
     "url": "https://www.prismamarket.ee/entry/17205/porgandileib--390-g/4740466001574",
     "hind": "1 09 /tk"
    },
    {
     "product": "Must põrandaleib, 390 g",
     "url": "https://www.prismamarket.ee/entry/17205/must-porandaleib--390-g/4740103020760",
     "hind": "0 78 /tk"
    },
    {
     "product": "Borodino leib, viilutatud 320 g",
     "url": "https://www.prismamarket.ee/entry/17205/borodino-leib--viilutatud-320-g/4740161011151",
     "hind": "1 09 /tk"
    },
    {
     "product": "Hiiumaa leib 400 g",
     "url": "https://www.prismamarket.ee/entry/17205/hiiumaa-leib-400-g/4740541000065",
     "hind": "1 09 /tk"
    },
    {
     "product": "Must põrandaleib 800 g",
     "url": "https://www.prismamarket.ee/entry/17205/must-porandaleib-800-g/4740103020753",
     "hind": "1 39 /tk"
    },
    {
     "product": "Must Pidupäevaleib, 500 g",
     "url": "https://www.prismamarket.ee/entry/17205/must-pidupaevaleib--500-g/4740103020777",
     "hind": "1 19 /tk"
    },
    {
     "product": "Seemneleib, 400g",
     "url": "https://www.prismamarket.ee/entry/17205/seemneleib--400g/4740103021682",
     "hind": "1 29 /tk"
    },
    {
     "product": "Maalahden viilutatud vormileib, 430 g",
     "url": "https://www.prismamarket.ee/entry/17205/maalahden-viilutatud-vormileib--430-g/6416120000600",
     "hind": "2 99 /tk"
    },
    {
     "product": "Tume vormileib, 240 g",
     "url": "https://www.prismamarket.ee/entry/17205/tume-vormileib--240-g/4740541001017",
     "hind": "0 49 /tk"
    },
    {
     "product": "Isa peenleib, 730 g",
     "url": "https://www.prismamarket.ee/entry/17205/isa-peenleib--730-g/4740072114651",
     "hind": "0 99 /tk"
    },
    {
     "product": "Rukkileib täisterajuuretisega 380 g",
     "url": "https://www.prismamarket.ee/entry/17205/rukkileib-taisterajuuretisega-380-g/4740072115757",
     "hind": "0 79 /tk"
    },
    {
     "product": "Rukkileib köömnetega, ÖKO 430 g",
     "url": "https://www.prismamarket.ee/entry/17205/rukkileib-koomnetega--oko-430-g/4740436000071",
     "hind": "2 69 /tk"
    },
    {
     "product": "Rukkileib kanepiseemnetega, ÖKO 430 g",
     "url": "https://www.prismamarket.ee/entry/17205/rukkileib-kanepiseemnetega--oko-430-g/4740436000880",
     "hind": "2 69 /tk"
    },
    {
     "product": "Rukkileib vähendatud suhkruga, ÖKO 400 g",
     "url": "https://www.prismamarket.ee/entry/17205/rukkileib-vahendatud-suhkruga--oko-400-g/4740436001764",
     "hind": "1 99 /tk"
    },
    {
     "product": "Terviseleib rukkijahust 260 g",
     "url": "https://www.prismamarket.ee/entry/17205/terviseleib-rukkijahust-260-g/4740373100292",
     "hind": "1 29 /tk"
    },
    {
     "product": "Ruks hele seemneleib 290 g",
     "url": "https://www.prismamarket.ee/entry/17205/ruks-hele-seemneleib-290-g/4740072125961",
     "hind": "0 79 /tk"
    },
    {
     "product": "Kodu rukkileib 340 g",
     "url": "https://www.prismamarket.ee/entry/17205/kodu-rukkileib-340-g/4740103023563",
     "hind": "0 69 /tk"
    },
    {
     "product": "Toolse leib, viilutatud 380 g",
     "url": "https://www.prismamarket.ee/entry/17205/toolse-leib--viilutatud-380-g/4740072116051",
     "hind": "0 65 /tk"
    },
    {
     "product": "Täistera rukkileib 730 g",
     "url": "https://www.prismamarket.ee/entry/17205/taistera-rukkileib-730-g/4740086020429",
     "hind": "1 49 /tk"
    },
    {
     "product": "Peenleib, viilutatud 380 g",
     "url": "https://www.prismamarket.ee/entry/17205/peenleib--viilutatud-380-g/4742216005696",
     "hind": "0 79 /tk"
    },
    {
     "product": "LEIB 340 g",
     "url": "https://www.prismamarket.ee/entry/17205/leib-340-g/4740103023112",
     "hind": "0 55 /tk"
    },
    {
     "product": "Rukkileib täistera 550 g",
     "url": "https://www.prismamarket.ee/entry/17205/rukkileib-taistera-550-g/4740103021910",
     "hind": "0 75 /tk"
    },
    {
     "product": "Täistera Ruks idandatud teradega 350 g",
     "url": "https://www.prismamarket.ee/entry/17205/taistera-ruks-idandatud-teradega-350-g/4740072126357",
     "hind": "0 99 /tk"
    },
    {
     "product": "Must põrandaleib seemnetega 390 g",
     "url": "https://www.prismamarket.ee/entry/17205/must-porandaleib-seemnetega-390-g/4740103020845",
     "hind": "0 99 /tk"
    },
    {
     "product": "Peremehe leib 600 g",
     "url": "https://www.prismamarket.ee/entry/17205/peremehe-leib-600-g/4740086021211",
     "hind": "1 29 /tk"
    },
    {
     "product": "Õlle-kaljateo leib 1 kg",
     "url": "https://www.prismamarket.ee/entry/17205/olle-kaljateo-leib-1-kg/4740633481086",
     "hind": "2 99 /tk"
    },
    {
     "product": "Rukkileib seemnetega, 350 g",
     "url": "https://www.prismamarket.ee/entry/17205/rukkileib-seemnetega--350-g/4740541003691",
     "hind": "1 79 /tk"
    },
    {
     "product": "Meie Eesti rukkileib, 320g",
     "url": "https://www.prismamarket.ee/entry/17205/meie-eesti-rukkileib--320g/4740064416428",
     "hind": "0 99 /tk"
    },
    {
     "product": "Meie Eesti peenleib, 370 g",
     "url": "https://www.prismamarket.ee/entry/17205/meie-eesti-peenleib--370-g/4740064416435",
     "hind": "0 99 /tk"
    },
    {
     "product": "Isa peenleib, 350 g",
     "url": "https://www.prismamarket.ee/entry/17205/isa-peenleib--350-g/4740072114255",
     "hind": "0 49 /tk"
    },
    {
     "product": "Pärnu leib, 600 g",
     "url": "https://www.prismamarket.ee/entry/17205/parnu-leib--600-g/4740064015355",
     "hind": "0 89 /tk"
    },
    {
     "product": "Rukki-seemneleib, 380 g",
     "url": "https://www.prismamarket.ee/entry/17205/rukki-seemneleib--380-g/4740466002014",
     "hind": "1 19 /tk"
    },
    {
     "product": "Must rukkileib, 390 g",
     "url": "https://www.prismamarket.ee/entry/17205/must-rukkileib--390-g/4740086012196",
     "hind": "0 65 /tk"
    },
    {
     "product": "Tatraleib 350 g",
     "url": "https://www.prismamarket.ee/entry/17205/tatraleib-350-g/4742036004596",
     "hind": "2 09 /tk"
    },
    {
     "product": "Rukkileib, 720 g",
     "url": "https://www.prismamarket.ee/entry/17205/rukkileib--720-g/4740466001512",
     "hind": "1 49 /tk"
    },
    {
     "product": "Kanepiseemne leib rukkiteradega, 500 g",
     "url": "https://www.prismamarket.ee/entry/17205/kanepiseemne-leib-rukkiteradega--500-g/4740086013759",
     "hind": "0 99 /tk"
    },
    {
     "product": "Pärnu rukkileib, 260 g",
     "url": "https://www.prismamarket.ee/entry/17205/parnu-rukkileib--260-g/4740064419054",
     "hind": "0 59 /tk"
    },
    {
     "product": "Rukkirääk, 260 g",
     "url": "https://www.prismamarket.ee/entry/17205/rukkiraak--260-g/4740064419047",
     "hind": "0 59 /tk"
    },
    {
     "product": "Leib Bruno, 350 g",
     "url": "https://www.prismamarket.ee/entry/17205/leib-bruno--350-g/4740541007125",
     "hind": "0 69 /tk"
    },
    {
     "product": "Rukkitäistera leib, 310 g",
     "url": "https://www.prismamarket.ee/entry/17205/rukkitaistera-leib--310-g/4740633410604",
     "hind": "0 69 /tk"
    },
    {
     "product": "Must ronk must leib, 600 g",
     "url": "https://www.prismamarket.ee/entry/17205/must-ronk-must-leib--600-g/4740064419320",
     "hind": "0 99 /tk"
    },
    {
     "product": "Muhu leib seemnetega, 850 g",
     "url": "https://www.prismamarket.ee/entry/17205/muhu-leib-seemnetega--850-g/4744372010019",
     "hind": "3 69 /tk"
    },
    {
     "product": "Muhu leib seemnetega, 425 g",
     "url": "https://www.prismamarket.ee/entry/17205/muhu-leib-seemnetega--425-g/4744372010026",
     "hind": "1 99 /tk"
    },
    {
     "product": "Meie Eesti 100 uudseleib, 600 g",
     "url": "https://www.prismamarket.ee/entry/17205/meie-eesti-100-uudseleib--600-g/4740373100285",
     "hind": "1 49 /tk"
    },
    {
     "product": "Muhu Leib ristiköömnetega, 420 g",
     "url": "https://www.prismamarket.ee/entry/17205/muhu-leib-ristikoomnetega--420-g/4744372010033",
     "hind": "1 99 /tk"
    },
    {
     "product": "Täisteraleib tatraga, gluteenivaba 250 g",
     "url": "https://www.prismamarket.ee/entry/17205/taisteraleib-tatraga--gluteenivaba-250-g/8008698014011",
     "hind": "2 29 /tk"
    }
   ]
  },
  {
   "info": [
    {
     "product": "Rukkipala, 330 g",
     "url": "https://www.prismamarket.ee/entry/17206/rukkipala--330-g/4740072130514",
     "hind": "0 60 /tk"
    },
    {
     "product": "Must taskuleib seemnetega, 270 g",
     "url": "https://www.prismamarket.ee/entry/17206/must-taskuleib-seemnetega--270-g/4740103020654",
     "hind": "0 69 /tk"
    },
    {
     "product": "OatFit kaerasüda, 250 g",
     "url": "https://www.prismamarket.ee/entry/17206/oatfit-kaerasuda--250-g/4740072131412",
     "hind": "1 09 /tk"
    },
    {
     "product": "Must pehmik, 240 g",
     "url": "https://www.prismamarket.ee/entry/17206/must-pehmik--240-g/4740086012189",
     "hind": "0 85 /tk"
    },
    {
     "product": "Rehe koorikleib, 200 g",
     "url": "https://www.prismamarket.ee/entry/17206/rehe-koorikleib--200-g/4740086014367",
     "hind": "0 55 /tk"
    },
    {
     "product": "Peedi-porgandi-pastinaagi-pihlaka pehmik, 240 g",
     "url": "https://www.prismamarket.ee/entry/17206/peedi-porgandi-pastinaagi-pihlaka-pehmik--240-g/4740086015678",
     "hind": "0 89 /tk"
    },
    {
     "product": "Teratasku, 280 g",
     "url": "https://www.prismamarket.ee/entry/17206/teratasku--280-g/4740086015395",
     "hind": "0 59 /tk"
    },
    {
     "product": "Seemnepala, 280g",
     "url": "https://www.prismamarket.ee/entry/17206/seemnepala--280g/4740103063903",
     "hind": "0 99 /tk"
    },
    {
     "product": "Täisterarukkileib, öko 480 g",
     "url": "https://www.prismamarket.ee/entry/17206/taisterarukkileib--oko-480-g/6411402105806",
     "hind": "1 59 /tk"
    },
    {
     "product": "Kaeraleivuke 100% kaerast palaleib 220 g",
     "url": "https://www.prismamarket.ee/entry/17206/kaeraleivuke-100--kaerast-palaleib-220-g/4740103020487",
     "hind": "0 99 /tk"
    },
    {
     "product": "Rukki seemnepala 300 g",
     "url": "https://www.prismamarket.ee/entry/17206/rukki-seemnepala-300-g/4740103020449",
     "hind": "1 19 /tk"
    },
    {
     "product": "Must taskuleib 260 g",
     "url": "https://www.prismamarket.ee/entry/17206/must-taskuleib-260-g/4740103020470",
     "hind": "0 75 /tk"
    },
    {
     "product": "Rukkipala idandatud teradega 240 g",
     "url": "https://www.prismamarket.ee/entry/17206/rukkipala-idandatud-teradega-240-g/4740072132518",
     "hind": "1 09 /tk"
    },
    {
     "product": "Ruks seemnepala 260 g",
     "url": "https://www.prismamarket.ee/entry/17206/ruks-seemnepala-260-g/4740072132211",
     "hind": "0 79 /tk"
    },
    {
     "product": "Mitmevilja pehmik, 240 g",
     "url": "https://www.prismamarket.ee/entry/17206/mitmevilja-pehmik--240-g/4740086011601",
     "hind": "0 69 /tk"
    },
    {
     "product": "Kaera pehmik, 220 g",
     "url": "https://www.prismamarket.ee/entry/17206/kaera-pehmik--220-g/4740086011595",
     "hind": "0 85 /tk"
    }
   ]
  },
  {
   "info": [
    {
     "product": "Perenaise sai, 320 g",
     "url": "https://www.prismamarket.ee/entry/17207/perenaise-sai--320-g/4740086000728",
     "hind": "0 35 /tk"
    },
    {
     "product": "Suur Perenaise sai, 500 g",
     "url": "https://www.prismamarket.ee/entry/17207/suur-perenaise-sai--500-g/4740086008526",
     "hind": "0 65 /tk"
    },
    {
     "product": "Suur kodusai, 500 g",
     "url": "https://www.prismamarket.ee/entry/17207/suur-kodusai--500-g/4740103010020",
     "hind": "0 79 /tk"
    },
    {
     "product": "Kodusai, 320g",
     "url": "https://www.prismamarket.ee/entry/17207/kodusai--320g/4740103010914",
     "hind": "0 55 /tk"
    },
    {
     "product": "Hea sai, 300 g",
     "url": "https://www.prismamarket.ee/entry/17207/hea-sai--300-g/4740086006737",
     "hind": "0 39 /tk"
    },
    {
     "product": "Hiiu talusai, 480 g",
     "url": "https://www.prismamarket.ee/entry/17207/hiiu-talusai--480-g/4740541001055",
     "hind": "0 99 /tk"
    },
    {
     "product": "Magusõieke, 280 g",
     "url": "https://www.prismamarket.ee/entry/17207/magusoieke--280-g/4742036000758",
     "hind": "0 99 /tk"
    },
    {
     "product": "Schär Pan Blanco gluteenivaba sai, 250 g",
     "url": "https://www.prismamarket.ee/entry/17207/schar-pan-blanco-gluteenivaba-sai--250-g/8008698024065",
     "hind": "2 19 /tk"
    },
    {
     "product": "Schär Pan Rustico gluteenivaba sai, 250 g",
     "url": "https://www.prismamarket.ee/entry/17207/schar-pan-rustico-gluteenivaba-sai--250-g/8008698024188",
     "hind": "2 49 /tk"
    },
    {
     "product": "Schär Pan Multigrano gluteenivaba sai, 250g",
     "url": "https://www.prismamarket.ee/entry/17207/schar-pan-multigrano-gluteenivaba-sai--250g/8008698024140",
     "hind": "2 39 /tk"
    },
    {
     "product": "Kaneelisüda, 200g",
     "url": "https://www.prismamarket.ee/entry/17207/kaneelisuda--200g/4740507007329",
     "hind": "0 89 /tk"
    },
    {
     "product": "Kirde sai, 300 g",
     "url": "https://www.prismamarket.ee/entry/17207/kirde-sai--300-g/4740072215556",
     "hind": "0 52 /tk"
    },
    {
     "product": "Moonisüda, 200 g",
     "url": "https://www.prismamarket.ee/entry/17207/moonisuda--200-g/4740507007312",
     "hind": "0 89 /tk"
    },
    {
     "product": "Moonipalmik 290 g",
     "url": "https://www.prismamarket.ee/entry/17207/moonipalmik-290-g/4740633430718",
     "hind": "0 59 /tk"
    },
    {
     "product": "RÖST 500 g",
     "url": "https://www.prismamarket.ee/entry/17207/rost-500-g/4740103011010",
     "hind": "0 75 /tk"
    },
    {
     "product": "Meie Eesti sai 200 g",
     "url": "https://www.prismamarket.ee/entry/17207/meie-eesti-sai-200-g/4740064100112",
     "hind": "0 49 /tk"
    },
    {
     "product": "Kuldne teraröst 260 g",
     "url": "https://www.prismamarket.ee/entry/17207/kuldne-terarost-260-g/4740072254456",
     "hind": "0 89 /tk"
    },
    {
     "product": "Suur Kirde sai 450 g",
     "url": "https://www.prismamarket.ee/entry/17207/suur-kirde-sai-450-g/4740072215754",
     "hind": "0 76 /tk"
    },
    {
     "product": "Muhu hapusai 540 g",
     "url": "https://www.prismamarket.ee/entry/17207/muhu-hapusai-540-g/4744372011177",
     "hind": "4 29 /tk"
    },
    {
     "product": "Hiiu talusai, 230 g",
     "url": "https://www.prismamarket.ee/entry/17207/hiiu-talusai--230-g/4740541003462",
     "hind": "0 69 /tk"
    },
    {
     "product": "Finest keefirisai kaltsiumiga 350 g",
     "url": "https://www.prismamarket.ee/entry/17207/finest-keefirisai-kaltsiumiga-350-g/4740103011058",
     "hind": "0 59 /tk"
    },
    {
     "product": "Rosinasai, 400 g",
     "url": "https://www.prismamarket.ee/entry/17207/rosinasai--400-g/4740086000452",
     "hind": "0 99 /tk"
    },
    {
     "product": "Schär gluteenivaba seemnesai, 350 g",
     "url": "https://www.prismamarket.ee/entry/17207/schar-gluteenivaba-seemnesai--350-g/8008698011065",
     "hind": "3 99 /tk"
    },
    {
     "product": "Schär gluteenivaba mitmeviljasai, 300 g",
     "url": "https://www.prismamarket.ee/entry/17207/schar-gluteenivaba-mitmeviljasai--300-g/8008698007389",
     "hind": "3 69 /tk"
    }
   ]
  },
  {
   "info": [
    {
     "product": "Õnne sepik, 300 g",
     "url": "https://www.prismamarket.ee/entry/17208/onne-sepik--300-g/4740086000094",
     "hind": "0 55 /tk"
    },
    {
     "product": "Rukkisepik, 300 g",
     "url": "https://www.prismamarket.ee/entry/17208/rukkisepik--300-g/4740086009981",
     "hind": "0 65 /tk"
    },
    {
     "product": "Suhkruvaba sepik, 280 g",
     "url": "https://www.prismamarket.ee/entry/17208/suhkruvaba-sepik--280-g/4742036009287",
     "hind": "0 59 /tk"
    },
    {
     "product": "Täisterasepik, 500g",
     "url": "https://www.prismamarket.ee/entry/17208/taisterasepik--500g/4740086016071",
     "hind": "0 99 /tk"
    },
    {
     "product": "Kaerasepik, 360 g",
     "url": "https://www.prismamarket.ee/entry/17208/kaerasepik--360-g/4740072224152",
     "hind": "0 79 /tk"
    },
    {
     "product": "Sepik kaeraga, 400 g",
     "url": "https://www.prismamarket.ee/entry/17208/sepik-kaeraga--400-g/4740072224251",
     "hind": "1 09 /tk"
    },
    {
     "product": "Südamesepik täistera 300 g",
     "url": "https://www.prismamarket.ee/entry/17208/sudamesepik-taistera-300-g/4740103012338",
     "hind": "0 75 /tk"
    },
    {
     "product": "Rukkisepik täistera 350 g",
     "url": "https://www.prismamarket.ee/entry/17208/rukkisepik-taistera-350-g/4740103012352",
     "hind": "0 79 /tk"
    },
    {
     "product": "Kaerasepik 300 g",
     "url": "https://www.prismamarket.ee/entry/17208/kaerasepik-300-g/4740086020894",
     "hind": "0 75 /tk"
    },
    {
     "product": "Linaseemnesepik 360 g",
     "url": "https://www.prismamarket.ee/entry/17208/linaseemnesepik-360-g/4740072224558",
     "hind": "0 79 /tk"
    }
   ]
  },
  {
   "info": [
    {
     "product": "Mitmevilja röst, 470 g",
     "url": "https://www.prismamarket.ee/entry/17209/mitmevilja-rost--470-g/4740072252858",
     "hind": "0 85 /tk"
    },
    {
     "product": "Saib 100% rukkijahust, 370 g",
     "url": "https://www.prismamarket.ee/entry/17209/saib-100--rukkijahust--370-g/4740072123653",
     "hind": "0 89 /tk"
    },
    {
     "product": "Kuldne klassikaline röstsai, 500 g",
     "url": "https://www.prismamarket.ee/entry/17209/kuldne-klassikaline-rostsai--500-g/4740072251554",
     "hind": "0 75 /tk"
    },
    {
     "product": "Röst rukkijahust, 470 g",
     "url": "https://www.prismamarket.ee/entry/17209/rost-rukkijahust--470-g/4740072252759",
     "hind": "1 15 /tk"
    },
    {
     "product": "Tosta! Röstsai, 500 g",
     "url": "https://www.prismamarket.ee/entry/17209/tosta--rostsai--500-g/4740086007222",
     "hind": "0 82 /tk"
    },
    {
     "product": "Tosta! mitmevilja-röst, 500 g",
     "url": "https://www.prismamarket.ee/entry/17209/tosta--mitmevilja-rost--500-g/4740086007239",
     "hind": "0 95 /tk"
    },
    {
     "product": "Pagari röst seemnetega, 430 g",
     "url": "https://www.prismamarket.ee/entry/17209/pagari-rost-seemnetega--430-g/4740086010727",
     "hind": "0 89 /tk"
    },
    {
     "product": "Tosta! Rukkiröst, 390 g",
     "url": "https://www.prismamarket.ee/entry/17209/tosta--rukkirost--390-g/4740086008311",
     "hind": "0 89 /tk"
    },
    {
     "product": "Pagariröst juustuga, 430 g",
     "url": "https://www.prismamarket.ee/entry/17209/pagarirost-juustuga--430-g/4740086010710",
     "hind": "0 89 /tk"
    },
    {
     "product": "Kodusai röst, 500 g",
     "url": "https://www.prismamarket.ee/entry/17209/kodusai-rost--500-g/4740103010549",
     "hind": "0 75 /tk"
    },
    {
     "product": "Mitmeviljaröstsai, laktoosivaba 310 g",
     "url": "https://www.prismamarket.ee/entry/17209/mitmeviljarostsai--laktoosivaba-310-g/6414893386778",
     "hind": "1 05 /tk"
    },
    {
     "product": "Röst mitmevilja 250 g",
     "url": "https://www.prismamarket.ee/entry/17209/rost-mitmevilja-250-g/4740072254357",
     "hind": "0 89 /tk"
    },
    {
     "product": "Rösti Brioche röstsai 450 g",
     "url": "https://www.prismamarket.ee/entry/17209/rosti-brioche-rostsai-450-g/4740103011119",
     "hind": "1 19 /tk"
    },
    {
     "product": "Haputaina Pehmik 4 x 60 g",
     "url": "https://www.prismamarket.ee/entry/17209/haputaina-pehmik-4-x-60-g/4740086020719",
     "hind": "0 69 /tk"
    },
    {
     "product": "Röst Täistera pala 220 g",
     "url": "https://www.prismamarket.ee/entry/17209/rost-taistera-pala-220-g/4740072241616",
     "hind": "0 75 /tk"
    },
    {
     "product": "Mitmevilja pala 220 g",
     "url": "https://www.prismamarket.ee/entry/17209/mitmevilja-pala-220-g/4740072241012",
     "hind": "0 79 /tk"
    },
    {
     "product": "Pagari Kaeraröst 430 g",
     "url": "https://www.prismamarket.ee/entry/17209/pagari-kaerarost-430-g/4740086020900",
     "hind": "1 19 /tk"
    },
    {
     "product": "Rösti 5-vilja täisterahelvestega, 450g",
     "url": "https://www.prismamarket.ee/entry/17209/rosti-5-vilja-taisterahelvestega--450g/4740103011140",
     "hind": "0 89 /tk"
    },
    {
     "product": "Pagariröst täistera, 430 g",
     "url": "https://www.prismamarket.ee/entry/17209/pagarirost-taistera--430-g/4740086013742",
     "hind": "0 72 /tk"
    },
    {
     "product": "Kuldne täisterasepik 500 g",
     "url": "https://www.prismamarket.ee/entry/17209/kuldne-taisterasepik-500-g/4740072253855",
     "hind": "1 09 /tk"
    },
    {
     "product": "Rösti keefiri röstsai kaltsiumiga, 450 g",
     "url": "https://www.prismamarket.ee/entry/17209/rosti-keefiri-rostsai-kaltsiumiga--450-g/4740103011164",
     "hind": "1 05 /tk"
    },
    {
     "product": "OatFit kaeraröst, 550 g",
     "url": "https://www.prismamarket.ee/entry/17209/oatfit-kaerarost--550-g/4740072253657",
     "hind": "1 19 /tk"
    },
    {
     "product": "Kuldne klassikaline röstsai, 250 g",
     "url": "https://www.prismamarket.ee/entry/17209/kuldne-klassikaline-rostsai--250-g/4740072254050",
     "hind": "0 69 /tk"
    },
    {
     "product": "Röst kaerajuuretisega, 280 g",
     "url": "https://www.prismamarket.ee/entry/17209/rost-kaerajuuretisega--280-g/4740072254159",
     "hind": "0 89 /tk"
    },
    {
     "product": "Seemneröst 450 g",
     "url": "https://www.prismamarket.ee/entry/17209/seemnerost-450-g/4740103011188",
     "hind": "1 09 /tk"
    },
    {
     "product": "Kuldne Brioche röstsai kurkumiga 260 g",
     "url": "https://www.prismamarket.ee/entry/17209/kuldne-brioche-rostsai-kurkumiga-260-g/4740072254258",
     "hind": "0 99 /tk"
    }
   ]
  },
  {
   "info": [
    {
     "product": "Rösti mitmeviljaröstkukkel, 260 g",
     "url": "https://www.prismamarket.ee/entry/17210/rosti-mitmeviljarostkukkel--260-g/4740103063408",
     "hind": "0 69 /tk"
    },
    {
     "product": "Juustumuhkel, 200 g",
     "url": "https://www.prismamarket.ee/entry/17210/juustumuhkel--200-g/4740103064412",
     "hind": "0 79 /tk"
    },
    {
     "product": "Juustukukkel, 200 g",
     "url": "https://www.prismamarket.ee/entry/17210/juustukukkel--200-g/4740086007673",
     "hind": "0 79 /tk"
    },
    {
     "product": "Rosinakukkel 4 tk, 180 g",
     "url": "https://www.prismamarket.ee/entry/17210/rosinakukkel-4-tk--180-g/4740086015791",
     "hind": "0 69 /tk"
    },
    {
     "product": "Piimik 400 g",
     "url": "https://www.prismamarket.ee/entry/17210/piimik-400-g/4740086019409",
     "hind": "1 99 /tk"
    },
    {
     "product": "Piimik šokolaadiga 400 g",
     "url": "https://www.prismamarket.ee/entry/17210/piimik-sokolaadiga-400-g/4740086019416",
     "hind": "2 19 /tk"
    },
    {
     "product": "Saaremaa Leivakukkel 550 g",
     "url": "https://www.prismamarket.ee/entry/17210/saaremaa-leivakukkel-550-g/4740161013421",
     "hind": "3 49 /tk"
    },
    {
     "product": "Schär gluteenivaba ciabatta 200 g",
     "url": "https://www.prismamarket.ee/entry/17210/schar-gluteenivaba-ciabatta-200-g/8008698003152",
     "hind": "3 69 /tk"
    },
    {
     "product": "Schär hamburgerikukkel, 4x75 g",
     "url": "https://www.prismamarket.ee/entry/17210/schar-hamburgerikukkel--4x75-g/8008698012246",
     "hind": "5 99 /tk"
    }
   ]
  },
  {
   "info": [
    {
     "product": "Gruusia rahvusleib puri, 330 g",
     "url": "https://www.prismamarket.ee/entry/17211/gruusia-rahvusleib-puri--330-g/4742581004423",
     "hind": "0 79 /tk"
    },
    {
     "product": "Gruusia rahvusleib shoti, 330 g",
     "url": "https://www.prismamarket.ee/entry/17211/gruusia-rahvusleib-shoti--330-g/4742581004416",
     "hind": "0 79 /tk"
    },
    {
     "product": "Lavašš Armeenia rahvusleib, 150 g",
     "url": "https://www.prismamarket.ee/entry/17211/lavass-armeenia-rahvusleib--150-g/4742581004430",
     "hind": "0 79 /tk"
    },
    {
     "product": "Mini Lavash 6 tk, 120 g",
     "url": "https://www.prismamarket.ee/entry/17211/mini-lavash-6-tk--120-g/4744158010288",
     "hind": "0 79 /tk"
    },
    {
     "product": "Classic lavash 120 g",
     "url": "https://www.prismamarket.ee/entry/17211/classic-lavash-120-g/4744158010424",
     "hind": "0 69 /tk"
    },
    {
     "product": "Ciabatta hele kukkel 210 g",
     "url": "https://www.prismamarket.ee/entry/17211/ciabatta-hele-kukkel-210-g/4740086012295",
     "hind": "0 59 /tk"
    },
    {
     "product": "Tume ciabatta, 240 g",
     "url": "https://www.prismamarket.ee/entry/17211/tume-ciabatta--240-g/4740086012318",
     "hind": "0 69 /tk"
    },
    {
     "product": "Pita leib, 210 g",
     "url": "https://www.prismamarket.ee/entry/17211/pita-leib--210-g/4751007275439",
     "hind": "0 99 /tk"
    },
    {
     "product": "Araabia leib 250 g",
     "url": "https://www.prismamarket.ee/entry/17211/araabia-leib-250-g/4751007270199",
     "hind": "1 09 /tk"
    },
    {
     "product": "Gruusia leib, 600 g",
     "url": "https://www.prismamarket.ee/entry/17211/gruusia-leib--600-g/4740392000023",
     "hind": "1 35 /tk"
    },
    {
     "product": "Gruusia leib, 300 g",
     "url": "https://www.prismamarket.ee/entry/17211/gruusia-leib--300-g/4740392000016",
     "hind": "0 75 /tk"
    },
    {
     "product": "Täisteratortilla, 160 g",
     "url": "https://www.prismamarket.ee/entry/17211/taisteratortilla--160-g/4744158010400",
     "hind": "0 99 /tk"
    },
    {
     "product": "Täisterajahu lavašš, 120 g",
     "url": "https://www.prismamarket.ee/entry/17211/taisterajahu-lavass--120-g/4744158010554",
     "hind": "0 79 /tk"
    },
    {
     "product": "Street Food Wrap 440 g",
     "url": "https://www.prismamarket.ee/entry/17211/street-food-wrap-440-g/4740103098127",
     "hind": "1 59 /tk"
    },
    {
     "product": "Ciabatta oliividega 220 g",
     "url": "https://www.prismamarket.ee/entry/17211/ciabatta-oliividega-220-g/4740086019133",
     "hind": "0 79 /tk"
    },
    {
     "product": "Street Food lapi leib kaeraga 180 g",
     "url": "https://www.prismamarket.ee/entry/17211/street-food-lapi-leib-kaeraga-180-g/4740103098103",
     "hind": "1 39 /tk"
    },
    {
     "product": "Golden Tortilla 160 g",
     "url": "https://www.prismamarket.ee/entry/17211/golden-tortilla-160-g/4744158010585",
     "hind": "0 99 /tk"
    },
    {
     "product": "Rukki Pita 210 g",
     "url": "https://www.prismamarket.ee/entry/17211/rukki-pita-210-g/4751007270458",
     "hind": "0 99 /tk"
    },
    {
     "product": "Soft Taco 120 g",
     "url": "https://www.prismamarket.ee/entry/17211/soft-taco-120-g/4744158010547",
     "hind": "0 79 /tk"
    },
    {
     "product": "Golden Lavash 120 g",
     "url": "https://www.prismamarket.ee/entry/17211/golden-lavash-120-g/4744158010592",
     "hind": "0 79 /tk"
    },
    {
     "product": "Rukki Lavash (Lameleib) 120 g",
     "url": "https://www.prismamarket.ee/entry/17211/rukki-lavash--lameleib--120-g/4744158010189",
     "hind": "0 99 /tk"
    }
   ]
  },
  {
   "info": [
    {
     "product": "Schär gluteenivaba ciabatta eelküpsetatud, 200 g",
     "url": "https://www.prismamarket.ee/entry/17213/schar-gluteenivaba-ciabatta-eelkupsetatud--200-g/8008698010259",
     "hind": "3 99 /tk"
    },
    {
     "product": "Prantsuse pikad saiad 2 tk, 300 g",
     "url": "https://www.prismamarket.ee/entry/17213/prantsuse-pikad-saiad-2-tk--300-g/6415712343354",
     "hind": "1 39 /tk"
    },
    {
     "product": "Maasai, eelküpsetatud 250 g",
     "url": "https://www.prismamarket.ee/entry/17213/maasai--eelkupsetatud-250-g/6415712903701",
     "hind": "1 49 /tk"
    },
    {
     "product": "Ciabattines, eelküpsetatud 250 g",
     "url": "https://www.prismamarket.ee/entry/17213/ciabattines--eelkupsetatud-250-g/6415712903763",
     "hind": "1 49 /tk"
    },
    {
     "product": "Ciabatta, eelküpsetatud 250 g",
     "url": "https://www.prismamarket.ee/entry/17213/ciabatta--eelkupsetatud-250-g/6415715910164",
     "hind": "1 39 /tk"
    },
    {
     "product": "Baguette, eelküpsetatud 300 g",
     "url": "https://www.prismamarket.ee/entry/17213/baguette--eelkupsetatud-300-g/6415715910195",
     "hind": "1 59 /tk"
    },
    {
     "product": "Mini-baguette, eelküpsetatud, gluteenivabad 6 x 50 g",
     "url": "https://www.prismamarket.ee/entry/17213/mini-baguette--eelkupsetatud--gluteenivabad-6-x-50-g/7310100564993",
     "hind": "4 99 /tk"
    },
    {
     "product": "Mini baguette, eelküpsetatud 300 g",
     "url": "https://www.prismamarket.ee/entry/17213/mini-baguette--eelkupsetatud-300-g/6415712343316",
     "hind": "1 39 /tk"
    },
    {
     "product": "Prantsuse kuklid 12 tk, 600 g",
     "url": "https://www.prismamarket.ee/entry/17213/prantsuse-kuklid-12-tk--600-g/6415712905248",
     "hind": "2 39 /tk"
    },
    {
     "product": "Mini-baguette´d muredad, gluteenivabad 6 x 50 g",
     "url": "https://www.prismamarket.ee/entry/17213/mini-baguette-d-muredad--gluteenivabad-6-x-50-g/7310100564818",
     "hind": "4 99 /tk"
    },
    {
     "product": "Ciabatta oliividega, gluteenivaba, mahe 360 g",
     "url": "https://www.prismamarket.ee/entry/17213/ciabatta-oliividega--gluteenivaba--mahe-360-g/4022993045604",
     "hind": "5 99 /tk"
    }
   ]
  },
  {
   "info": [
    {
     "product": "Liha-riisipirukas pärmitaignast, 120 g",
     "url": "https://www.prismamarket.ee/entry/17214/liha-riisipirukas-parmitaignast--120-g/4742036001182",
     "hind": "0 99 /tk"
    },
    {
     "product": "Kapsapirukas, 2 tk, 120 g",
     "url": "https://www.prismamarket.ee/entry/17214/kapsapirukas--2-tk--120-g/4742036001274",
     "hind": "0 99 /tk"
    },
    {
     "product": "Võiroos, 150 g",
     "url": "https://www.prismamarket.ee/entry/17214/voiroos--150-g/4742036000628",
     "hind": "1 19 /tk"
    },
    {
     "product": "Porgandipirukas pärmitaignast, 120 g",
     "url": "https://www.prismamarket.ee/entry/17214/porgandipirukas-parmitaignast--120-g/4742036001205",
     "hind": "0 89 /tk"
    },
    {
     "product": "Küpsis juustupulk 400 g",
     "url": "https://www.prismamarket.ee/entry/17214/kupsis-juustupulk-400-g/4742038000275",
     "hind": "4 89 /tk"
    },
    {
     "product": "Lihapirukas, 120 g",
     "url": "https://www.prismamarket.ee/entry/17214/lihapirukas--120-g/4740086008632",
     "hind": "0 89 /tk"
    },
    {
     "product": "Küpsis juustupulk, 250 g",
     "url": "https://www.prismamarket.ee/entry/17214/kupsis-juustupulk--250-g/4740507001037",
     "hind": "2 79 /tk"
    },
    {
     "product": "Snäkk soolane, 50 g",
     "url": "https://www.prismamarket.ee/entry/17214/snakk-soolane--50-g/4742036002370",
     "hind": "1 19 /tk"
    },
    {
     "product": "Kodune lihapirukas 2x100g",
     "url": "https://www.prismamarket.ee/entry/17214/kodune-lihapirukas-2x100g/4740667000635",
     "hind": "1 69 /tk"
    },
    {
     "product": "Rukki-tuhaõhikud 130 g",
     "url": "https://www.prismamarket.ee/entry/17214/rukki-tuhaohikud-130-g/4740670111557",
     "hind": "3 09 /tk"
    },
    {
     "product": "Juustuküpsis 250 g",
     "url": "https://www.prismamarket.ee/entry/17214/juustukupsis-250-g/4742216001582",
     "hind": "2 19 /tk"
    },
    {
     "product": "Juustukeeris 225 g",
     "url": "https://www.prismamarket.ee/entry/17214/juustukeeris-225-g/4740429060662",
     "hind": "1 99 /tk"
    },
    {
     "product": "Küüslauguleib 200g",
     "url": "https://www.prismamarket.ee/entry/17214/kuuslauguleib-200g/4740541001567",
     "hind": "1 99 /tk"
    },
    {
     "product": "Croissant juustuga, 90 g",
     "url": "https://www.prismamarket.ee/entry/17214/croissant-juustuga--90-g/4742036009768",
     "hind": "0 79 /tk"
    },
    {
     "product": "Täisterasnäkk, 250 g",
     "url": "https://www.prismamarket.ee/entry/17214/taisterasnakk--250-g/4740633471087",
     "hind": "1 79 /tk"
    },
    {
     "product": "Juustustritsel 350 g",
     "url": "https://www.prismamarket.ee/entry/17214/juustustritsel-350-g/4740086017269",
     "hind": "2 59 /tk"
    },
    {
     "product": "Khachapuri 310 g",
     "url": "https://www.prismamarket.ee/entry/17214/khachapuri-310-g/4742967010031",
     "hind": "3 79 /tk"
    },
    {
     "product": "Juustukeeleke 200 g",
     "url": "https://www.prismamarket.ee/entry/17214/juustukeeleke-200-g/4740429330161",
     "hind": "2 99 /tk"
    },
    {
     "product": "Köömneküpsis 400 g",
     "url": "https://www.prismamarket.ee/entry/17214/koomnekupsis-400-g/4740161049987",
     "hind": "4 39 /tk"
    }
   ]
  },
  {
   "info": [
    {
     "product": "Kohupiimakorp 2tk/pk 160g",
     "url": "https://www.prismamarket.ee/entry/17216/kohupiimakorp-2tk-pk-160g/4742581001071",
     "hind": "1 29 /tk"
    },
    {
     "product": "Vahukreemikringel, 450 g",
     "url": "https://www.prismamarket.ee/entry/17216/vahukreemikringel--450-g/4740086005754",
     "hind": "2 99 /tk"
    },
    {
     "product": "Rummisai kirsiga 2 tk, 140 g",
     "url": "https://www.prismamarket.ee/entry/17216/rummisai-kirsiga-2-tk--140-g/4742036009492",
     "hind": "0 99 /tk"
    },
    {
     "product": "Kohupiimasaiake, 130 g",
     "url": "https://www.prismamarket.ee/entry/17216/kohupiimasaiake--130-g/4740086009004",
     "hind": "0 89 /tk"
    },
    {
     "product": "Kaneelisaiake 110 g",
     "url": "https://www.prismamarket.ee/entry/17216/kaneelisaiake-110-g/4740086008663",
     "hind": "0 69 /tk"
    },
    {
     "product": "Moskva saiake, 90 g",
     "url": "https://www.prismamarket.ee/entry/17216/moskva-saiake--90-g/4740086008960",
     "hind": "0 69 /tk"
    },
    {
     "product": "Suhkrusüda, 200 g",
     "url": "https://www.prismamarket.ee/entry/17216/suhkrusuda--200-g/4742036003568",
     "hind": "0 89 /tk"
    },
    {
     "product": "Punase sõstra-kohupiima stritsel 400 g",
     "url": "https://www.prismamarket.ee/entry/17216/punase-sostra-kohupiima-stritsel-400-g/4740429060709",
     "hind": "4 79 /tk"
    },
    {
     "product": "Habras hapukoorekook 160 g",
     "url": "https://www.prismamarket.ee/entry/17216/habras-hapukoorekook-160-g/4740667250276",
     "hind": "1 99 /tk"
    },
    {
     "product": "Kelmikas Creme Brulee kook 120 g",
     "url": "https://www.prismamarket.ee/entry/17216/kelmikas-creme-brulee-kook-120-g/4740667250283",
     "hind": "1 99 /tk"
    },
    {
     "product": "Moorapea kohupiimakreemiga 40 g",
     "url": "https://www.prismamarket.ee/entry/17216/moorapea-kohupiimakreemiga-40-g/4742216008086",
     "hind": "0 99 /tk"
    },
    {
     "product": "Moorapea kohvikreemiga 40 g",
     "url": "https://www.prismamarket.ee/entry/17216/moorapea-kohvikreemiga-40-g/4742216006549",
     "hind": "0 99 /tk"
    },
    {
     "product": "Sotšnik kohupiimaga, 140 g",
     "url": "https://www.prismamarket.ee/entry/17216/sotsnik-kohupiimaga--140-g/4740064419368",
     "hind": "1 09 /tk"
    },
    {
     "product": "Õuna-kaneelitasku, 120 g",
     "url": "https://www.prismamarket.ee/entry/17216/ouna-kaneelitasku--120-g/4742036003254",
     "hind": "0 99 /tk"
    },
    {
     "product": "Pavlova beseekoogi põhjad 8 x 22 g",
     "url": "https://www.prismamarket.ee/entry/17216/pavlova-beseekoogi-pohjad-8-x-22-g/4742581004171",
     "hind": "2 89 /tk"
    },
    {
     "product": "Biskviit, 400 g",
     "url": "https://www.prismamarket.ee/entry/17216/biskviit--400-g/4740086012677",
     "hind": "2 69 /tk"
    },
    {
     "product": "Kohupiima-kirsipärg, 500 g",
     "url": "https://www.prismamarket.ee/entry/17216/kohupiima-kirsiparg--500-g/4740507005806",
     "hind": "4 39 /tk"
    },
    {
     "product": "Õunasaiake 2 x 70g",
     "url": "https://www.prismamarket.ee/entry/17216/ounasaiake-2-x-70g/4740429120878",
     "hind": "1 19 /tk"
    },
    {
     "product": "Moonisai 2 tk, 140 g",
     "url": "https://www.prismamarket.ee/entry/17216/moonisai-2-tk--140-g/4740507003338",
     "hind": "1 25 /tk"
    },
    {
     "product": "Kohupiimataskud 250 g",
     "url": "https://www.prismamarket.ee/entry/17216/kohupiimataskud-250-g/4740633481123",
     "hind": "2 79 /tk"
    },
    {
     "product": "Kohupiimatasku, 4x30 g",
     "url": "https://www.prismamarket.ee/entry/17216/kohupiimatasku--4x30-g/4740667246804",
     "hind": "1 59 /tk"
    },
    {
     "product": "Kirsisai, 2 tk 140 g",
     "url": "https://www.prismamarket.ee/entry/17216/kirsisai--2-tk-140-g/4740507003482",
     "hind": "1 29 /tk"
    },
    {
     "product": "Singi-juustupärg, 500 g",
     "url": "https://www.prismamarket.ee/entry/17216/singi-juustuparg--500-g/4740507005882",
     "hind": "5 79 /tk"
    },
    {
     "product": "Suur kohupiimakorp, 400 g",
     "url": "https://www.prismamarket.ee/entry/17216/suur-kohupiimakorp--400-g/4740507005738",
     "hind": "2 99 /tk"
    },
    {
     "product": "Pavlova besee 2 tk, 110 g",
     "url": "https://www.prismamarket.ee/entry/17216/pavlova-besee-2-tk--110-g/4740507007305",
     "hind": "2 59 /tk"
    },
    {
     "product": "Dallase sai 2 tk, 200 g",
     "url": "https://www.prismamarket.ee/entry/17216/dallase-sai-2-tk--200-g/4740429120243",
     "hind": "1 49 /tk"
    },
    {
     "product": "Martsipani-moonistritsel 350 g",
     "url": "https://www.prismamarket.ee/entry/17216/martsipani-moonistritsel-350-g/4740507007497",
     "hind": "2 99 /tk"
    },
    {
     "product": "Prantsuse õuna- karamelli keeks 400 g",
     "url": "https://www.prismamarket.ee/entry/17216/prantsuse-ouna--karamelli-keeks-400-g/4740670111588",
     "hind": "5 99 /tk"
    },
    {
     "product": "Mustika- ja kohupiimatäidisega pirukas 2 tk, 140 g",
     "url": "https://www.prismamarket.ee/entry/17216/mustika--ja-kohupiimataidisega-pirukas-2-tk--140-g/6413467412806",
     "hind": "1 49 /tk"
    },
    {
     "product": "Vaarika-mustika täidisega pirukas 2 tk, 140 g",
     "url": "https://www.prismamarket.ee/entry/17216/vaarika-mustika-taidisega-pirukas-2-tk--140-g/6413467413001",
     "hind": "1 49 /tk"
    },
    {
     "product": "Tordipõhjad 3 tk, 320 g",
     "url": "https://www.prismamarket.ee/entry/17216/tordipohjad-3-tk--320-g/6414893504448",
     "hind": "1 99 /tk"
    },
    {
     "product": "Napoleonitasku 6 x 30 g",
     "url": "https://www.prismamarket.ee/entry/17216/napoleonitasku-6-x-30-g/4740667248952",
     "hind": "1 99 /tk"
    },
    {
     "product": "Keedukreemi saiake jõhvikamoosiga 2 x 85 g",
     "url": "https://www.prismamarket.ee/entry/17216/keedukreemi-saiake-johvikamoosiga-2-x-85-g/4740667249416",
     "hind": "1 19 /tk"
    },
    {
     "product": "Tordipõhi gluteenivaba 3 tk, 200 g",
     "url": "https://www.prismamarket.ee/entry/17216/tordipohi-gluteenivaba-3-tk--200-g/6439800002602",
     "hind": "2 39 /tk"
    },
    {
     "product": "Šokolaadi muffin 2 tk, 120 g",
     "url": "https://www.prismamarket.ee/entry/17216/sokolaadi-muffin-2-tk--120-g/7340191105928",
     "hind": "1 09 /tk"
    },
    {
     "product": "Sidruni muffin 2 tk, 120 g",
     "url": "https://www.prismamarket.ee/entry/17216/sidruni-muffin-2-tk--120-g/7340191105935",
     "hind": "1 09 /tk"
    },
    {
     "product": "Pavlova pesa 6 tk 150 g",
     "url": "https://www.prismamarket.ee/entry/17216/pavlova-pesa-6-tk-150-g/4740507007626",
     "hind": "2 99 /tk"
    },
    {
     "product": "Õuna-vaniljestritsel 400 g",
     "url": "https://www.prismamarket.ee/entry/17216/ouna-vaniljestritsel-400-g/4740507004854",
     "hind": "2 99 /tk"
    },
    {
     "product": "Vegan minikoogid 10 tk 170 g",
     "url": "https://www.prismamarket.ee/entry/17216/vegan-minikoogid-10-tk-170-g/4742581008964",
     "hind": "2 99 /tk"
    },
    {
     "product": "Muretaignakorvike mini, 90 g",
     "url": "https://www.prismamarket.ee/entry/17216/muretaignakorvike-mini--90-g/4740507004663",
     "hind": "2 79 /tk"
    },
    {
     "product": "Tordipõhi, 200 g",
     "url": "https://www.prismamarket.ee/entry/17216/tordipohi--200-g/6415712904029",
     "hind": "1 19 /tk"
    },
    {
     "product": "Rukkijahukorvike 16 tk, 90 g",
     "url": "https://www.prismamarket.ee/entry/17216/rukkijahukorvike-16-tk--90-g/4740507005042",
     "hind": "2 99 /tk"
    },
    {
     "product": "Schär pitsapõhjad, gluteenivaba, laktoosivaba 300 g",
     "url": "https://www.prismamarket.ee/entry/17216/schar-pitsapohjad--gluteenivaba--laktoosivaba-300-g/8008698002025",
     "hind": "5 99 /tk"
    }
   ]
  },
  {
   "info": [
    {
     "product": "Meekook, 1 kg",
     "url": "https://www.prismamarket.ee/entry/17217/meekook--1-kg/4740086007185",
     "hind": "6 99 /tk"
    },
    {
     "product": "Küpsisekook, 550 g",
     "url": "https://www.prismamarket.ee/entry/17217/kupsisekook--550-g/4740086007901",
     "hind": "3 99 /tk"
    },
    {
     "product": "Meekook, 280 g",
     "url": "https://www.prismamarket.ee/entry/17217/meekook--280-g/4740541002014",
     "hind": "2 99 /tk"
    },
    {
     "product": "Käharpea kook, 280 g",
     "url": "https://www.prismamarket.ee/entry/17217/kaharpea-kook--280-g/4740373090555",
     "hind": "2 39 /tk"
    },
    {
     "product": "Prantsuse kohupiimakook, 320 g",
     "url": "https://www.prismamarket.ee/entry/17217/prantsuse-kohupiimakook--320-g/4740086008014",
     "hind": "2 19 /tk"
    },
    {
     "product": "Marja-jogurtidessert, 350 g",
     "url": "https://www.prismamarket.ee/entry/17217/marja-jogurtidessert--350-g/4740507005547",
     "hind": "2 99 /tk"
    },
    {
     "product": "Sefiirikorv 4 tk, 160 g",
     "url": "https://www.prismamarket.ee/entry/17217/sefiirikorv-4-tk--160-g/4740507005127",
     "hind": "2 59 /tk"
    },
    {
     "product": "Mini Tosca, 240 g",
     "url": "https://www.prismamarket.ee/entry/17217/mini-tosca--240-g/4742581003426",
     "hind": "2 59 /tk"
    },
    {
     "product": "Kihiline küpsis, 500 g",
     "url": "https://www.prismamarket.ee/entry/17217/kihiline-kupsis--500-g/4742038000220",
     "hind": "4 79 /tk"
    },
    {
     "product": "Maasika-kohupiimatort, 1,1 kg",
     "url": "https://www.prismamarket.ee/entry/17217/maasika-kohupiimatort--1-1-kg/4740086009509",
     "hind": "9 99 /tk"
    },
    {
     "product": "Pealinna kook, 1,1 kg",
     "url": "https://www.prismamarket.ee/entry/17217/pealinna-kook--1-1-kg/4740086006782",
     "hind": "8 39 /tk"
    },
    {
     "product": "Karamelli-hapukoore kook, 350 g",
     "url": "https://www.prismamarket.ee/entry/17217/karamelli-hapukoore-kook--350-g/4740507004755",
     "hind": "3 49 /tk"
    },
    {
     "product": "Kirsi-karamellirull, 350 g",
     "url": "https://www.prismamarket.ee/entry/17217/kirsi-karamellirull--350-g/4740558003592",
     "hind": "3 29 /tk"
    },
    {
     "product": "Kohupiimarull, 370 g",
     "url": "https://www.prismamarket.ee/entry/17217/kohupiimarull--370-g/4740558003523",
     "hind": "2 89 /tk"
    },
    {
     "product": "Olümpia küpsis, 400 g",
     "url": "https://www.prismamarket.ee/entry/17217/olumpia-kupsis--400-g/4742038000183",
     "hind": "4 79 /tk"
    },
    {
     "product": "Valeri küpsis 300 g",
     "url": "https://www.prismamarket.ee/entry/17217/valeri-kupsis-300-g/4742038000206",
     "hind": "4 19 /tk"
    },
    {
     "product": "Kaerapätsid, 400 g",
     "url": "https://www.prismamarket.ee/entry/17217/kaerapatsid--400-g/4740161047556",
     "hind": "5 99 /tk"
    },
    {
     "product": "Ekleer šokolaadiglasuuriga, 150 g",
     "url": "https://www.prismamarket.ee/entry/17217/ekleer-sokolaadiglasuuriga--150-g/4742581000180",
     "hind": "2 09 /tk"
    },
    {
     "product": "Karamellikorvike, 165 g",
     "url": "https://www.prismamarket.ee/entry/17217/karamellikorvike--165-g/4742036009553",
     "hind": "2 59 /tk"
    },
    {
     "product": "Vahvlid 6 tk, 250 g",
     "url": "https://www.prismamarket.ee/entry/17217/vahvlid-6-tk--250-g/6415712100902",
     "hind": "1 09 /tk"
    },
    {
     "product": "Kihiline küpsis, 140 g",
     "url": "https://www.prismamarket.ee/entry/17217/kihiline-kupsis--140-g/4742581000487",
     "hind": "2 19 /tk"
    },
    {
     "product": "Porgandikook, 360 g",
     "url": "https://www.prismamarket.ee/entry/17217/porgandikook--360-g/4740541004544",
     "hind": "3 19 /tk"
    },
    {
     "product": "Kirju kohupiimatort, 1,05 kg",
     "url": "https://www.prismamarket.ee/entry/17217/kirju-kohupiimatort--1-05-kg/4740086002296",
     "hind": "8 99 /tk"
    },
    {
     "product": "Moorapea 2 tk, 200g",
     "url": "https://www.prismamarket.ee/entry/17217/moorapea-2-tk--200g/4740652009186",
     "hind": "1 59 /tk"
    },
    {
     "product": "Šokolaadi kaerapätsid, 400 g",
     "url": "https://www.prismamarket.ee/entry/17217/sokolaadi-kaerapatsid--400-g/4740161044272",
     "hind": "5 99 /tk"
    },
    {
     "product": "Mandlibeseekook Helle, gluteenivaba 220 g",
     "url": "https://www.prismamarket.ee/entry/17217/mandlibeseekook-helle--gluteenivaba-220-g/4740429313294",
     "hind": "4 99 /tk"
    },
    {
     "product": "Narva küpsis, 200 g",
     "url": "https://www.prismamarket.ee/entry/17217/narva-kupsis--200-g/4740429130440",
     "hind": "2 19 /tk"
    },
    {
     "product": "Šokolaadi-banaani tort 650 g",
     "url": "https://www.prismamarket.ee/entry/17217/sokolaadi-banaani-tort-650-g/4740086021280",
     "hind": "5 29 /tk"
    },
    {
     "product": "Kohupiimarull, 350 g",
     "url": "https://www.prismamarket.ee/entry/17217/kohupiimarull--350-g/4740086011373",
     "hind": "2 49 /tk"
    },
    {
     "product": "Soolakaramellitort 800 g",
     "url": "https://www.prismamarket.ee/entry/17217/soolakaramellitort-800-g/4742038000909",
     "hind": "9 99 /tk"
    },
    {
     "product": "Apelsini-šokolaadi keeks 300 g",
     "url": "https://www.prismamarket.ee/entry/17217/apelsini-sokolaadi-keeks-300-g/4740086020580",
     "hind": "1 89 /tk"
    },
    {
     "product": "Kohupiimakook rosinatega 500 g",
     "url": "https://www.prismamarket.ee/entry/17217/kohupiimakook-rosinatega-500-g/4742216000653",
     "hind": "3 99 /tk"
    },
    {
     "product": "Kass Artur 230 g",
     "url": "https://www.prismamarket.ee/entry/17217/kass-artur-230-g/4742216002466",
     "hind": "2 99 /tk"
    },
    {
     "product": "Koorelikööri toorjuustu tort 650 g",
     "url": "https://www.prismamarket.ee/entry/17217/koorelikoori-toorjuustu-tort-650-g/4740373980009",
     "hind": "14 99 /tk"
    },
    {
     "product": "Emma metsmaasika tort 625 g",
     "url": "https://www.prismamarket.ee/entry/17217/emma-metsmaasika-tort-625-g/4740373345303",
     "hind": "9 99 /tk"
    },
    {
     "product": "Napoleonikook, laktoosivaba 450 g",
     "url": "https://www.prismamarket.ee/entry/17217/napoleonikook--laktoosivaba-450-g/4740373300005",
     "hind": "4 99 /tk"
    },
    {
     "product": "Koorene cheesecake 500 g",
     "url": "https://www.prismamarket.ee/entry/17217/koorene-cheesecake-500-g/4742513006747",
     "hind": "9 99 /tk"
    },
    {
     "product": "Panna cotta 240 g",
     "url": "https://www.prismamarket.ee/entry/17217/panna-cotta-240-g/4742581009589",
     "hind": "4 49 /tk"
    },
    {
     "product": "Makroonid 4 tk, 65 g",
     "url": "https://www.prismamarket.ee/entry/17217/makroonid-4-tk--65-g/4742216005184",
     "hind": "5 59 /tk"
    },
    {
     "product": "Punase sõstra-kohupiima stritsel 400 g",
     "url": "https://www.prismamarket.ee/entry/17217/punase-sostra-kohupiima-stritsel-400-g/4740429060709",
     "hind": "4 79 /tk"
    },
    {
     "product": "Õuna-laimi tort, laktoosivaba 700 g",
     "url": "https://www.prismamarket.ee/entry/17217/ouna-laimi-tort--laktoosivaba-700-g/4744918010190",
     "hind": "9 99 /tk"
    },
    {
     "product": "Šokolaadikook, 250 g",
     "url": "https://www.prismamarket.ee/entry/17217/sokolaadikook--250-g/4740086011243",
     "hind": "2 99 /tk"
    },
    {
     "product": "RemedyWay tatraküpsised 200 g, gluteenivaba",
     "url": "https://www.prismamarket.ee/entry/17217/remedyway-tatrakupsised-200-g--gluteenivaba/4742898010247",
     "hind": "3 79 /tk"
    },
    {
     "product": "Schär Choco Chip šokolaaditükkidega küpsised, gluteenivabad 1...",
     "url": "https://www.prismamarket.ee/entry/17217/schar-choco-chip-sokolaaditukkidega-kupsised--gluteenivabad-100-g/8008698013021",
     "hind": "1 89 /tk"
    },
    {
     "product": "Kohupiima-sefiirikorvike 2 tk, 86 g",
     "url": "https://www.prismamarket.ee/entry/17217/kohupiima-sefiirikorvike-2-tk--86-g/4740064535310",
     "hind": "1 59 /tk"
    },
    {
     "product": "Napoleoni kook, 900 g",
     "url": "https://www.prismamarket.ee/entry/17217/napoleoni-kook--900-g/4742513000530",
     "hind": "7 99 /tk"
    },
    {
     "product": "Kookostaaler, 150 g",
     "url": "https://www.prismamarket.ee/entry/17217/kookostaaler--150-g/4740429330208",
     "hind": "1 99 /tk"
    },
    {
     "product": "Schär Petit võiküpsised, gluteenivabad 165 g",
     "url": "https://www.prismamarket.ee/entry/17217/schar-petit-voikupsised--gluteenivabad-165-g/8008698012857",
     "hind": "2 99 /tk"
    },
    {
     "product": "Napoleoni kook, 1,2 kg",
     "url": "https://www.prismamarket.ee/entry/17217/napoleoni-kook--1-2-kg/4740086012554",
     "hind": "6 79 /tk"
    },
    {
     "product": "Fondante 10 tk, 170 g",
     "url": "https://www.prismamarket.ee/entry/17217/fondante-10-tk--170-g/4742581004201",
     "hind": "2 49 /tk"
    },
    {
     "product": "Metsmaasikarull, 300 g",
     "url": "https://www.prismamarket.ee/entry/17217/metsmaasikarull--300-g/4740086012141",
     "hind": "2 99 /tk"
    },
    {
     "product": "Kaneeliküpsis 220g",
     "url": "https://www.prismamarket.ee/entry/17217/kaneelikupsis-220g/4740652004563",
     "hind": "1 69 /tk"
    },
    {
     "product": "Kräsupea, 320 g",
     "url": "https://www.prismamarket.ee/entry/17217/krasupea--320-g/4740086013698",
     "hind": "1 99 /tk"
    },
    {
     "product": "Mustikarull, 350 g",
     "url": "https://www.prismamarket.ee/entry/17217/mustikarull--350-g/4740507006438",
     "hind": "2 79 /tk"
    },
    {
     "product": "Miniekleerid naturaalse vahukoorega, 200 g",
     "url": "https://www.prismamarket.ee/entry/17217/miniekleerid-naturaalse-vahukoorega--200-g/4740558004735",
     "hind": "2 49 /tk"
    },
    {
     "product": "Minikookide kinkekarp 16 tk, 328 g",
     "url": "https://www.prismamarket.ee/entry/17217/minikookide-kinkekarp-16-tk--328-g/4742581004621",
     "hind": "7 99 /tk"
    },
    {
     "product": "Rummikook \"Masu\", 350 g",
     "url": "https://www.prismamarket.ee/entry/17217/rummikook--masu---350-g/4740652009735",
     "hind": "1 89 /tk"
    },
    {
     "product": "Mango-kohupiimakook, 450 g",
     "url": "https://www.prismamarket.ee/entry/17217/mango-kohupiimakook--450-g/4742513000691",
     "hind": "7 49 /tk"
    },
    {
     "product": "Rummikook 4 tk, 280 g",
     "url": "https://www.prismamarket.ee/entry/17217/rummikook-4-tk--280-g/4740429410498",
     "hind": "2 29 /tk"
    },
    {
     "product": "Võikeeks, 250 g",
     "url": "https://www.prismamarket.ee/entry/17217/voikeeks--250-g/4740086015111",
     "hind": "1 05 /tk"
    },
    {
     "product": "Šokokeeks, 250 g",
     "url": "https://www.prismamarket.ee/entry/17217/sokokeeks--250-g/4740086015104",
     "hind": "1 29 /tk"
    },
    {
     "product": "Vaarika beseerull, 300 g",
     "url": "https://www.prismamarket.ee/entry/17217/vaarika-beseerull--300-g/4742581005086",
     "hind": "4 79 /tk"
    },
    {
     "product": "Krissu kook, 390 g",
     "url": "https://www.prismamarket.ee/entry/17217/krissu-kook--390-g/4740633494192",
     "hind": "3 29 /tk"
    },
    {
     "product": "Red Velvet kook, 350 g",
     "url": "https://www.prismamarket.ee/entry/17217/red-velvet-kook--350-g/4742513009816",
     "hind": "6 79 /tk"
    },
    {
     "product": "Kirsi-mustika tort 500g",
     "url": "https://www.prismamarket.ee/entry/17217/kirsi-mustika-tort-500g/4742581005338",
     "hind": "4 99 /tk"
    },
    {
     "product": "Digestive küpsised piimašokolaadiga 200 g",
     "url": "https://www.prismamarket.ee/entry/17217/digestive-kupsised-piimasokolaadiga-200-g/5054775347278",
     "hind": "2 29 /tk"
    },
    {
     "product": "Britta kook, 300 g",
     "url": "https://www.prismamarket.ee/entry/17217/britta-kook--300-g/4740086008229",
     "hind": "2 99 /tk"
    },
    {
     "product": "Tootsi keeks 490 g",
     "url": "https://www.prismamarket.ee/entry/17217/tootsi-keeks-490-g/4740541004391",
     "hind": "2 99 /tk"
    },
    {
     "product": "Profitroolid karamelliga 250 g",
     "url": "https://www.prismamarket.ee/entry/17217/profitroolid-karamelliga-250-g/4740558004643",
     "hind": "2 69 /tk"
    },
    {
     "product": "Šokolaadi-napoleoni kook, 400 g",
     "url": "https://www.prismamarket.ee/entry/17217/sokolaadi-napoleoni-kook--400-g/4740086017597",
     "hind": "3 79 /tk"
    },
    {
     "product": "Rabarberi-kohupiima ahjutort, 680 g",
     "url": "https://www.prismamarket.ee/entry/17217/rabarberi-kohupiima-ahjutort--680-g/4742513002671",
     "hind": "6 39 /tk"
    },
    {
     "product": "Kohupiima Tosca ahjutort, 640 g",
     "url": "https://www.prismamarket.ee/entry/17217/kohupiima-tosca-ahjutort--640-g/4742513002626",
     "hind": "8 49 /tk"
    },
    {
     "product": "Banaanikeeks, 250 g",
     "url": "https://www.prismamarket.ee/entry/17217/banaanikeeks--250-g/4740086017450",
     "hind": "1 79 /tk"
    },
    {
     "product": "Toorjuustu-vaarikakook, 270 g",
     "url": "https://www.prismamarket.ee/entry/17217/toorjuustu-vaarikakook--270-g/4740541002052",
     "hind": "3 59 /tk"
    },
    {
     "product": "Napoleonitort, 650 g",
     "url": "https://www.prismamarket.ee/entry/17217/napoleonitort--650-g/4740429011947",
     "hind": "6 69 /tk"
    },
    {
     "product": "Liivarõngas, 4x80 g",
     "url": "https://www.prismamarket.ee/entry/17217/liivarongas--4x80-g/4740429143198",
     "hind": "2 79 /tk"
    },
    {
     "product": "Moorapead, 165 g",
     "url": "https://www.prismamarket.ee/entry/17217/moorapead--165-g/4740633493799",
     "hind": "2 29 /tk"
    },
    {
     "product": "Banaanijogurti kook, 750 g",
     "url": "https://www.prismamarket.ee/entry/17217/banaanijogurti-kook--750-g/4740633493591",
     "hind": "5 69 /tk"
    },
    {
     "product": "Mustsõstra-sefiiritort, 600 g",
     "url": "https://www.prismamarket.ee/entry/17217/mustsostra-sefiiritort--600-g/4742036004978",
     "hind": "6 99 /tk"
    },
    {
     "product": "Küpsis Kevadlill, 280 g",
     "url": "https://www.prismamarket.ee/entry/17217/kupsis-kevadlill--280-g/4742036000895",
     "hind": "1 99 /tk"
    },
    {
     "product": "Valeri küpsis, 280 g",
     "url": "https://www.prismamarket.ee/entry/17217/valeri-kupsis--280-g/4742036000901",
     "hind": "2 49 /tk"
    },
    {
     "product": "Kaneeliküpsis, 280 g",
     "url": "https://www.prismamarket.ee/entry/17217/kaneelikupsis--280-g/4742036000888",
     "hind": "1 79 /tk"
    },
    {
     "product": "Puuviljakorvike, 4 tk, 280 g",
     "url": "https://www.prismamarket.ee/entry/17217/puuviljakorvike--4-tk--280-g/4740507004724",
     "hind": "3 69 /tk"
    },
    {
     "product": "Küpsis Mocca 300 g",
     "url": "https://www.prismamarket.ee/entry/17217/kupsis-mocca-300-g/4742038000237",
     "hind": "3 99 /tk"
    },
    {
     "product": "Kihiline küpsis kondenspiimaga, 400 g",
     "url": "https://www.prismamarket.ee/entry/17217/kihiline-kupsis-kondenspiimaga--400-g/4740558004483",
     "hind": "4 39 /tk"
    },
    {
     "product": "Pidulik Tosca, 1 kg",
     "url": "https://www.prismamarket.ee/entry/17217/pidulik-tosca--1-kg/4740429210098",
     "hind": "9 99 /tk"
    },
    {
     "product": "Pitsküpsis 200 g",
     "url": "https://www.prismamarket.ee/entry/17217/pitskupsis-200-g/4740161040090",
     "hind": "3 89 /tk"
    },
    {
     "product": "Limoncello kook 500g",
     "url": "https://www.prismamarket.ee/entry/17217/limoncello-kook-500g/4740670004316",
     "hind": "7 49 /tk"
    },
    {
     "product": "Rabarberikook 300 g",
     "url": "https://www.prismamarket.ee/entry/17217/rabarberikook-300-g/4740507005622",
     "hind": "2 99 /tk"
    },
    {
     "product": "Martsipani-moonistritsel 350 g",
     "url": "https://www.prismamarket.ee/entry/17217/martsipani-moonistritsel-350-g/4740507007497",
     "hind": "2 99 /tk"
    },
    {
     "product": "Teekook 380 g",
     "url": "https://www.prismamarket.ee/entry/17217/teekook-380-g/4740652011158",
     "hind": "2 29 /tk"
    },
    {
     "product": "Rosinaküpsike 200g",
     "url": "https://www.prismamarket.ee/entry/17217/rosinakupsike-200g/4740652010335",
     "hind": "1 79 /tk"
    },
    {
     "product": "Kevadlill 200g",
     "url": "https://www.prismamarket.ee/entry/17217/kevadlill-200g/4740652003221",
     "hind": "1 89 /tk"
    },
    {
     "product": "Polaartort 550 g",
     "url": "https://www.prismamarket.ee/entry/17217/polaartort-550-g/4740086017320",
     "hind": "5 29 /tk"
    },
    {
     "product": "Kohupiima minitosca 10 tk karbis, 240 g",
     "url": "https://www.prismamarket.ee/entry/17217/kohupiima-minitosca-10-tk-karbis--240-g/4742581007578",
     "hind": "3 19 /tk"
    },
    {
     "product": "Trühvlitort 500g",
     "url": "https://www.prismamarket.ee/entry/17217/truhvlitort--500g/4742581001569",
     "hind": "4 99 /tk"
    }
   ]
  },
  {
   "info": [
    {
     "product": "Muretaigen, 500 g",
     "url": "https://www.prismamarket.ee/entry/17219/muretaigen--500-g/4740373090227",
     "hind": "1 69 /tk"
    },
    {
     "product": "Liivataigen, 700 g",
     "url": "https://www.prismamarket.ee/entry/17219/liivataigen--700-g/4740507003024",
     "hind": "2 39 /tk"
    },
    {
     "product": "Leivajuuretis 13 g",
     "url": "https://www.prismamarket.ee/entry/17219/leivajuuretis-13-g/4744780015064",
     "hind": "1 99 /tk"
    }
   ]
  }
 ]
}