{
 "name": "Maailma köök, maitseained, puljongid",
 "info": [
  {
   "product": "Suhkur, DAN SUKKER, 1 kg",
   "url": "https://www.selver.ee/suhkur-dan-sukker-1-kg",
   "hind": [
    {
     "hind": "0,65 €"
    }
   ]
  },
  {
   "product": "Pärm, NORDIC, 50 g",
   "url": "https://www.selver.ee/parm-nordic-50-g",
   "hind": [
    {
     "hind": "0,15 €"
    }
   ]
  },
  {
   "product": "Pruun roosuhkur, DAN SUKKER, 750 g",
   "url": "https://www.selver.ee/pruun-roosuhkur-dan-sukker-750-g",
   "hind": [
    {
     "hind": "1,89 €"
    }
   ]
  },
  {
   "product": "Kiirnuudlid vürtsikas-hapu, THAI CHOICE, 85 g",
   "url": "https://www.selver.ee/kiirnuudlid-vurtsikas-hapu-thai-choice-85-g",
   "hind": [
    {
     "hind": "0,69 €"
    }
   ]
  },
  {
   "product": "Täisteratortilja 8tk, SANTA MARIA, 320 g",
   "url": "https://www.selver.ee/taisteratortilla-8tk-santa-maria-320-g",
   "hind": [
    {
     "hind": "2,59 €"
    }
   ]
  },
  {
   "product": "Munanuudlid, SANTA MARIA, 200 g",
   "url": "https://www.selver.ee/munanuudlid-santa-maria-200-g",
   "hind": [
    {
     "hind": "1,49 €"
    }
   ]
  },
  {
   "product": "Kookospiim, SANTA MARIA, 250 ml",
   "url": "https://www.selver.ee/kookospiim-santa-maria-250-ml",
   "hind": [
    {
     "hind": "1,79 €"
    }
   ]
  },
  {
   "product": "Tortilja 8tk, SANTA MARIA, 320 g",
   "url": "https://www.selver.ee/tortilja-8tk-santa-maria-320-g",
   "hind": [
    {
     "hind": "2,59 €"
    }
   ]
  },
  {
   "product": "Kiirnuudlid kanalihamaitselised, THAI CHOICE, 85 g",
   "url": "https://www.selver.ee/kiirnuudlid-kanalihamaitselised-thai-choice-85-g",
   "hind": [
    {
     "hind": "0,69 €"
    }
   ]
  },
  {
   "product": "Kanapuljong, FOODSTUDIO, 750 ml",
   "url": "https://www.selver.ee/kanapuljong-foodstudio-750-ml",
   "hind": [
    {
     "hind": "3,79 €"
    }
   ]
  },
  {
   "product": "Kookospiim, THAI CHOICE, 400 ml",
   "url": "https://www.selver.ee/kookospiim-thai-choice-400-ml",
   "hind": [
    {
     "hind": "2,39 €"
    }
   ]
  },
  {
   "product": "Söögisooda, 500 g",
   "url": "https://www.selver.ee/soogisooda-500-g",
   "hind": [
    {
     "hind": "0,59 €"
    }
   ]
  },
  {
   "product": "Tortilja krõpsud kerge soolaga, SANTA MARIA, 185 g",
   "url": "https://www.selver.ee/tortilla-kropsud-kerge-soolaga-santa-maria-185-g",
   "hind": [
    {
     "hind": "1,79 €"
    }
   ]
  },
  {
   "product": "Kaneel (jahvatatud), SANTA MARIA, 22 g",
   "url": "https://www.selver.ee/kaneel-jahvatatud-santa-maria-22-g",
   "hind": [
    {
     "hind": "0,69 €"
    }
   ]
  },
  {
   "product": "Kanapuljong, MAGGI, 120 g",
   "url": "https://www.selver.ee/kanapuljong-maggi-120-g",
   "hind": [
    {
     "hind": "0,99 €"
    }
   ]
  },
  {
   "product": "Tortilja krõpsud juustu, SANTA MARIA, 185 g",
   "url": "https://www.selver.ee/tortilla-kropsud-juustu-santa-maria-185-g",
   "hind": [
    {
     "hind": "1,79 €"
    }
   ]
  },
  {
   "product": "Söögisool jäme, TAPROBAN, 1 kg",
   "url": "https://www.selver.ee/soogisool-jame-taproban-1-kg",
   "hind": [
    {
     "hind": "0,39 €"
    }
   ]
  },
  {
   "product": "Sool Ekstra, TAPROBAN, 1 kg",
   "url": "https://www.selver.ee/sool-ekstra-taproban-1-kg",
   "hind": [
    {
     "hind": "0,39 €"
    }
   ]
  },
  {
   "product": "Kuivpärm, , 2x12 g",
   "url": "https://www.selver.ee/kuivparm-2x12-g",
   "hind": [
    {
     "hind": "0,69 €"
    }
   ]
  },
  {
   "product": "Täisteratortilja 25 cm, EESTI PAGAR, 360 g",
   "url": "https://www.selver.ee/taisteratortilja-25-cm-eesti-pagar-360-g",
   "hind": [
    {
     "hind": "1,99 €"
    }
   ]
  },
  {
   "product": "Must terapipar, SANTA MARIA, 22 g",
   "url": "https://www.selver.ee/must-terapipar-santa-maria-22-g",
   "hind": [
    {
     "hind": "0,99 €"
    }
   ]
  },
  {
   "product": "Maisikrõpsud juustumaitselised, DORITOS, 100 g",
   "url": "https://www.selver.ee/maisikropsud-juustumaitselised-doritos-100-g",
   "hind": [
    {
     "hind": "1,39 €"
    }
   ]
  },
  {
   "product": "Paprika (jahvatatud), SANTA MARIA, 22 g",
   "url": "https://www.selver.ee/paprika-jahvatatud-santa-maria-22-g",
   "hind": [
    {
     "hind": "0,69 €"
    }
   ]
  },
  {
   "product": "Nisutortilja, SANTA MARIA, 371 g",
   "url": "https://www.selver.ee/nisutortilja-santa-maria-371-g",
   "hind": [
    {
     "hind": "2,29 €"
    }
   ]
  },
  {
   "product": "Kanapuljong, FOODSTUDIO, 350 ml",
   "url": "https://www.selver.ee/kanapuljong-foodstudio-350-ml",
   "hind": [
    {
     "hind": "2,69 €"
    }
   ]
  },
  {
   "product": "Kuivpärm, VESKI MATI, 11 g",
   "url": "https://www.selver.ee/kuivparm-veski-mati-11-g",
   "hind": [
    {
     "hind": "0,39 €"
    }
   ]
  },
  {
   "product": "Taco maitseainesegu, SANTA MARIA, 28 g",
   "url": "https://www.selver.ee/taco-maitseainesegu-santa-maria-28-g",
   "hind": [
    {
     "hind": "0,79 €"
    }
   ]
  },
  {
   "product": "Veiselihamaitselised kiirnuudlid kilepakis, THAI CHOICE, 85 g",
   "url": "https://www.selver.ee/veiselihamaitselised-kiirnuudlid-kilepakis-thai-choice-85-g",
   "hind": [
    {
     "hind": "0,69 €"
    }
   ]
  },
  {
   "product": "Nachos krõpsud, SANTA MARIA, 185 g",
   "url": "https://www.selver.ee/nachos-kropsud-santa-maria-185-g",
   "hind": [
    {
     "hind": "1,79 €"
    }
   ]
  },
  {
   "product": "Riisinuudlid, SANTA MARIA, 180 g",
   "url": "https://www.selver.ee/riisinuudlid-santa-maria-180-g",
   "hind": [
    {
     "hind": "1,99 €"
    }
   ]
  },
  {
   "product": "Purustatud must pipar, SANTA MARIA, 18 g",
   "url": "https://www.selver.ee/purustatud-must-pipar-santa-maria-18-g",
   "hind": [
    {
     "hind": "0,99 €"
    }
   ]
  },
  {
   "product": "Lahja kookospiim, THAI CHOICE, 400 ml",
   "url": "https://www.selver.ee/lahja-kookospiim-thai-choice-400-ml",
   "hind": [
    {
     "hind": "1,49 €"
    }
   ]
  },
  {
   "product": "Kookospiim, SANTA MARIA, 400 ml",
   "url": "https://www.selver.ee/kookospiim-santa-maria-400-ml",
   "hind": [
    {
     "hind": "2,89 €"
    }
   ]
  },
  {
   "product": "Klassikaline nisutortilja 25cm, EESTI PAGAR, 360 g",
   "url": "https://www.selver.ee/klassikaline-nisutortilja-25cm-eesti-pagar-360-g",
   "hind": [
    {
     "hind": "1,99 €"
    }
   ]
  },
  {
   "product": "Jäme meresool, MEIRA, 800 g",
   "url": "https://www.selver.ee/jame-meresool-meira-800-g",
   "hind": [
    {
     "hind": "0,69 €"
    }
   ]
  },
  {
   "product": "Kanapuljong tilli-peterselliga., MAGGI, 120 g",
   "url": "https://www.selver.ee/kanapuljong-tilli-peterselliga-maggi-120-g",
   "hind": [
    {
     "hind": "0,99 €"
    }
   ]
  },
  {
   "product": "Küpsetusšokolaad Tume 70%, KALEV, 200 g",
   "url": "https://www.selver.ee/kupsetusshokolaad-tume-70-kalev-200-g",
   "hind": [
    {
     "hind": "2,79 €"
    }
   ]
  },
  {
   "product": "Kakaopulber vähendatud rasvasisaldusega, KALEV, 150 g",
   "url": "https://www.selver.ee/kakaopulber-vahendatud-rasvasisaldusega-kalev-150-g",
   "hind": [
    {
     "hind": "1,99 €"
    }
   ]
  },
  {
   "product": "Fajita maitseainesegu, SANTA MARIA, 28 g",
   "url": "https://www.selver.ee/fajita-maitseainesegu-santa-maria-28-g",
   "hind": [
    {
     "hind": "0,79 €"
    }
   ]
  },
  {
   "product": "Minitortilja, SANTA MARIA, 200 g",
   "url": "https://www.selver.ee/minitortilja-santa-maria-200-g",
   "hind": [
    {
     "hind": "1,69 €"
    }
   ]
  },
  {
   "product": "Sidrunimahl, SICILIA, 200 ml",
   "url": "https://www.selver.ee/sidrunimahl-sicilia-200-ml",
   "hind": [
    {
     "hind": "1,69 €"
    }
   ]
  },
  {
   "product": "Kookospiim, KARA, 200 g",
   "url": "https://www.selver.ee/kookospiim-kara-200-g",
   "hind": [
    {
     "hind": "0,99 €"
    }
   ]
  },
  {
   "product": "Krõbe paneering kanale, SANTA MARIA, 50 g",
   "url": "https://www.selver.ee/krobe-paneering-kanale-santa-maria-50-g",
   "hind": [
    {
     "hind": "1,39 €"
    }
   ]
  },
  {
   "product": "Veiselihapuljong Kostilja, MAGGI, 120 g",
   "url": "https://www.selver.ee/veiselihapuljong-kostilja-maggi-120-g",
   "hind": [
    {
     "hind": "1,09 €"
    }
   ]
  },
  {
   "product": "Kohvivalgendaja, COFFEETA, 200 g",
   "url": "https://www.selver.ee/kohvivalgendaja-coffeeta-200-g-1",
   "hind": [
    {
     "hind": "0,99 €"
    }
   ]
  },
  {
   "product": "Täistera tortillad 4 tk, POCO LOCO, 245 g",
   "url": "https://www.selver.ee/taistera-tortillad-4-tk-poco-loco-245-g",
   "hind": [
    {
     "hind": "1,59 €"
    }
   ]
  },
  {
   "product": "Küpsetusšokolaad Valge, KALEV, 200 g",
   "url": "https://www.selver.ee/kupsetusshokolaad-valge-kalev-200-g",
   "hind": [
    {
     "hind": "2,79 €"
    }
   ]
  },
  {
   "product": "Himaalaja sool, , 1 kg",
   "url": "https://www.selver.ee/himaalaja-sool-1-kg",
   "hind": [
    {
     "hind": "1,79 €"
    }
   ]
  },
  {
   "product": "Kartulimaitseaine pakk, SANTA MARIA, 100 g",
   "url": "https://www.selver.ee/kartulimaitseaine-pakk-santa-maria-100-g",
   "hind": [
    {
     "hind": "1,49 €"
    }
   ]
  },
  {
   "product": "Supisegu Tom Kha, SANTA MARIA, 30 g",
   "url": "https://www.selver.ee/supisegu-tom-kha-santa-maria-30-g",
   "hind": [
    {
     "hind": "1,29 €"
    }
   ]
  },
  {
   "product": "Karri, SANTA MARIA, 25 g",
   "url": "https://www.selver.ee/karri-santa-maria-25-g",
   "hind": [
    {
     "hind": "0,69 €"
    }
   ]
  },
  {
   "product": "Küpsetusšokolaad piima, KALEV, 200 g",
   "url": "https://www.selver.ee/kupsetusshokolaad-piima-kalev-200-g",
   "hind": [
    {
     "hind": "2,79 €"
    }
   ]
  },
  {
   "product": "Sidrunipipar pakk, SANTA MARIA, 30g",
   "url": "https://www.selver.ee/sidrunipipar-pakk-santa-maria-30g",
   "hind": [
    {
     "hind": "1,09 €"
    }
   ]
  },
  {
   "product": "Pitsamaitseaine, SANTA MARIA, 5 g",
   "url": "https://www.selver.ee/pitsamaitseaine-santa-maria-5-g",
   "hind": [
    {
     "hind": "0,69 €"
    }
   ]
  },
  {
   "product": "Tuhksuhkur, DAN SUKKER, 500 g",
   "url": "https://www.selver.ee/tuhksuhkur-dan-sukker-500-g",
   "hind": [
    {
     "hind": "0,99 €"
    }
   ]
  },
  {
   "product": "Vokikaste Pad Thai, SANTA MARIA, 150 g",
   "url": "https://www.selver.ee/vokikaste-pad-thai-santa-maria-150-g",
   "hind": [
    {
     "hind": "2,19 €"
    }
   ]
  },
  {
   "product": "Nacho juustudipp, SANTA MARIA, 250 g",
   "url": "https://www.selver.ee/cheddar-juustu-kaste-santa-maria-250-g",
   "hind": [
    {
     "hind": "3,19 €"
    }
   ]
  },
  {
   "product": "Liha üldmaitseaine, SANTA MARIA, 70 g",
   "url": "https://www.selver.ee/liha-uldmaitseaine-santa-maria-70-g",
   "hind": [
    {
     "hind": "1,09 €"
    }
   ]
  },
  {
   "product": "Mahe taco kaste, SANTA MARIA, 230 g",
   "url": "https://www.selver.ee/tex-mex-taco-taco-mahe-santa-maria-230-g",
   "hind": [
    {
     "hind": "2,79 €"
    }
   ]
  },
  {
   "product": "Till, SANTA MARIA, 7 g",
   "url": "https://www.selver.ee/till-santa-maria-7-g",
   "hind": [
    {
     "hind": "0,69 €"
    }
   ]
  },
  {
   "product": "Jahvatatud must pipar, SANTA MARIA, 16 g",
   "url": "https://www.selver.ee/jahvatatud-must-pipar-santa-maria-16-g",
   "hind": [
    {
     "hind": "0,99 €"
    }
   ]
  },
  {
   "product": "Maisikrõpsud vürtsikad pipramaitselised, DORITOS, 100 g",
   "url": "https://www.selver.ee/maisikropsud-vurtsikad-pipramaitselised-doritos-100-g",
   "hind": [
    {
     "hind": "1,39 €"
    }
   ]
  },
  {
   "product": "Hakklihamaitseaine, SANTA MARIA, 80 g",
   "url": "https://www.selver.ee/hakklihamaitseaine-santa-maria-80-g",
   "hind": [
    {
     "hind": "1,49 €"
    }
   ]
  },
  {
   "product": "Kookoskreem, SANTA MARIA, 250 ml",
   "url": "https://www.selver.ee/kookoskreem-santa-maria-250-ml",
   "hind": [
    {
     "hind": "2,39 €"
    }
   ]
  },
  {
   "product": "Vanillisuhkur, MEIRA, 85 g",
   "url": "https://www.selver.ee/vanillsuhkur-meira-85-g",
   "hind": [
    {
     "hind": "1,99 €"
    }
   ]
  },
  {
   "product": "Kookospiim, väherasvane, SANTA MARIA, 250 ml",
   "url": "https://www.selver.ee/kookospiim-vaherasvane-santa-maria-250-ml",
   "hind": [
    {
     "hind": "1,79 €"
    }
   ]
  },
  {
   "product": "Kardemon jahvatatud, MEIRA, 8 g",
   "url": "https://www.selver.ee/kardemon-jahvatatud-meira-8-g",
   "hind": [
    {
     "hind": "0,49 €"
    }
   ]
  },
  {
   "product": "Aedviljapuljong, MAGGI, 120 g",
   "url": "https://www.selver.ee/aedviljapuljong-maggi-120-g",
   "hind": [
    {
     "hind": "0,99 €"
    }
   ]
  },
  {
   "product": "Tortilla krõpsud tšilli, SANTA MARIA, 185 g",
   "url": "https://www.selver.ee/tortilla-kropsud-tsilli-santa-maria-185-g",
   "hind": [
    {
     "hind": "1,79 €"
    }
   ]
  },
  {
   "product": "Küüslauk tükeldatud, 25g, SANTA MARIA",
   "url": "https://www.selver.ee/kuuslauk-tukeldatud-25g-santa-maria",
   "hind": [
    {
     "hind": "0,79 €"
    }
   ]
  },
  {
   "product": "Magus chillikaste, THAI CHOICE, 200 g",
   "url": "https://www.selver.ee/magus-chillikaste-thai-choice-200-g",
   "hind": [
    {
     "hind": "1,69 €"
    }
   ]
  },
  {
   "product": "Küpsetuspulber, SANTA MARIA, 45 g",
   "url": "https://www.selver.ee/kupsetuspulber-santa-maria-45-g",
   "hind": [
    {
     "hind": "0,49 €"
    }
   ]
  },
  {
   "product": "Dipikaste Tex-Mex, SANTA MARIA, 250 g",
   "url": "https://www.selver.ee/guacamole-dipikaste-santa-maria-250-g",
   "hind": [
    {
     "hind": "3,19 €"
    }
   ]
  },
  {
   "product": "Tortilja krõpsud juustu ja jalapenoga, SANTA MARIA, 185 g",
   "url": "https://www.selver.ee/tortilla-kropsud-juustu-ja-jalapenoga-santa-maria-185-g",
   "hind": [
    {
     "hind": "1,89 €"
    }
   ]
  },
  {
   "product": "Tortiljakrõpsud BBQ ja peekoniga, SANTA MARIA, 185 g",
   "url": "https://www.selver.ee/tortilla-kropsud-bbq-ja-peekoniga-santa-maria-185-g",
   "hind": [
    {
     "hind": "1,89 €"
    }
   ]
  },
  {
   "product": "Veisepuljong, FOODSTUDIO, 750 ml",
   "url": "https://www.selver.ee/veisepuljong-foodstudio-750-ml",
   "hind": [
    {
     "hind": "3,79 €"
    }
   ]
  },
  {
   "product": "Tikka Masala maitseainesegu, SANTA MARIA, 35 g",
   "url": "https://www.selver.ee/tikka-masala-maitseainesegu-santa-maria-35-g",
   "hind": [
    {
     "hind": "1,19 €"
    }
   ]
  },
  {
   "product": "Sidrunipipar pakk, SANTA MARIA, 80g",
   "url": "https://www.selver.ee/sidrunipipar-pakk-santa-maria-80g",
   "hind": [
    {
     "hind": "1,99 €"
    }
   ]
  },
  {
   "product": "Aedviljapuljong, FOODSTUDIO, 750 ml",
   "url": "https://www.selver.ee/aedviljapuljong-foodstudio-750-ml",
   "hind": [
    {
     "hind": "3,79 €"
    }
   ]
  },
  {
   "product": "Kookospiim 17% Bio Organic, COCOMI, 400 ml",
   "url": "https://www.selver.ee/kookospiim-17-bio-organic-cocomi-400-ml",
   "hind": [
    {
     "hind": "2,69 €"
    }
   ]
  },
  {
   "product": "Merevetika snäkk rohelise tee maitsega, SEA CRUNCHY, 10 g",
   "url": "https://www.selver.ee/merevetika-snakk-rohelise-tee-maitsega-sea-crunchy-10-g",
   "hind": [
    {
     "hind": "1,69 €"
    }
   ]
  },
  {
   "product": "Basiilik pakk, SANTA MARIA, 6 g",
   "url": "https://www.selver.ee/basiilik-pakk-santa-maria-6-g",
   "hind": [
    {
     "hind": "0,79 €"
    }
   ]
  },
  {
   "product": "Koorene Kukeseene kaste, FS GOODS, 350 ml",
   "url": "https://www.selver.ee/koorene-kukeseene-kaste-fs-goods-350-ml",
   "hind": [
    {
     "hind": "3,99 €"
    }
   ]
  },
  {
   "product": "Küpsetuspulber, MEIRA, 100 g",
   "url": "https://www.selver.ee/kupsetuspulber-meira-100-g",
   "hind": [
    {
     "hind": "1,09 €"
    }
   ]
  },
  {
   "product": "Peeneteraline meresool, MEIRA, 800 g",
   "url": "https://www.selver.ee/peeneteraline-meresool-meira-800-g",
   "hind": [
    {
     "hind": "0,99 €"
    }
   ]
  },
  {
   "product": "Terav taco kaste, SANTA MARIA, 230 g",
   "url": "https://www.selver.ee/tex-mex-taco-kaste-terav-santa-maria-230-g",
   "hind": [
    {
     "hind": "2,79 €"
    }
   ]
  },
  {
   "product": "Tortilja krõpsud juustu, SANTA MARIA, 475 g",
   "url": "https://www.selver.ee/tortilja-kropsud-juustu-santa-maria-475-g",
   "hind": [
    {
     "hind": "3,99 €"
    }
   ]
  },
  {
   "product": "Veisepuljong, FOODSTUDIO, 350 ml",
   "url": "https://www.selver.ee/veisepuljong-foodstudio-350-ml",
   "hind": [
    {
     "hind": "2,69 €"
    }
   ]
  },
  {
   "product": "Tex Mex Taco Shells, SANTA MARIA, 135 g",
   "url": "https://www.selver.ee/tex-mex-taco-shells-santa-maria-135-g",
   "hind": [
    {
     "hind": "2,49 €"
    }
   ]
  },
  {
   "product": "Ramen nuudlid, SANTA MARIA, 200 g",
   "url": "https://www.selver.ee/ramen-nuudlid-santa-maria-200-g",
   "hind": [
    {
     "hind": "2,39 €"
    }
   ]
  },
  {
   "product": "Kookoskreem, THAI CHOICE, 400 ml",
   "url": "https://www.selver.ee/kookoskreem-thai-choice-400-ml",
   "hind": [
    {
     "hind": "2,79 €"
    }
   ]
  },
  {
   "product": "Mitmevilja tortiljad, POCO LOCO, 245 g",
   "url": "https://www.selver.ee/mitmevilja-tortillad-poco-loco-245-g",
   "hind": [
    {
     "hind": "1,49 €"
    }
   ]
  },
  {
   "product": "Magus tšillikaste, THAI CHOICE, 700 ml",
   "url": "https://www.selver.ee/magus-tsillikaste-thai-choice-700-ml",
   "hind": [
    {
     "hind": "3,79 €"
    }
   ]
  },
  {
   "product": "Tüümian, SANTA MARIA, 10 g",
   "url": "https://www.selver.ee/tuumian-santa-maria-10-g",
   "hind": [
    {
     "hind": "0,69 €"
    }
   ]
  },
  {
   "product": "Sidrunihape, VALEZS, 25 g",
   "url": "https://www.selver.ee/sidrunihape-valezs-25-g",
   "hind": [
    {
     "hind": "0,19 €"
    }
   ]
  },
  {
   "product": "Tai riisinuudlid, THAI CHOICE, 454 g",
   "url": "https://www.selver.ee/tai-riisinuudlid-thai-choice-454-g",
   "hind": [
    {
     "hind": "2,99 €"
    }
   ]
  },
  {
   "product": "Suhkur Demerara, DAN SUKKER, 500 g",
   "url": "https://www.selver.ee/suhkur-demerara-dan-sukker-500-g",
   "hind": [
    {
     "hind": "1,59 €"
    }
   ]
  },
  {
   "product": "Vanillisuhkur, SANTA MARIA, 20 g",
   "url": "https://www.selver.ee/vanillisuhkur-santa-maria-20-g",
   "hind": [
    {
     "hind": "0,99 €"
    }
   ]
  },
  {
   "product": "Sojakaste Hiina, PEARL RIVER, 500 ml",
   "url": "https://www.selver.ee/sojakaste-hiina-pearl-river-500-ml",
   "hind": [
    {
     "hind": "1,99 €"
    }
   ]
  },
  {
   "product": "Steviaga suhkruasendaja – stevioolglükosiidil ja erütritoolil põhinev lauamagusaine, UMAMI, 300 g",
   "url": "https://www.selver.ee/stevia-magusaine-umami-300-g",
   "hind": [
    {
     "hind": "4,99 €"
    }
   ]
  },
  {
   "product": "Petersell, SANTA MARIA, 4 g",
   "url": "https://www.selver.ee/petersell-santa-maria-4-g",
   "hind": [
    {
     "hind": "0,69 €"
    }
   ]
  },
  {
   "product": "Persillade, SANTA MARIA, 35 g",
   "url": "https://www.selver.ee/persillade-santa-maria-35-g",
   "hind": [
    {
     "hind": "0,69 €"
    }
   ]
  },
  {
   "product": "Maisitortilja 8tk, SANTA MARIA, 336 g",
   "url": "https://www.selver.ee/maisitortilja-8tk-santa-maria-336-g",
   "hind": [
    {
     "hind": "2,59 €"
    }
   ]
  },
  {
   "product": "Tume küpsetusšokolaad, FAZER, 250 g",
   "url": "https://www.selver.ee/block-tume-shokolaad-fazer-magusad-250-g",
   "hind": [
    {
     "hind": "2,39 €"
    }
   ]
  },
  {
   "product": "Broilerimaitseaine pakk, SANTA MARIA, 90 g",
   "url": "https://www.selver.ee/broilerimaitseaine-pakk-santa-maria-901-g",
   "hind": [
    {
     "hind": "1,49 €"
    }
   ]
  },
  {
   "product": "Vegeta maitseaine juurviljadega, PODRAVKA, 75 g",
   "url": "https://www.selver.ee/vegeta-maitseaine-juurviljadega-podravka-75-g",
   "hind": [
    {
     "hind": "0,79 €"
    }
   ]
  },
  {
   "product": "Loorberilehed, KOTANYI, 4 g",
   "url": "https://www.selver.ee/loorberilehed-kotanyi-4-g",
   "hind": [
    {
     "hind": "0,89 €"
    }
   ]
  },
  {
   "product": "Tex Mex ananassi Salsa, SANTA MARIA, 230 g",
   "url": "https://www.selver.ee/tex-mex-ananassi-salsa-santa-maria-230-g",
   "hind": [
    {
     "hind": "2,79 €"
    }
   ]
  },
  {
   "product": "Küpsetuskakao, FAZER, 200 g",
   "url": "https://www.selver.ee/kakaopulber-fazer-200-g",
   "hind": [
    {
     "hind": "2,99 €"
    }
   ]
  },
  {
   "product": "Lehtželatiin, MEIRA, 20 g",
   "url": "https://www.selver.ee/lehtzelatiin-meira-20-g",
   "hind": [
    {
     "hind": "1,39 €"
    }
   ]
  },
  {
   "product": "Köögivilja puljong, suhkruvaba, 8 kuubikut, NATUR COMPAGNIE, 84 g",
   "url": "https://www.selver.ee/koogivilja-puljong-suhkruvaba-8-kuubikut-natur-compagnie-84-g",
   "hind": [
    {
     "hind": "2,19 €"
    }
   ]
  },
  {
   "product": "Loorberilehed, SANTA MARIA, 4 g",
   "url": "https://www.selver.ee/loorberilehed-santa-maria-4-g",
   "hind": [
    {
     "hind": "0,99 €"
    }
   ]
  },
  {
   "product": "Kurkum jahvatatud, 20g, SANTA MARIA",
   "url": "https://www.selver.ee/kurkum-jahvatatud-20g-santa-maria",
   "hind": [
    {
     "hind": "0,69 €"
    }
   ]
  },
  {
   "product": "Hakklihamaitseaine, SANTA MARIA, 30 g",
   "url": "https://www.selver.ee/hakklihamaitseaine-santa-maria-30-g",
   "hind": [
    {
     "hind": "0,69 €"
    }
   ]
  },
  {
   "product": "Magus tšillikaste, SANTA MARIA, 585 g",
   "url": "https://www.selver.ee/magus-tsillikaste-santa-maria-585-g",
   "hind": [
    {
     "hind": "3,29 €"
    }
   ]
  },
  {
   "product": "Kookoshelbed, MEIRA, 180 g",
   "url": "https://www.selver.ee/kookoshelbed-meira-180-g",
   "hind": [
    {
     "hind": "1,89 €"
    }
   ]
  },
  {
   "product": "Riisi niitnuudlid, THAI CHOICE, 200 g",
   "url": "https://www.selver.ee/riisi-niitnuudlid-thai-choice-200-g",
   "hind": [
    {
     "hind": "1,59 €"
    }
   ]
  },
  {
   "product": "Sojakaste Hiina, PEARL RIVER, 150 ml",
   "url": "https://www.selver.ee/sojakaste-hiina-pearl-river-150-ml",
   "hind": [
    {
     "hind": "0,99 €"
    }
   ]
  },
  {
   "product": "Vahemere ürdisegu, SANTA MARIA, 12 g",
   "url": "https://www.selver.ee/vahemere-urdisegu-santa-maria-12-g",
   "hind": [
    {
     "hind": "0,69 €"
    }
   ]
  },
  {
   "product": "Shirataki madala kalorsusega nuudlid, CITY AROMA, neto 200 g",
   "url": "https://www.selver.ee/shirataki-madala-kalorsusega-nuudlid-city-aroma-neto-200-g",
   "hind": [
    {
     "hind": "2,29 €"
    }
   ]
  },
  {
   "product": "Maitseaine, VEGETA, 200 g",
   "url": "https://www.selver.ee/maitseaine-vegeta-200-g",
   "hind": [
    {
     "hind": "1,59 €"
    }
   ]
  },
  {
   "product": "Marineeritud ingver, THAI CHOICE, 454 g",
   "url": "https://www.selver.ee/marineeritud-ingver-sushi-line-454-g",
   "hind": [
    {
     "hind": "3,29 €"
    }
   ]
  },
  {
   "product": "Broilerimaitseaine, SANTA MARIA, 30 g",
   "url": "https://www.selver.ee/broilerimaitseaine-santa-maria-30-g",
   "hind": [
    {
     "hind": "0,69 €"
    }
   ]
  },
  {
   "product": "Kartulimaitseaine, SANTA MARIA, 30 g",
   "url": "https://www.selver.ee/kartulimaitseaine-santa-maria-30-g",
   "hind": [
    {
     "hind": "0,69 €"
    }
   ]
  },
  {
   "product": "Kartulitärklis, ALOJAS, 400 g",
   "url": "https://www.selver.ee/kartulitarklis-alojas-400-g",
   "hind": [
    {
     "hind": "0,99 €"
    }
   ]
  },
  {
   "product": "Vokikaste magus-hapu, SANTA MARIA, 150 g",
   "url": "https://www.selver.ee/vokikaste-magus-hapu-santa-maria-150-g",
   "hind": [
    {
     "hind": "2,19 €"
    }
   ]
  },
  {
   "product": "Kartulitärklis, NORDIC, 500 g",
   "url": "https://www.selver.ee/kartulitarklis-nordic-500-g",
   "hind": [
    {
     "hind": "1,39 €"
    }
   ]
  },
  {
   "product": "Maisitärklis, RUF, 400 g",
   "url": "https://www.selver.ee/maisitarklis-ruf-400-g",
   "hind": [
    {
     "hind": "1,19 €"
    }
   ]
  },
  {
   "product": "Jalopeno viilud, SANTA MARIA, 215 g",
   "url": "https://www.selver.ee/jalopeno-viilud-215-g-santa-maria-110-g-neto",
   "hind": [
    {
     "hind": "3,39 €"
    }
   ]
  },
  {
   "product": "Maitsepärm, BON, 125 g",
   "url": "https://www.selver.ee/maitseparm-bon-125-g",
   "hind": [
    {
     "hind": "3,49 €"
    }
   ]
  },
  {
   "product": "Sojakaste, HEINZ, 150 ml",
   "url": "https://www.selver.ee/sojakaste-heinz-150-ml",
   "hind": [
    {
     "hind": "1,79 €"
    }
   ]
  },
  {
   "product": "Valge küpsetusšokolaad, FAZER, 100 g",
   "url": "https://www.selver.ee/block-valge-shokolaad-fazer-magusad-100-g",
   "hind": [
    {
     "hind": "1,89 €"
    }
   ]
  },
  {
   "product": "Vanilliinsuhkur, SANTA MARIA, 35 g",
   "url": "https://www.selver.ee/vanilliinsuhkur-santa-maria-35-g",
   "hind": [
    {
     "hind": "0,49 €"
    }
   ]
  },
  {
   "product": "Chunky Salsa, SANTA MARIA, 230 g",
   "url": "https://www.selver.ee/chunky-salsa-santa-maria-230-g",
   "hind": [
    {
     "hind": "2,79 €"
    }
   ]
  },
  {
   "product": "Vahtrasiirup, TOMAHAWK, 250 ml",
   "url": "https://www.selver.ee/vahtrasiirup-tomahawk-250-ml",
   "hind": [
    {
     "hind": "6,99 €"
    }
   ]
  },
  {
   "product": "Küüslaugusool, SANTA MARIA, 40 g",
   "url": "https://www.selver.ee/kuuslaugusool-santa-maria-40-g",
   "hind": [
    {
     "hind": "0,69 €"
    }
   ]
  },
  {
   "product": "Kaneel jahvatatud, SANTA MARIA, 40 g",
   "url": "https://www.selver.ee/kaneel-jahvatatud-santa-maria-40-g-1",
   "hind": [
    {
     "hind": "1,29 €"
    }
   ]
  },
  {
   "product": "Teriyaki kaste, SANTA MARIA, 300 ml",
   "url": "https://www.selver.ee/teriyaki-kaste-santa-maria-300-ml",
   "hind": [
    {
     "hind": "5,29 €"
    }
   ]
  },
  {
   "product": "Sidrunihape, SANTA MARIA, 30 g",
   "url": "https://www.selver.ee/sidrunihape-santa-maria-30-g",
   "hind": [
    {
     "hind": "0,49 €"
    }
   ]
  },
  {
   "product": "Kookose-karri kaste, gluteenivaba, laktoosivaba, FOODSTUDIO, 350 ml",
   "url": "https://www.selver.ee/kookose-karri-kaste-350ml-gluteenivaba-laktoosivaba-foodstudio-350-ml",
   "hind": [
    {
     "hind": "3,99 €"
    }
   ]
  },
  {
   "product": "Tortilja krõpsud soolaga, WANTED, 200 g",
   "url": "https://www.selver.ee/tortilja-kropsud-soolaga-wanted-200-g",
   "hind": [
    {
     "hind": "1,59 €"
    }
   ]
  },
  {
   "product": "Küüslaugupulber, MEIRA, 40 g",
   "url": "https://www.selver.ee/kuuslaugupulber-meira-40-g",
   "hind": [
    {
     "hind": "0,99 €"
    }
   ]
  },
  {
   "product": "Pruuni riisi niitnuudlid, THAI CHOICE, 200 g",
   "url": "https://www.selver.ee/pruuni-riisi-niitnuudlid-thai-choice-200-g",
   "hind": [
    {
     "hind": "1,99 €"
    }
   ]
  },
  {
   "product": "Želatiin, Take 1 Chef, 70 g",
   "url": "https://www.selver.ee/zelatiin-sildest-70-g",
   "hind": [
    {
     "hind": "1,59 €"
    }
   ]
  },
  {
   "product": "Guacamole-kastme maitseainesegu, SANTA MARIA, 15 g",
   "url": "https://www.selver.ee/guacamole-kastme-maitseainesegu-santa-maria-15-g",
   "hind": [
    {
     "hind": "0,79 €"
    }
   ]
  },
  {
   "product": "Rosmariin, SANTA MARIA, 15 g",
   "url": "https://www.selver.ee/rosmariin-santa-maria-15-g",
   "hind": [
    {
     "hind": "0,69 €"
    }
   ]
  },
  {
   "product": "Köömned, ANATOLS, 30 g",
   "url": "https://www.selver.ee/koomned-anatols-30-g",
   "hind": [
    {
     "hind": "0,29 €"
    }
   ]
  },
  {
   "product": "Vanillisuhkur, RUF, 10 tk",
   "url": "https://www.selver.ee/vanillisuhkur-ruf-10-tk",
   "hind": [
    {
     "hind": "0,45 €"
    }
   ]
  },
  {
   "product": "Köömned, SANTA MARIA, 20 g",
   "url": "https://www.selver.ee/koomned-santa-maria-20-g",
   "hind": [
    {
     "hind": "0,69 €"
    }
   ]
  },
  {
   "product": "Kalamaitseaine sidruniga, SANTA MARIA, 23 g",
   "url": "https://www.selver.ee/kalamaitseaine-sidruniga-santa-maria-23-g",
   "hind": [
    {
     "hind": "0,79 €"
    }
   ]
  },
  {
   "product": "Thai Wok kana maitseainesegu, SANTA MARIA, 30 g",
   "url": "https://www.selver.ee/thai-wok-kana-maitseainesegu-santa-maria-30-g",
   "hind": [
    {
     "hind": "1,39 €"
    }
   ]
  },
  {
   "product": "Organic pune, SANTA MARIA, 4 g",
   "url": "https://www.selver.ee/organic-pune-santa-maria-4-g",
   "hind": [
    {
     "hind": "0,89 €"
    }
   ]
  },
  {
   "product": "Kanapuljong, suhkruvaba, 8 tk, NATUR COMPAGNIE, 88 g",
   "url": "https://www.selver.ee/kanapuljong-suhkruvaba-8-tk-natur-compagnie-88-g",
   "hind": [
    {
     "hind": "2,89 €"
    }
   ]
  },
  {
   "product": "Cayenne'i pipar, 30g, SANTA MARIA",
   "url": "https://www.selver.ee/cayenne-i-pipar-30g-santa-maria",
   "hind": [
    {
     "hind": "1,29 €"
    }
   ]
  },
  {
   "product": "Kiirnuudlid kanalihamaitsega, THAI CHOICE, 60 g",
   "url": "https://www.selver.ee/kiirnuudlid-kanalihamaitsega-thai-choice-60-g",
   "hind": [
    {
     "hind": "1,29 €"
    }
   ]
  },
  {
   "product": "Taco maitseainesegu kanale, SANTA MARIA, 28 g,",
   "url": "https://www.selver.ee/taco-maitseainesegu-kanale-28g-santa-maria",
   "hind": [
    {
     "hind": "1,39 €"
    }
   ]
  },
  {
   "product": "Fariinsuhkur, DAN SUKKER, 500 g",
   "url": "https://www.selver.ee/fariinsuhkur-dan-sukker-500-g",
   "hind": [
    {
     "hind": "1,19 €"
    }
   ]
  },
  {
   "product": "Punase veini kaste, FOODSTUDIO, 230 ml",
   "url": "https://www.selver.ee/punase-veini-kaste-foodstudio-230-ml",
   "hind": [
    {
     "hind": "2,99 €"
    }
   ]
  },
  {
   "product": "Dipikastmesegu juustu, SANTA MARIA, 15 g",
   "url": "https://www.selver.ee/dipikastmesegu-juustu-santa-maria-15-g",
   "hind": [
    {
     "hind": "0,79 €"
    }
   ]
  },
  {
   "product": "Tortilja krõpsud juustuga, WANTED, 200 g",
   "url": "https://www.selver.ee/tortilja-kropsud-juustuga-wanted-200-g",
   "hind": [
    {
     "hind": "1,09 €"
    }
   ]
  },
  {
   "product": "Teriyaki marinaad, SANTA MARIA, 75 g",
   "url": "https://www.selver.ee/teriyaki-marinaad-santa-maria-75-g",
   "hind": [
    {
     "hind": "0,79 €"
    }
   ]
  },
  {
   "product": "Salatimaitseaine ürtidega, SANTA MARIA, 30 g",
   "url": "https://www.selver.ee/salatimaitseaine-urtidega-santa-maria-30-g",
   "hind": [
    {
     "hind": "0,69 €"
    }
   ]
  },
  {
   "product": "Dipikastmesegu American Ranch, SANTA MARIA, 14 g",
   "url": "https://www.selver.ee/dipikastmesegu-american-ranch-santa-maria-14-g",
   "hind": [
    {
     "hind": "0,79 €"
    }
   ]
  },
  {
   "product": "Sushi Nori lehed, JAPANESE CHOICE, 14 g",
   "url": "https://www.selver.ee/sushi-nori-lehed-japanese-choice-14-g",
   "hind": [
    {
     "hind": "2,59 €"
    }
   ]
  },
  {
   "product": "Aasia puljong, FOODSTUDIO, 750 ml",
   "url": "https://www.selver.ee/aasia-puljong-foodstudio-750-ml",
   "hind": [
    {
     "hind": "3,79 €"
    }
   ]
  },
  {
   "product": "Premium light laua sojakaste, PEARL RIVER, 150 ml",
   "url": "https://www.selver.ee/premium-light-laua-sojakaste-pearl-river-150-ml",
   "hind": [
    {
     "hind": "1,39 €"
    }
   ]
  },
  {
   "product": "Vaniljesuhkur 15g, Kotanyi",
   "url": "https://www.selver.ee/vaniljesuhkur-15g-kotanyi",
   "hind": [
    {
     "hind": "0,79 €"
    }
   ]
  },
  {
   "product": "Jahvatatud must pipar, SANTA MARIA, 45 g",
   "url": "https://www.selver.ee/jahvatatud-must-pipar-santa-maria-45-g",
   "hind": [
    {
     "hind": "2,39 €"
    }
   ]
  },
  {
   "product": "Oregano, KOTANYI, 12 g",
   "url": "https://www.selver.ee/oregano-kotanyi-12-g",
   "hind": [
    {
     "hind": "0,89 €"
    }
   ]
  },
  {
   "product": "Lime mahl 100%, SICILIA, 200 ml",
   "url": "https://www.selver.ee/lime-mahl-100-sicilia-200-ml",
   "hind": [
    {
     "hind": "1,69 €"
    }
   ]
  },
  {
   "product": "Suhkur granuleeritud, BILLINGTONS, 1 kg",
   "url": "https://www.selver.ee/suhkur-granuleeritud-billingtons-1-kg",
   "hind": [
    {
     "hind": "3,99 €"
    }
   ]
  },
  {
   "product": "Klassikaline kanamarinaad, SANTA MARIA, 75 g",
   "url": "https://www.selver.ee/klassikaline-kanamarinaad-santa-maria-75-g",
   "hind": [
    {
     "hind": "0,89 €"
    }
   ]
  },
  {
   "product": "Merevetikate Snäkk wasabi maitsega, SEA CRUNCHY, 10 g",
   "url": "https://www.selver.ee/merevetikate-snakk-wasabi-maitsega-sea-crunchy-10-g",
   "hind": [
    {
     "hind": "1,69 €"
    }
   ]
  },
  {
   "product": "Želatiin, SANTA MARIA, 25 g",
   "url": "https://www.selver.ee/zelatiin-santa-maria-25-g",
   "hind": [
    {
     "hind": "0,69 €"
    }
   ]
  },
  {
   "product": "Liha üldmaitseaine, SANTA MARIA, 35 g",
   "url": "https://www.selver.ee/liha-uldmaitseaine-santa-maria-35-g",
   "hind": [
    {
     "hind": "0,79 €"
    }
   ]
  },
  {
   "product": "Tikka Masala kaste, SANTA MARIA, 350 g",
   "url": "https://www.selver.ee/tikka-masala-kaste-santa-maria-350-g",
   "hind": [
    {
     "hind": "3,29 €"
    }
   ]
  },
  {
   "product": "Mandlilaastud, MEIRA, 160 g",
   "url": "https://www.selver.ee/mandlilaastud-meira-160-g",
   "hind": [
    {
     "hind": "3,99 €"
    }
   ]
  },
  {
   "product": "Sool, 92g, SANTA MARIA",
   "url": "https://www.selver.ee/sool-92g-santa-maria",
   "hind": [
    {
     "hind": "1,29 €"
    }
   ]
  },
  {
   "product": "Mahe kookospiim (17%), LOODUSVÄGI, 400 ml",
   "url": "https://www.selver.ee/mahe-kookosepiim-17-loodusvagi-400-ml",
   "hind": [
    {
     "hind": "2,69 €"
    }
   ]
  },
  {
   "product": "Garam Masala maitseainesegu, SANTA MARIA, 33 g",
   "url": "https://www.selver.ee/garam-masala-maitseainesegu-santa-maria-33-g",
   "hind": [
    {
     "hind": "1,19 €"
    }
   ]
  },
  {
   "product": "Sushi riis, ORIENTE, 1 kg",
   "url": "https://www.selver.ee/sushi-riis-oriente-1-kg",
   "hind": [
    {
     "hind": "1,79 €"
    }
   ]
  },
  {
   "product": "Ökoloogiline roosuhkur, DAN SUKKER, 750 g",
   "url": "https://www.selver.ee/okoloogiline-roosuhkur-dan-sukker-750-g",
   "hind": [
    {
     "hind": "2,19 €"
    }
   ]
  },
  {
   "product": "Vanilliekstrakt ökoloogiline, TAYLOR & COLLEDGE, 50 g",
   "url": "https://www.selver.ee/vanilliekstrakt-okoloogiline-taylor-colledge-50-g",
   "hind": [
    {
     "hind": "5,79 €"
    }
   ]
  },
  {
   "product": "Must pipar purustatud, MEIRA, 27 g",
   "url": "https://www.selver.ee/must-pipar-purustatud-meira-27-g",
   "hind": [
    {
     "hind": "0,89 €"
    }
   ]
  },
  {
   "product": "Peenestatud till, KOTANYI, 11 g",
   "url": "https://www.selver.ee/peenestatud-till-kotanyi-11-g",
   "hind": [
    {
     "hind": "0,89 €"
    }
   ]
  },
  {
   "product": "Aroomisool, SANTA MARIA, 40 g",
   "url": "https://www.selver.ee/aroomisool-santa-maria-40-g",
   "hind": [
    {
     "hind": "0,69 €"
    }
   ]
  },
  {
   "product": "Sidrunihape, ANATOLS, 40 g",
   "url": "https://www.selver.ee/sidrunihape-anatols-40-g",
   "hind": [
    {
     "hind": "0,39 €"
    }
   ]
  },
  {
   "product": "Vokikaste soja-magus tšilli, SANTA MARIA, 150 g",
   "url": "https://www.selver.ee/vokikaste-soja-magus-tsilli-santa-maria-150-g",
   "hind": [
    {
     "hind": "2,19 €"
    }
   ]
  },
  {
   "product": "Mandlipulber, MEIRA, 80 g",
   "url": "https://www.selver.ee/mandlipulber-meira-80-g",
   "hind": [
    {
     "hind": "2,39 €"
    }
   ]
  },
  {
   "product": "Sidrunipipar, 55g, SANTA MARIA",
   "url": "https://www.selver.ee/sidrunipipar-purk-55g-santa-maria",
   "hind": [
    {
     "hind": "1,89 €"
    }
   ]
  },
  {
   "product": "Õhukesed vetikakrõpsud, HOSAN, 4,5 g",
   "url": "https://www.selver.ee/ohukesed-vetikakropsud-hosan-6-g",
   "hind": [
    {
     "hind": "0,99 €"
    }
   ]
  },
  {
   "product": "Kanapuljong 15 tk, GALLINA BLANCA, 150 g",
   "url": "https://www.selver.ee/kanapuljong-12-3-gallina-blanca-150-g",
   "hind": [
    {
     "hind": "1,29 €"
    }
   ]
  },
  {
   "product": "Tortilja, WANTED, 370 g",
   "url": "https://www.selver.ee/tortilla-wanted-370-g",
   "hind": [
    {
     "hind": "2,99 €"
    }
   ]
  },
  {
   "product": "Gorditas - pehmed tacod, POCO LOCO, 272 g",
   "url": "https://www.selver.ee/gorditas-pehmed-tacod-poco-loco-272-g",
   "hind": [
    {
     "hind": "1,49 €"
    }
   ]
  },
  {
   "product": "Suhkur Demerara, BILLINGTONS, 500 g",
   "url": "https://www.selver.ee/suhkur-demerara-billingtons-500-g",
   "hind": [
    {
     "hind": "1,99 €"
    }
   ]
  },
  {
   "product": "Kookospalmisuhkur, TERVISETOOTED, 250 g",
   "url": "https://www.selver.ee/kookospalmisuhkur-tervisetooted-250-g",
   "hind": [
    {
     "hind": "2,89 €"
    }
   ]
  },
  {
   "product": "Küpsetuspulber 160g, DR.OETKER, 160 g",
   "url": "https://www.selver.ee/kupsetuspulber-160g-dr-oetker-160-g",
   "hind": [
    {
     "hind": "1,29 €"
    }
   ]
  },
  {
   "product": "Sriracha Tšillikaste, FLYING GOOSE, 200 ml",
   "url": "https://www.selver.ee/sriracha-tsillikaste-flying-goose-200-ml",
   "hind": [
    {
     "hind": "3,39 €"
    }
   ]
  },
  {
   "product": "Vürtsköömen, 20g, SANTA MARIA",
   "url": "https://www.selver.ee/vurtskoome-20g-santa-maria",
   "hind": [
    {
     "hind": "0,89 €"
    }
   ]
  },
  {
   "product": "Puravikumaitseline seenepuljong, GALLINA BLANCA, 80 g",
   "url": "https://www.selver.ee/puravikumaitseline-seenepuljong-gallina-blanca-80-g",
   "hind": [
    {
     "hind": "0,69 €"
    }
   ]
  },
  {
   "product": "Peenestatud basiilik, KOTANYI, 9 g",
   "url": "https://www.selver.ee/peenestatud-basiilik-kotanyi-9-g",
   "hind": [
    {
     "hind": "0,89 €"
    }
   ]
  },
  {
   "product": "Rafineerimata suhkur, BILLINGTONS, 1 kg",
   "url": "https://www.selver.ee/rafineerimata-suhkur-billingtons-1-kg",
   "hind": [
    {
     "hind": "3,99 €"
    }
   ]
  },
  {
   "product": "Mini Taco maisikausid, SANTA MARIA, 120 g",
   "url": "https://www.selver.ee/mini-taco-maisikausid-santa-maria-120-g",
   "hind": [
    {
     "hind": "3,19 €"
    }
   ]
  },
  {
   "product": "Austrikaste, THAI CHOICE, 200 g",
   "url": "https://www.selver.ee/austrikaste-thai-choice-200-g",
   "hind": [
    {
     "hind": "1,89 €"
    }
   ]
  },
  {
   "product": "Kookospiim, KARA, l",
   "url": "https://www.selver.ee/kookospiim-kara-l",
   "hind": [
    {
     "hind": "4,99 €"
    }
   ]
  },
  {
   "product": "Koriander purustatud, SANTA MARIA, 20 g",
   "url": "https://www.selver.ee/koriander-purustatud-santa-maria-20-g",
   "hind": [
    {
     "hind": "0,69 €"
    }
   ]
  },
  {
   "product": "Peenestatud tüümian, KOTANYI, 14 g",
   "url": "https://www.selver.ee/peenestatud-tuumian-kotanyi-14-g",
   "hind": [
    {
     "hind": "0,89 €"
    }
   ]
  },
  {
   "product": "Herbamare ürdisool, A.VOGEL, 250 g",
   "url": "https://www.selver.ee/herbamare-urdisool-a-vogel-250-g",
   "hind": [
    {
     "hind": "4,29 €"
    }
   ]
  },
  {
   "product": "Worcester kaste, HEINZ, 150 ml",
   "url": "https://www.selver.ee/worcester-kaste-heinz-150-ml",
   "hind": [
    {
     "hind": "1,79 €"
    }
   ]
  },
  {
   "product": "Tume tükksuhkur, DAN SUKKER, 500 g",
   "url": "https://www.selver.ee/tume-tukksuhkur-dan-sukker-500-g",
   "hind": [
    {
     "hind": "1,79 €"
    }
   ]
  },
  {
   "product": "Sibulapulber, MEIRA, 30 g",
   "url": "https://www.selver.ee/sibulapulber-meira-30-g",
   "hind": [
    {
     "hind": "0,99 €"
    }
   ]
  },
  {
   "product": "Chili con Carne maitseainesegu, SANTA MARIA, 28 g",
   "url": "https://www.selver.ee/chili-con-carne-maitseainesegu-santa-maria-28-g",
   "hind": [
    {
     "hind": "1,09 €"
    }
   ]
  },
  {
   "product": "Mandlilaastud, MEIRA, 50 g",
   "url": "https://www.selver.ee/mandlilaastud-meira-50-g",
   "hind": [
    {
     "hind": "1,89 €"
    }
   ]
  },
  {
   "product": "Jahvatatud ingver, SANTA MARIA, 20 g",
   "url": "https://www.selver.ee/jahvatatud-ingver-santa-maria-20-g",
   "hind": [
    {
     "hind": "0,69 €"
    }
   ]
  },
  {
   "product": "Üldmarinaad liha, kala, kana, SANTA MARIA, 75 g",
   "url": "https://www.selver.ee/uldmarinaad-liha-kala-kana-santa-maria-75-g",
   "hind": [
    {
     "hind": "0,89 €"
    }
   ]
  },
  {
   "product": "Ekstratume küpsetusšokolaad, FAZER, 100 g",
   "url": "https://www.selver.ee/block-ekstratume-shokolaad-fazer-100-g",
   "hind": [
    {
     "hind": "1,89 €"
    }
   ]
  },
  {
   "product": "Kalakaste, THAI CHOICE, 200 g",
   "url": "https://www.selver.ee/kalakaste-thai-choice-200-g",
   "hind": [
    {
     "hind": "1,69 €"
    }
   ]
  },
  {
   "product": "Kalapuljong, FOODSTUDIO, 750 ml",
   "url": "https://www.selver.ee/kalapuljong-foodstudio-750-ml",
   "hind": [
    {
     "hind": "3,79 €"
    }
   ]
  },
  {
   "product": "Kurkum, MEIRA, 60 g",
   "url": "https://www.selver.ee/kurkum-meira-60-g",
   "hind": [
    {
     "hind": "1,19 €"
    }
   ]
  },
  {
   "product": "Küüslaugusool, SANTA MARIA, 77 g",
   "url": "https://www.selver.ee/kuuslaugusool-santa-maria-77-g",
   "hind": [
    {
     "hind": "1,29 €"
    }
   ]
  },
  {
   "product": "Must pipar purustatud, SANTA MARIA, 36 g",
   "url": "https://www.selver.ee/must-pipar-purustatud-santa-maria-36-g",
   "hind": [
    {
     "hind": "2,29 €"
    }
   ]
  },
  {
   "product": "Kartulimaitseaine, 350g, SANTA MARIA",
   "url": "https://www.selver.ee/kartulimaitseaine-350g-santa-maria",
   "hind": [
    {
     "hind": "3,99 €"
    }
   ]
  },
  {
   "product": "Kaneel jahvatatud, SANTA MARIA, 210 g",
   "url": "https://www.selver.ee/kaneel-jahvatatud-santa-maria-210-g",
   "hind": [
    {
     "hind": "4,49 €"
    }
   ]
  },
  {
   "product": "Persillade , 48g, SANTA MARIA",
   "url": "https://www.selver.ee/persillade-48g-santa-maria",
   "hind": [
    {
     "hind": "1,29 €"
    }
   ]
  },
  {
   "product": "Maitseainesegu punase karri, SANTA MARIA, 40 g",
   "url": "https://www.selver.ee/maitseainesegu-punase-karri-santa-maria-40-g",
   "hind": [
    {
     "hind": "1,29 €"
    }
   ]
  },
  {
   "product": "Vokikaste austri ja küüslauguga, SANTA MARIA, 150 g",
   "url": "https://www.selver.ee/vokikaste-austri-ja-kuuslauguga-santa-maria-150-g",
   "hind": [
    {
     "hind": "2,19 €"
    }
   ]
  },
  {
   "product": "Vanilliinsuhkur, ANATOLS, 20 g",
   "url": "https://www.selver.ee/vanilliinsuhkur-anatols-20-g",
   "hind": [
    {
     "hind": "0,25 €"
    }
   ]
  },
  {
   "product": "Sushi Nori lehed, SAITAKU, 14 g",
   "url": "https://www.selver.ee/sushi-nori-lehed-saitaku-14-g",
   "hind": [
    {
     "hind": "1,99 €"
    }
   ]
  },
  {
   "product": "Tortilja krõpsud tšilliga, WANTED, 200 g",
   "url": "https://www.selver.ee/tortilja-kropsud-tsilliga-wanted-200-g",
   "hind": [
    {
     "hind": "1,09 €"
    }
   ]
  },
  {
   "product": "Küüslaugupipar, SANTA MARIA, 30 g",
   "url": "https://www.selver.ee/kuuslaugupipar-santa-maria-30-g",
   "hind": [
    {
     "hind": "1,09 €"
    }
   ]
  },
  {
   "product": "Looduslik Himaalaja jäme sool, KORNITA, 500 g",
   "url": "https://www.selver.ee/looduslik-himaalaja-jame-sool-kornita-500-g",
   "hind": [
    {
     "hind": "0,99 €"
    }
   ]
  },
  {
   "product": "Prantsuse ürdisegu, SANTA MARIA, 6 g",
   "url": "https://www.selver.ee/prantsuse-urdisegu-santa-maria-6-g",
   "hind": [
    {
     "hind": "0,69 €"
    }
   ]
  },
  {
   "product": "Tuline lihamaitseaine, SANTA MARIA, 20 g",
   "url": "https://www.selver.ee/tuline-lihamaitseaine-santa-maria-20-g",
   "hind": [
    {
     "hind": "0,69 €"
    }
   ]
  },
  {
   "product": "Mahe salsa, WANTED, 260 g",
   "url": "https://www.selver.ee/mahe-salsa-wanted-260-g",
   "hind": [
    {
     "hind": "1,29 €"
    }
   ]
  },
  {
   "product": "Ekstrapeen valge suhkur, DAN SUKKER, 1 kg",
   "url": "https://www.selver.ee/ekstrapeen-valge-suhkur-dan-sukker-1-kg",
   "hind": [
    {
     "hind": "1,29 €"
    }
   ]
  },
  {
   "product": "Herby basiiliku salatikaste, FS GOODS, 200 ml",
   "url": "https://www.selver.ee/herby-basiiliku-salatikaste-fs-goods-200-ml",
   "hind": [
    {
     "hind": "2,99 €"
    }
   ]
  },
  {
   "product": "Tšillipipar Red Hot, helbed, 28g, SANTA MARIA",
   "url": "https://www.selver.ee/tsillipipar-red-hot-helbed-28g-santa-maria",
   "hind": [
    {
     "hind": "1,89 €"
    }
   ]
  },
  {
   "product": "Sriracha chilli-küüslaugu kaste, THAI CHOICE, 200 g",
   "url": "https://www.selver.ee/sriracha-chilli-kuuslaugu-kaste-thai-choice-200-g",
   "hind": [
    {
     "hind": "1,89 €"
    }
   ]
  },
  {
   "product": "Viie pipra segu, SANTA MARIA, 25 g",
   "url": "https://www.selver.ee/viie-pipra-segu-santa-maria-25-g",
   "hind": [
    {
     "hind": "1,19 €"
    }
   ]
  },
  {
   "product": "Vaniljesuhkur, DR.OETKER, 160 g",
   "url": "https://www.selver.ee/vaniljesuhkur-dr-oetker-160-g",
   "hind": [
    {
     "hind": "2,19 €"
    }
   ]
  },
  {
   "product": "Must terapipar, ANATOLS, 15 g",
   "url": "https://www.selver.ee/must-terapipar-anatols-15-g",
   "hind": [
    {
     "hind": "0,69 €"
    }
   ]
  },
  {
   "product": "Tai traditsionaalsed nuudlid, THAI CHOICE, 250 g",
   "url": "https://www.selver.ee/tai-traditsionaalsed-nuudlid-thai-choice-250-g",
   "hind": [
    {
     "hind": "2,19 €"
    }
   ]
  },
  {
   "product": "Tortilja krõpsud tšilli, SANTA MARIA, 475 g",
   "url": "https://www.selver.ee/tortilja-kropsud-tsilli-santa-maria-475-g",
   "hind": [
    {
     "hind": "3,99 €"
    }
   ]
  },
  {
   "product": "Universaalne maitseaine, SANTA MARIA, 160 g",
   "url": "https://www.selver.ee/universaalne-maitseaine-santa-maria-160-g",
   "hind": [
    {
     "hind": "1,29 €"
    }
   ]
  },
  {
   "product": "Sushi riis, VESKI MATI, 500 g",
   "url": "https://www.selver.ee/sushi-riis-veski-mati-500-g",
   "hind": [
    {
     "hind": "1,99 €"
    }
   ]
  },
  {
   "product": "Veisepuljong, NATUR COMPAGNIE, 96 g",
   "url": "https://www.selver.ee/veisepuljong-natur-compagnie-96-g",
   "hind": [
    {
     "hind": "2,89 €"
    }
   ]
  },
  {
   "product": "Terriyaki kaste, THAI CHOICE, 200 ml",
   "url": "https://www.selver.ee/terriyaki-kaste-thai-choice-200-ml",
   "hind": [
    {
     "hind": "1,99 €"
    }
   ]
  },
  {
   "product": "Agaavisiirup, DULSWEET, 345 g",
   "url": "https://www.selver.ee/agaavisiirup-dulsweet-345-g",
   "hind": [
    {
     "hind": "4,99 €"
    }
   ]
  },
  {
   "product": "Hakklihamaitseaine, SANTA MARIA, 280 g",
   "url": "https://www.selver.ee/hakklihamaitseaine-santa-maria-280-g",
   "hind": [
    {
     "hind": "3,99 €"
    }
   ]
  },
  {
   "product": "Himaalaja kristallsool, LOODUSVÄGI, 500 g",
   "url": "https://www.selver.ee/himaalaja-kristallsool-loodusvagi-500-g",
   "hind": [
    {
     "hind": "2,29 €"
    }
   ]
  },
  {
   "product": "Kivisool, SANTA MARIA, 455 g",
   "url": "https://www.selver.ee/kivisool-santa-maria-455-g",
   "hind": [
    {
     "hind": "4,99 €"
    }
   ]
  },
  {
   "product": "Maisikrõpsud Originaal gluteenivaba, OLD EL PASO, 185 g",
   "url": "https://www.selver.ee/maisikropsud-originaal-gluteenivaba-old-el-paso-185-g",
   "hind": [
    {
     "hind": "2,39 €"
    }
   ]
  },
  {
   "product": "Kivisool veskis, SANTA MARIA, 140 g",
   "url": "https://www.selver.ee/kivisool-veskis-santa-maria-140-g",
   "hind": [
    {
     "hind": "3,69 €"
    }
   ]
  },
  {
   "product": "Panko riivsai, LOBO, 200 g",
   "url": "https://www.selver.ee/panko-riivsai-lobo-200-g",
   "hind": [
    {
     "hind": "3,19 €"
    }
   ]
  },
  {
   "product": "Marinaad magus tšilli, SANTA MARIA, 75 g",
   "url": "https://www.selver.ee/marinaad-magus-tsilli-santa-maria-75-g",
   "hind": [
    {
     "hind": "0,79 €"
    }
   ]
  },
  {
   "product": "Karri, SANTA MARIA, 34 g",
   "url": "https://www.selver.ee/karri-santa-maria-34-g",
   "hind": [
    {
     "hind": "1,29 €"
    }
   ]
  },
  {
   "product": "Vahukooretugevdaja, RUF, 5x8 g",
   "url": "https://www.selver.ee/vahukooretugevdaja-ruf-5x8-g",
   "hind": [
    {
     "hind": "0,59 €"
    }
   ]
  },
  {
   "product": "Gluteenivaba sojakaste, JAPANESE CHOICE, 200 ml",
   "url": "https://www.selver.ee/gluteenivaba-sojakaste-japanese-choice-200-ml",
   "hind": [
    {
     "hind": "2,99 €"
    }
   ]
  },
  {
   "product": "Karri 0% soola, MEIRA, 25 g",
   "url": "https://www.selver.ee/karri-0-soola-meira-25-g",
   "hind": [
    {
     "hind": "0,59 €"
    }
   ]
  },
  {
   "product": "Röstitud maapähkli puru, TAKE1 CHEF, 70 g",
   "url": "https://www.selver.ee/rostitud-maapahkli-puru-take1-chef-70-g",
   "hind": [
    {
     "hind": "0,79 €"
    }
   ]
  },
  {
   "product": "Aasia puljong, FOODSTUDIO, 350 ml",
   "url": "https://www.selver.ee/aasia-puljong-foodstudio-350-ml",
   "hind": [
    {
     "hind": "2,69 €"
    }
   ]
  },
  {
   "product": "Ürdisegu küüslauguga, SANTA MARIA, 28 g",
   "url": "https://www.selver.ee/urdisegu-kuuslauguga-santa-maria-28-g",
   "hind": [
    {
     "hind": "0,89 €"
    }
   ]
  },
  {
   "product": "Muskaatpähkel, SANTA MARIA, 10 g",
   "url": "https://www.selver.ee/muskaatpahkel-santa-maria-10-g",
   "hind": [
    {
     "hind": "1,09 €"
    }
   ]
  },
  {
   "product": "Himaalaja sool jäme, TERVISETOOTED, 1 kg",
   "url": "https://www.selver.ee/himaalaja-sool-jame-tervisetooted-1-kg",
   "hind": [
    {
     "hind": "2,19 €"
    }
   ]
  },
  {
   "product": "Küüslaugu salsa, SANTA MARIA, 230 g",
   "url": "https://www.selver.ee/kuuslaugu-salsa-santa-maria-230-g",
   "hind": [
    {
     "hind": "2,79 €"
    }
   ]
  },
  {
   "product": "Hmeli-Suneli, ANATOLS, 15 g",
   "url": "https://www.selver.ee/hmeli-suneli-anatols-15-g",
   "hind": [
    {
     "hind": "0,39 €"
    }
   ]
  },
  {
   "product": "Must pipar jahvatatud purk , 35g, SANTA MARIA",
   "url": "https://www.selver.ee/must-pipar-jahvatatud-purk-35g-santa-maria",
   "hind": [
    {
     "hind": "2,29 €"
    }
   ]
  },
  {
   "product": "Maitseainesegu rohelise karri, SANTA MARIA, 40 g",
   "url": "https://www.selver.ee/maitseainesegu-rohelise-karri-santa-maria-40-g",
   "hind": [
    {
     "hind": "1,29 €"
    }
   ]
  },
  {
   "product": "Pruun roosuhkur (rafineerimata), SOL 'MARRON, 500 g",
   "url": "https://www.selver.ee/pruun-roosuhkur-rafineerimata-sol-marron-500-g",
   "hind": [
    {
     "hind": "1,99 €"
    }
   ]
  },
  {
   "product": "Küüslaugu-ürdi marinaad lihale, SANTA MARIA, 75 g",
   "url": "https://www.selver.ee/kuuslaugu-urdi-marinaad-lihale-santa-maria-75-g",
   "hind": [
    {
     "hind": "0,89 €"
    }
   ]
  },
  {
   "product": "Wasabi pasta, PEARL RIVER BRIDGE, 43 g",
   "url": "https://www.selver.ee/wasabi-pasta-pearl-river-bridge-43-g",
   "hind": [
    {
     "hind": "1,79 €"
    }
   ]
  },
  {
   "product": "Sibulahelbed röstitud, SANTA MARIA, 110 g",
   "url": "https://www.selver.ee/sibulahelbed-rostitud-santa-maria-110-g-1",
   "hind": [
    {
     "hind": "2,99 €"
    }
   ]
  },
  {
   "product": "Kalamaitseaine tilliga, SANTA MARIA, 25 g",
   "url": "https://www.selver.ee/kalamaitseaine-tilliga-santa-maria-25-g",
   "hind": [
    {
     "hind": "0,69 €"
    }
   ]
  },
  {
   "product": "Riisiäädikas, THAI CHOICE, 300 ml",
   "url": "https://www.selver.ee/riisiaadikas-thai-choice-300-ml",
   "hind": [
    {
     "hind": "2,19 €"
    }
   ]
  },
  {
   "product": "Kõva tükksuhkur, DAN SUKKER, 500 g",
   "url": "https://www.selver.ee/kova-tukksuhkur-dan-sukker-500-g",
   "hind": [
    {
     "hind": "1,09 €"
    }
   ]
  },
  {
   "product": "Pan-sool, REFORMI, 450 g",
   "url": "https://www.selver.ee/pan-sool-reformi-450-g",
   "hind": [
    {
     "hind": "2,99 €"
    }
   ]
  },
  {
   "product": "Rolls maisisnäkk tomatimaitseline, POCO LOCO, 125 g",
   "url": "https://www.selver.ee/rolls-maisisnakk-tomatimaitseline-poco-loco-125-g",
   "hind": [
    {
     "hind": "0,99 €"
    }
   ]
  },
  {
   "product": "Tumeda šokolaadi nööbid, UMAMI, 200 g",
   "url": "https://www.selver.ee/tumeda-sokolaadi-noobid-umami-200-g",
   "hind": [
    {
     "hind": "2,99 €"
    }
   ]
  },
  {
   "product": "Vürtsköömen jahvatatud, MEIRA, 25 g",
   "url": "https://www.selver.ee/vurtskoomen-jahvatatud-meira-25-g",
   "hind": [
    {
     "hind": "0,69 €"
    }
   ]
  },
  {
   "product": "Vahtrasiirup Kanada Öko, VERTMONT, 330 g",
   "url": "https://www.selver.ee/vahtrasiirup-kanada-vertmont-330-g",
   "hind": [
    {
     "hind": "8,29 €"
    }
   ]
  },
  {
   "product": "Kaneelipulber, ANATOLS, 10 g",
   "url": "https://www.selver.ee/kaneelipulber-anatols-10-g",
   "hind": [
    {
     "hind": "0,49 €"
    }
   ]
  },
  {
   "product": "Kurkum jahvatatud, SANTA MARIA, 35 g",
   "url": "https://www.selver.ee/kurkum-jahvatatud-santa-maria-35-g",
   "hind": [
    {
     "hind": "1,29 €"
    }
   ]
  },
  {
   "product": "Kanapuljongi kontsentraat, GUSTAF BONG, 180 ml",
   "url": "https://www.selver.ee/kanafond-gustaf-bong-180-ml",
   "hind": [
    {
     "hind": "3,29 €"
    }
   ]
  },
  {
   "product": "Sidrunipipar , 300g, SANTA MARIA",
   "url": "https://www.selver.ee/sidrunipipar-300g-santa-maria",
   "hind": [
    {
     "hind": "5,99 €"
    }
   ]
  },
  {
   "product": "Sushi marineeritud ingver, JAPANESE CHOICE, 110 g",
   "url": "https://www.selver.ee/sushi-marineeritud-ingver-japanese-choice-110-g",
   "hind": [
    {
     "hind": "2,09 €"
    }
   ]
  },
  {
   "product": "Ürdiaia segu , 29g, SANTA MARIA",
   "url": "https://www.selver.ee/urdiaia-segu-29g-santa-maria",
   "hind": [
    {
     "hind": "1,29 €"
    }
   ]
  },
  {
   "product": "Korma kaste, SANTA MARIA, 350 g",
   "url": "https://www.selver.ee/korma-kaste-santa-maria-350-g",
   "hind": [
    {
     "hind": "3,29 €"
    }
   ]
  },
  {
   "product": "Liha üldmaitseaine, SANTA MARIA, 290 g",
   "url": "https://www.selver.ee/liha-uldmaitseaine-santa-maria-290-g-1",
   "hind": [
    {
     "hind": "4,29 €"
    }
   ]
  },
  {
   "product": "Salatiseemnete segu",
   "url": "https://www.selver.ee/salatiseemnete-segu",
   "hind": [
    {
     "hind": "0,69 €"
    }
   ]
  },
  {
   "product": "Klaasnuudlid mungubadest, HS, 200 g",
   "url": "https://www.selver.ee/klaasnuudlid-mungubadest-hs-200-g",
   "hind": [
    {
     "hind": "1,59 €"
    }
   ]
  },
  {
   "product": "Tandoori maitseainesegu, SANTA MARIA, 35 g",
   "url": "https://www.selver.ee/tandoori-maitseainesegu-santa-maria-35-g",
   "hind": [
    {
     "hind": "1,19 €"
    }
   ]
  },
  {
   "product": "Must pipar purustatud, 200g, SANTA MARIA",
   "url": "https://www.selver.ee/must-pipar-purustatud-200g-santa-maria",
   "hind": [
    {
     "hind": "7,29 €"
    }
   ]
  },
  {
   "product": "Sojakaste, PEAREL RIVER, 150 ml",
   "url": "https://www.selver.ee/sojakaste-pearel-river",
   "hind": [
    {
     "hind": "1,89 €"
    }
   ]
  },
  {
   "product": "Oanuudlid, THAI CHOICE, 200 g",
   "url": "https://www.selver.ee/oanuudlid-thai-choice-200-g",
   "hind": [
    {
     "hind": "2,49 €"
    }
   ]
  },
  {
   "product": "Diamant suhkruasendaja 650 tk, DIAMANT, purk",
   "url": "https://www.selver.ee/diamant-suhkruasendaja-650-tk-diamant-purk",
   "hind": [
    {
     "hind": "1,49 €"
    }
   ]
  },
  {
   "product": "Munanuudlid, GOODBURRY, 250 g",
   "url": "https://www.selver.ee/munanuudlid-goodburry-250-g",
   "hind": [
    {
     "hind": "1,39 €"
    }
   ]
  },
  {
   "product": "Tellycherry pipar verskis, SANTA MARIA, 70 g",
   "url": "https://www.selver.ee/tellycherry-pipar-verskis-santa-maria-70-g",
   "hind": [
    {
     "hind": "5,49 €"
    }
   ]
  },
  {
   "product": "Vürts, SANTA MARIA, 15 g",
   "url": "https://www.selver.ee/vurts-santa-maria-15-g",
   "hind": [
    {
     "hind": "0,79 €"
    }
   ]
  },
  {
   "product": "Ökoloogiline valge suhkur, DAN SUKKER, 1 kg",
   "url": "https://www.selver.ee/okoloogiline-valge-suhkur-dan-sukker-1-kg",
   "hind": [
    {
     "hind": "2,79 €"
    }
   ]
  },
  {
   "product": "Geeltoiduvärv punane, DR.OETKER, 15 g",
   "url": "https://www.selver.ee/geeltoiduvarv-punane-dr-oetker-15-g",
   "hind": [
    {
     "hind": "1,99 €"
    }
   ]
  },
  {
   "product": "Kartulimaitseaine ameerika moodi, 30g, KOTANYI",
   "url": "https://www.selver.ee/kartulimaitseaine-ameerika-moodi-30g-kotanyi",
   "hind": [
    {
     "hind": "0,89 €"
    }
   ]
  },
  {
   "product": "Tortilla grill 24cm, MISSION FOODS, 370 g",
   "url": "https://www.selver.ee/tortilja-grill-24cm-mission-foods-370-g",
   "hind": [
    {
     "hind": "2,39 €"
    }
   ]
  },
  {
   "product": "Guljasimaitseaine, SANTA MARIA, 40 g",
   "url": "https://www.selver.ee/guljasimaitseaine-santa-maria-40-g",
   "hind": [
    {
     "hind": "0,69 €"
    }
   ]
  },
  {
   "product": "Raita maitseainesegu, SANTA MARIA, 8 g",
   "url": "https://www.selver.ee/raita-maitseainesegu-santa-maria-8-g",
   "hind": [
    {
     "hind": "0,59 €"
    }
   ]
  },
  {
   "product": "Nelk, SANTA MARIA, 10 g",
   "url": "https://www.selver.ee/nelk-santa-maria-10-g",
   "hind": [
    {
     "hind": "0,79 €"
    }
   ]
  },
  {
   "product": "Lehtželatiin, RUF, 20 g",
   "url": "https://www.selver.ee/lehtzelatiin-ruf-20-g",
   "hind": [
    {
     "hind": "1,39 €"
    },
    {
     "hind": "1,79 €"
    }
   ]
  },
  {
   "product": "Tšillimaitseaine soolata, MEIRA, 24 g",
   "url": "https://www.selver.ee/tsillimaitseaine-soolata-meira-24-g",
   "hind": [
    {
     "hind": "0,79 €"
    }
   ]
  },
  {
   "product": "Aroomisool, SANTA MARIA, 74 g",
   "url": "https://www.selver.ee/aroomisool-santa-maria-74-g",
   "hind": [
    {
     "hind": "1,29 €"
    }
   ]
  },
  {
   "product": "Vanilli lõhna-ja maitseaine, DR.OETKER, 40 ml",
   "url": "https://www.selver.ee/vanilli-lohna-ja-maitseaine-dr-oetker-40-ml",
   "hind": [
    {
     "hind": "2,99 €"
    }
   ]
  },
  {
   "product": "Must terapipar, 210g, SANTA MARIA",
   "url": "https://www.selver.ee/must-terapipar-210g-santa-maria",
   "hind": [
    {
     "hind": "6,99 €"
    }
   ]
  },
  {
   "product": "Veskisoola täitepakk, MEIRA, 450 g",
   "url": "https://www.selver.ee/veskisoola-taitepakk-meira-450-g",
   "hind": [
    {
     "hind": "0,89 €"
    }
   ]
  },
  {
   "product": "Jodeeritud söögisool, JOZO, 1 kg",
   "url": "https://www.selver.ee/jodeeritud-soogisool-jozo-1-kg",
   "hind": [
    {
     "hind": "1,19 €"
    }
   ]
  },
  {
   "product": "Mahe kartulitärklis, ALOJAS, 500 g",
   "url": "https://www.selver.ee/mahe-kartulitarklis-alojas-500-g",
   "hind": [
    {
     "hind": "1,49 €"
    }
   ]
  },
  {
   "product": "Kalamaitseaine sidruniga, SANTA MARIA, 37 g",
   "url": "https://www.selver.ee/kalamaitseaine-sidruniga-santa-maria-37-g",
   "hind": [
    {
     "hind": "1,49 €"
    }
   ]
  },
  {
   "product": "Geeltoiduvärv sinine, DR.OETKER, 15 g",
   "url": "https://www.selver.ee/geeltoiduvarv-sinine-dr-oetker-15-g",
   "hind": [
    {
     "hind": "1,99 €"
    }
   ]
  },
  {
   "product": "Kalapuljong, FOODSTUDIO, 350 ml",
   "url": "https://www.selver.ee/kalapuljong-foodstudio-350-ml",
   "hind": [
    {
     "hind": "2,69 €"
    }
   ]
  },
  {
   "product": "Granuleeritud küüslauk, ANATOLS, 15 g",
   "url": "https://www.selver.ee/granuleeritud-kuuslauk-anatols-15-g",
   "hind": [
    {
     "hind": "0,39 €"
    }
   ]
  },
  {
   "product": "Vanillipasta ökoloogiline, TAYLOR & COLLEDGE, 65 g",
   "url": "https://www.selver.ee/vanillipasta-okoloogiline-taylor-colledge-65-g",
   "hind": [
    {
     "hind": "6,39 €"
    }
   ]
  },
  {
   "product": "Rosmariin, KOTANYI, 18 g",
   "url": "https://www.selver.ee/rosmariin-kotanyi-18-g",
   "hind": [
    {
     "hind": "0,89 €"
    }
   ]
  },
  {
   "product": "Kaneelikoor pakk, SANTA MARIA, 22g",
   "url": "https://www.selver.ee/kaneelikoor-pakk-santa-maria-22g",
   "hind": [
    {
     "hind": "1,19 €"
    }
   ]
  },
  {
   "product": "Tšillimaitseaine, SANTA MARIA, 70 g",
   "url": "https://www.selver.ee/tsillimaitseaine-santa-maria-70-g",
   "hind": [
    {
     "hind": "3,69 €"
    }
   ]
  },
  {
   "product": "Organic terve must pipar, SANTA MARIA, 17 g",
   "url": "https://www.selver.ee/organic-terve-must-pipar-santa-maria-17-g",
   "hind": [
    {
     "hind": "1,59 €"
    }
   ]
  },
  {
   "product": "Pitsamaitseaine, MEIRA, 32 g",
   "url": "https://www.selver.ee/pitsamaitseaine-meira-32-g",
   "hind": [
    {
     "hind": "1,39 €"
    }
   ]
  },
  {
   "product": "Kartuliglasuur küüslauguga, MEIRA, 35 g",
   "url": "https://www.selver.ee/kartuliglasuur-kuuslauguga-meira-35-g",
   "hind": [
    {
     "hind": "0,79 €"
    }
   ]
  },
  {
   "product": "Vahemere ürdisegu, MEIRA, 9 g",
   "url": "https://www.selver.ee/vahemere-urdisegu-meira-9-g",
   "hind": [
    {
     "hind": "0,49 €"
    }
   ]
  },
  {
   "product": "Seesamiõli, THAI CHOICE, 200 ml",
   "url": "https://www.selver.ee/seesamioli-thai-choice-200-ml",
   "hind": [
    {
     "hind": "5,29 €"
    }
   ]
  },
  {
   "product": "Sushi äädikas, JAPANESE CHOICE, 200 ml",
   "url": "https://www.selver.ee/sushi-aadikas-japanese-choice-200-ml",
   "hind": [
    {
     "hind": "2,69 €"
    }
   ]
  },
  {
   "product": "Cajuni vürts, MEIRA, 32 g",
   "url": "https://www.selver.ee/cajuni-vurts-meira-32-g",
   "hind": [
    {
     "hind": "0,79 €"
    }
   ]
  },
  {
   "product": "Kartulimaitseaine, SANTA MARIA, 57 g",
   "url": "https://www.selver.ee/kartulimaitseaine-santa-maria-57-g",
   "hind": [
    {
     "hind": "1,29 €"
    }
   ]
  },
  {
   "product": "Merevetika snäkk seesamiga vürtsikas, TAOKAENOI, 39 g",
   "url": "https://www.selver.ee/merevetika-snakk-seesamiga-vurtsikas-taokaenoi-39-g",
   "hind": [
    {
     "hind": "2,39 €"
    }
   ]
  },
  {
   "product": "Lilla nonparell, MEIRA, 60 g",
   "url": "https://www.selver.ee/lilla-nonparell-meira-60-g",
   "hind": [
    {
     "hind": "1,19 €"
    }
   ]
  },
  {
   "product": "Hele agaavisiirup, JAKOBSENS, 350 g",
   "url": "https://www.selver.ee/hele-agaavisiirup-jakobsens-350-g",
   "hind": [
    {
     "hind": "4,99 €"
    }
   ]
  },
  {
   "product": "Tom Kha pasta, THAI CHOICE, 110 g",
   "url": "https://www.selver.ee/tom-kha-pasta-thai-choice-110-g",
   "hind": [
    {
     "hind": "2,59 €"
    }
   ]
  },
  {
   "product": "Jahimehesegu, SANTA MARIA, 30 g",
   "url": "https://www.selver.ee/jahimehesegu-santa-maria-30-g",
   "hind": [
    {
     "hind": "0,99 €"
    }
   ]
  },
  {
   "product": "Universaalne maitseaine, MAGGI, 200 g",
   "url": "https://www.selver.ee/universaalne-maitseaine-maggi-200-g",
   "hind": [
    {
     "hind": "1,59 €"
    }
   ]
  },
  {
   "product": "Rose Salt, , 400 g",
   "url": "https://www.selver.ee/rose-salt-400-g",
   "hind": [
    {
     "hind": "2,99 €"
    }
   ]
  },
  {
   "product": "Merevetika snäkk kana-vürtsi (Larb) seguga, TAOKAENOI, 40 g",
   "url": "https://www.selver.ee/merevetika-snakk-kana-vurtsi-larb-seguga-taokaenoi-40-g",
   "hind": [
    {
     "hind": "2,29 €"
    }
   ]
  },
  {
   "product": "Mini-tükksuhkur, DAN SUKKER, 500 g",
   "url": "https://www.selver.ee/mini-tukksuhkur-dan-sukker-500-g",
   "hind": [
    {
     "hind": "1,19 €"
    }
   ]
  },
  {
   "product": "Kotletimaitseaine, SANTA MARIA, 28 g",
   "url": "https://www.selver.ee/kotletimaitseaine-santa-maria-28-g",
   "hind": [
    {
     "hind": "0,69 €"
    }
   ]
  },
  {
   "product": "Piprasegu, SANTA MARIA, 25 g",
   "url": "https://www.selver.ee/piprasegu-santa-maria-25-g",
   "hind": [
    {
     "hind": "1,09 €"
    }
   ]
  },
  {
   "product": "Kuivmarinaadisegu ribidele, SANTA MARIA, 30 g",
   "url": "https://www.selver.ee/kuivmarinaadisegu-ribidele-santa-maria-30-g",
   "hind": [
    {
     "hind": "0,99 €"
    }
   ]
  },
  {
   "product": "Caroma koorepulber, CEBE, 250 g",
   "url": "https://www.selver.ee/caroma-koorepulber-cebe-250-g",
   "hind": [
    {
     "hind": "1,69 €"
    }
   ]
  },
  {
   "product": "Terav kaste Habanero, WANTED, 140 g",
   "url": "https://www.selver.ee/terav-kaste-habanero-wanted-140-g",
   "hind": [
    {
     "hind": "1,99 €"
    }
   ]
  },
  {
   "product": "Broilerimaitseaine, 275g, SANTA MARIA",
   "url": "https://www.selver.ee/broilerimaitseaine-275g-santa-maria",
   "hind": [
    {
     "hind": "3,99 €"
    }
   ]
  },
  {
   "product": "Till, 12g, SANTA MARIA",
   "url": "https://www.selver.ee/till-12g-santa-maria",
   "hind": [
    {
     "hind": "1,29 €"
    }
   ]
  },
  {
   "product": "Tuhksuhkur, DIAMANT, 250 g",
   "url": "https://www.selver.ee/tuhksuhkur-diamant-250-g",
   "hind": [
    {
     "hind": "1,39 €"
    }
   ]
  },
  {
   "product": "Merevetika snäkk tomatiga, TAOKAENOI, 32 g",
   "url": "https://www.selver.ee/merevetika-snakk-tomatiga-taokaenoi-32-g",
   "hind": [
    {
     "hind": "2,29 €"
    }
   ]
  },
  {
   "product": "Peeneteraline jodeeritud meresool, MEIRA, 450 g",
   "url": "https://www.selver.ee/peeneteraline-jodeeritud-meresool-meira-450-g",
   "hind": [
    {
     "hind": "0,89 €"
    }
   ]
  },
  {
   "product": "Moosisuhkur, DAN SUKKER, 1 kg",
   "url": "https://www.selver.ee/moosisuhkur-dan-sukker-1-kg",
   "hind": [
    {
     "hind": "1,99 €"
    }
   ]
  },
  {
   "product": "Hele Muscovado suhkur, DAN SUKKER, 400 g",
   "url": "https://www.selver.ee/hele-muscovado-suhkur-dan-sukker-400-g",
   "hind": [
    {
     "hind": "1,69 €"
    }
   ]
  },
  {
   "product": "Pune, SANTA MARIA, 5 g",
   "url": "https://www.selver.ee/pune-santa-maria-5-g-1",
   "hind": [
    {
     "hind": "1,29 €"
    }
   ]
  },
  {
   "product": "Teriyaki kaste, PASSAGE TO ASIA, 200 g",
   "url": "https://www.selver.ee/teriyaki-kaste-passage-to-asia-200-g",
   "hind": [
    {
     "hind": "3,19 €"
    }
   ]
  },
  {
   "product": "Sidrunipipar 0% soola, MEIRA, 32 g",
   "url": "https://www.selver.ee/sidrunipipar-0-soola-meira-32-g",
   "hind": [
    {
     "hind": "0,89 €"
    }
   ]
  },
  {
   "product": "Juustukaste Salsa Con Queso, POCO LOCO, 300 g",
   "url": "https://www.selver.ee/juustukaste-salsa-con-queso-poco-loco-300-g",
   "hind": [
    {
     "hind": "2,29 €"
    }
   ]
  },
  {
   "product": "Kana ja liha maitseaine veskis, SANTA MARIA, 75 g",
   "url": "https://www.selver.ee/kana-ja-liha-maitseaine-veskis-santa-maria-75-g",
   "hind": [
    {
     "hind": "3,69 €"
    }
   ]
  },
  {
   "product": "Sushi pulgad, JAPANESE CHOICE, 1 pakk",
   "url": "https://www.selver.ee/sushi-pulgad-japanese-choice-1-pakk",
   "hind": [
    {
     "hind": "0,99 €"
    }
   ]
  },
  {
   "product": "Suitsune paprika, SANTA MARIA, 230 g",
   "url": "https://www.selver.ee/suitsune-paprika-santa-maria-230-g",
   "hind": [
    {
     "hind": "6,99 €"
    }
   ]
  },
  {
   "product": "Värviline strössel, MEIRA, 55 g",
   "url": "https://www.selver.ee/varviline-strossel-meira-55-g",
   "hind": [
    {
     "hind": "1,19 €"
    }
   ]
  },
  {
   "product": "Hele suhkrusiirup, DAN SUKKER, 750 g",
   "url": "https://www.selver.ee/hele-suhkrusiirup-dan-sukker-750-g",
   "hind": [
    {
     "hind": "1,79 €"
    }
   ]
  },
  {
   "product": "Himaalaja kristallsool 500g, kilepakend, Bioenergie",
   "url": "https://www.selver.ee/himaalaja-kristallsool-500g-kilepakend-bioenergie",
   "hind": [
    {
     "hind": "2,69 €"
    }
   ]
  },
  {
   "product": "Sriracha tšilli-majoneesi kaste, FLYING GOOSE, 200 ml",
   "url": "https://www.selver.ee/sriracha-tsilli-majoneesi-kaste-flying-goose-200-ml",
   "hind": [
    {
     "hind": "3,99 €"
    }
   ]
  },
  {
   "product": "HULGI Tortilja krõpsud juustuga 2tk, WANTED, 2 x 200 g",
   "url": "https://www.selver.ee/hulgi-tortilja-kropsud-juustuga-2tk-wanted-2-x-200-g",
   "hind": [
    {
     "hind": "2,00 €"
    }
   ]
  },
  {
   "product": "Organic Kardemon jahvatatud, SANTA MARIA, 17 g",
   "url": "https://www.selver.ee/organic-kardemon-jahvatatud-santa-maria-17-g",
   "hind": [
    {
     "hind": "2,49 €"
    }
   ]
  },
  {
   "product": "Värviline nonparell, MEIRA, 60 g",
   "url": "https://www.selver.ee/varviline-nonparell-meira-60-g",
   "hind": [
    {
     "hind": "1,19 €"
    }
   ]
  },
  {
   "product": "Rosepipar jahvatamata, MEIRA, 15 g",
   "url": "https://www.selver.ee/rosepipar-jahvatamata-meira-15-g",
   "hind": [
    {
     "hind": "0,99 €"
    }
   ]
  },
  {
   "product": "Tšillipipar, SANTA MARIA, 34 g",
   "url": "https://www.selver.ee/tsillipipar-santa-maria-34-g",
   "hind": [
    {
     "hind": "1,79 €"
    }
   ]
  },
  {
   "product": "Basiilik, SANTA MARIA, 12 g",
   "url": "https://www.selver.ee/basiilik-santa-maria-12-g",
   "hind": [
    {
     "hind": "1,29 €"
    }
   ]
  },
  {
   "product": "Geeltoiduvärv roheline, DR.OETKER, 15 g",
   "url": "https://www.selver.ee/geeltoiduvarv-roheline-dr-oetker-15-g",
   "hind": [
    {
     "hind": "1,99 €"
    }
   ]
  },
  {
   "product": "Glükoosisiirup, DAN SUKKER, 400 ml",
   "url": "https://www.selver.ee/glukoosisiirup-dan-sukker-400-ml",
   "hind": [
    {
     "hind": "1,99 €"
    }
   ]
  },
  {
   "product": "Universaalne maitseaine, MAGGI, 75 g",
   "url": "https://www.selver.ee/universaalne-maitseaine-maggi-75-g",
   "hind": [
    {
     "hind": "0,69 €"
    }
   ]
  },
  {
   "product": "Jahimehesegu, 220g, SANTA MARIA",
   "url": "https://www.selver.ee/jahimehesegu-220g-santa-maria",
   "hind": [
    {
     "hind": "4,49 €"
    }
   ]
  },
  {
   "product": "Meresoolahelbed, MALDON GOURMET, 250 g",
   "url": "https://www.selver.ee/meresoolahelbed-maldon-gourmet-250-g",
   "hind": [
    {
     "hind": "3,89 €"
    }
   ]
  },
  {
   "product": "Kardemoni seemned, MEIRA, 8 g",
   "url": "https://www.selver.ee/kardemoni-seemned-meira-8-g",
   "hind": [
    {
     "hind": "0,69 €"
    }
   ]
  },
  {
   "product": "Valge šokolaadi nööbid, UMAMI, 200 g",
   "url": "https://www.selver.ee/valge-sokolaadi-noobid-umami-200-g",
   "hind": [
    {
     "hind": "3,29 €"
    }
   ]
  },
  {
   "product": "Veiselihapuljongi kontsentraat punase veiniga, GUSTAF BONG, 180 ml",
   "url": "https://www.selver.ee/veiselihapuljongi-konsentraat-gustaf-bong-180-ml",
   "hind": [
    {
     "hind": "3,29 €"
    }
   ]
  },
  {
   "product": "Röstitud küüslauk-pipar veskis, SANTA MARIA, 80 g",
   "url": "https://www.selver.ee/rostitud-kuuslauk-pipar-veskis-santa-maria-80-g",
   "hind": [
    {
     "hind": "4,59 €"
    }
   ]
  },
  {
   "product": "Tempura jahu, JAPANESE CHOICE, 150 g",
   "url": "https://www.selver.ee/tempura-jahu-japanese-choice-150-g",
   "hind": [
    {
     "hind": "1,89 €"
    }
   ]
  },
  {
   "product": "Pitsamaitseaine, 9g, SANTA MARIA",
   "url": "https://www.selver.ee/pitsamaitseaine-9g-santa-maria",
   "hind": [
    {
     "hind": "1,29 €"
    }
   ]
  },
  {
   "product": "Kookospalmisuhkur plastpurgis, TERVISETOOTED, 500 g",
   "url": "https://www.selver.ee/kookospalmisuhkur-plastpurgis-tervisetooted-500-g",
   "hind": [
    {
     "hind": "5,99 €"
    }
   ]
  },
  {
   "product": "Miso supi pasta (4x18g), SAITAKU, 72 g",
   "url": "https://www.selver.ee/miso-supi-pasta-4x18g-saitaku-72-g",
   "hind": [
    {
     "hind": "2,29 €"
    }
   ]
  },
  {
   "product": "Kardemon jahvatatud, 35g, SANTA MARIA",
   "url": "https://www.selver.ee/kardemon-jahvatatud-35g-santa-maria",
   "hind": [
    {
     "hind": "3,59 €"
    }
   ]
  },
  {
   "product": "Karri ja mango maitseainesegu, SANTA MARIA, 41 g",
   "url": "https://www.selver.ee/karri-ja-mango-maitseainesegu-santa-maria-41-g",
   "hind": [
    {
     "hind": "2,79 €"
    }
   ]
  },
  {
   "product": "Satay kaste, PASSAGE TO ASIA, 200 g",
   "url": "https://www.selver.ee/satay-kaste-passage-to-asia-200-g",
   "hind": [
    {
     "hind": "3,19 €"
    }
   ]
  },
  {
   "product": "Mandel purustatud, MEIRA, 80 g",
   "url": "https://www.selver.ee/mandel-purustatud-meira-80-g",
   "hind": [
    {
     "hind": "2,29 €"
    }
   ]
  },
  {
   "product": "Must pipar jahvatatud , 200g, SANTA MARIA",
   "url": "https://www.selver.ee/must-pipar-jahvatatud-200g-santa-maria",
   "hind": [
    {
     "hind": "6,99 €"
    }
   ]
  },
  {
   "product": "Geeltoiduvärv kollane, DR.OETKER, 15 g",
   "url": "https://www.selver.ee/geeltoiduvarv-kollane-dr-oetker-15-g",
   "hind": [
    {
     "hind": "1,99 €"
    }
   ]
  },
  {
   "product": "Kuivmarinaadisegu Beer Can Chicken, SANTA MARIA, 30 g",
   "url": "https://www.selver.ee/kuivmarinaadisegu-beer-can-chicken-santa-maria-30-g",
   "hind": [
    {
     "hind": "0,99 €"
    }
   ]
  },
  {
   "product": "Sinepiseemned, VALEZS, 20 g",
   "url": "https://www.selver.ee/sinepiseemned-valezs-20-g",
   "hind": [
    {
     "hind": "0,19 €"
    }
   ]
  },
  {
   "product": "Tšillipulber, SANTA MARIA, 41 g",
   "url": "https://www.selver.ee/tsillipulber-santa-maria-41-g",
   "hind": [
    {
     "hind": "1,79 €"
    }
   ]
  },
  {
   "product": "Universaalne kuivmarinaadisegu, SANTA MARIA, 22 g",
   "url": "https://www.selver.ee/universaalne-kuivmarinaadisegu-santa-maria-22-g",
   "hind": [
    {
     "hind": "0,99 €"
    }
   ]
  },
  {
   "product": "Suhkruasendaja, JEDEN TAG, 1200 tk",
   "url": "https://www.selver.ee/suhkruasendaja-jeden-tag-1200-tk",
   "hind": [
    {
     "hind": "1,49 €"
    }
   ]
  },
  {
   "product": "Külmkuivatatud vaarikalaastud",
   "url": "https://www.selver.ee/kulmkuivatatud-vaarikalaastud",
   "hind": [
    {
     "hind": "2,99 €"
    }
   ]
  },
  {
   "product": "Tortiljakausikesed meresoolaga, OLD EL PASO, 150 g",
   "url": "https://www.selver.ee/tortiljakausikesed-meresoolaga-old-el-paso-150-g",
   "hind": [
    {
     "hind": "2,79 €"
    }
   ]
  },
  {
   "product": "Lihamaitseaine tüümianiga, SANTA MARIA, 25 g",
   "url": "https://www.selver.ee/lihamaitseaine-tuumianiga-santa-maria-25-g",
   "hind": [
    {
     "hind": "0,69 €"
    }
   ]
  },
  {
   "product": "Leivasiirup, DAN SUKKER, 750 g",
   "url": "https://www.selver.ee/leivasiirup-dan-sukker-750-g",
   "hind": [
    {
     "hind": "1,79 €"
    }
   ]
  },
  {
   "product": "Apelsinisuhkur 3x10 g, RUF, 30 g",
   "url": "https://www.selver.ee/apelsinisuhkur-ruf-3x10-g",
   "hind": [
    {
     "hind": "0,89 €"
    }
   ]
  },
  {
   "product": "Suhkruasendaja pulbripakikesed N40, CANDEREL, 80 g",
   "url": "https://www.selver.ee/suhkruasendaja-pulbripakikesed-n40-canderel-80-g",
   "hind": [
    {
     "hind": "3,79 €"
    }
   ]
  },
  {
   "product": "Tume Muscovado suhkur, DAN SUKKER, 400 g",
   "url": "https://www.selver.ee/tume-muscovado-suhkur-dan-sukker-400-g",
   "hind": [
    {
     "hind": "1,69 €"
    }
   ]
  },
  {
   "product": "Dražeed dekoratsiooniks 6tk, WERNER`S DECO, 150 g",
   "url": "https://www.selver.ee/drazeed-dekoratsiooniks-6tk-werner-s-deco-150-g",
   "hind": [
    {
     "hind": "2,99 €"
    }
   ]
  },
  {
   "product": "Kartuliglasuur ürtidega, MEIRA, 35 g",
   "url": "https://www.selver.ee/kartuliglasuur-urtidega-meira-35-g",
   "hind": [
    {
     "hind": "0,79 €"
    }
   ]
  },
  {
   "product": "Leiva juuretis, NORDWISE®, 13 g",
   "url": "https://www.selver.ee/leiva-juuretis-nordwiser-13-g",
   "hind": [
    {
     "hind": "2,59 €"
    }
   ]
  },
  {
   "product": "Aroomisool, 390g, SANTA MARIA",
   "url": "https://www.selver.ee/aroomisool-390g-santa-maria",
   "hind": [
    {
     "hind": "3,99 €"
    }
   ]
  },
  {
   "product": "Till, SANTA MARIA, 60 g",
   "url": "https://www.selver.ee/till-santa-maria-60-g-1",
   "hind": [
    {
     "hind": "3,99 €"
    }
   ]
  },
  {
   "product": "Sushi bambusmatt, SAITAKU, 1 tk",
   "url": "https://www.selver.ee/sushi-bambusmatt-saitaku-1-tk",
   "hind": [
    {
     "hind": "1,19 €"
    }
   ]
  },
  {
   "product": "Kookose kondenspiim magustatud, THAI CHOICE, 320 g",
   "url": "https://www.selver.ee/kookose-kondenspiim-magustatud-thai-choice-320-g",
   "hind": [
    {
     "hind": "3,59 €"
    }
   ]
  },
  {
   "product": "Ribimaitseaine, 40g, KOTANYI",
   "url": "https://www.selver.ee/ribimaitseaine-40g-kotanyi",
   "hind": [
    {
     "hind": "0,89 €"
    }
   ]
  },
  {
   "product": "Dekoratsioonisüdamed valgest ja tumedast šokolaadist, DR.OETKER, 47 g",
   "url": "https://www.selver.ee/dekoratsioonisudamed-valgest-ja-tumedast-shokolaadist-dr-oetker-47-g",
   "hind": [
    {
     "hind": "2,29 €"
    }
   ]
  },
  {
   "product": "Kastmepaksendaja hele, RUF, 250 g",
   "url": "https://www.selver.ee/kastmepaksendaja-hele-ruf-250-g",
   "hind": [
    {
     "hind": "1,29 €"
    }
   ]
  },
  {
   "product": "Sinepiseemned, SANTA MARIA, 35 g",
   "url": "https://www.selver.ee/sinepiseemned-santa-maria-35-g",
   "hind": [
    {
     "hind": "0,69 €"
    }
   ]
  },
  {
   "product": "Friikartulimaitseaine, MEIRA, 120 g",
   "url": "https://www.selver.ee/friikartulimaitseaine-meira-120-g",
   "hind": [
    {
     "hind": "1,39 €"
    }
   ]
  },
  {
   "product": "Jahvatatud muskaatpähkel, MEIRA, 32 g",
   "url": "https://www.selver.ee/jahvatatud-muskaatpahkel-meira-32-g",
   "hind": [
    {
     "hind": "2,49 €"
    }
   ]
  },
  {
   "product": "HULGI Tortilja krõpsud tšilliga 2tk, WANTED, 2 x 200 g",
   "url": "https://www.selver.ee/hulgi-tortilja-kropsud-tsilliga-2tk-wanted-2-x-200-g",
   "hind": [
    {
     "hind": "2,00 €"
    }
   ]
  },
  {
   "product": "Liha üldmaitseaine, SANTA MARIA, 51 g",
   "url": "https://www.selver.ee/liha-uldmaitseaine-santa-maria-51-g",
   "hind": [
    {
     "hind": "1,39 €"
    }
   ]
  },
  {
   "product": "Tikka masala kaste, PASSAGE TO INDIA, 375 g",
   "url": "https://www.selver.ee/tikka-masala-kaste-passage-to-india-375-g",
   "hind": [
    {
     "hind": "4,19 €"
    }
   ]
  },
  {
   "product": "Broilerimaitseaine, 43g, SANTA MARIA",
   "url": "https://www.selver.ee/broilerimaitseaine-43g-santa-maria",
   "hind": [
    {
     "hind": "1,29 €"
    }
   ]
  },
  {
   "product": "Erütritoolil ja stevioolglükosiididel põhinev lauamagusaine, STEVIDA, 250 g",
   "url": "https://www.selver.ee/naturaalne-suhkruasendaja-stevia-ekstraktiga-stevida-250-g",
   "hind": [
    {
     "hind": "6,99 €"
    }
   ]
  },
  {
   "product": "Caesari salatisegu maitseaine, 13 g, KOTANYI",
   "url": "https://www.selver.ee/caesari-salatisegu-maitseaine-13-g-kotanyi",
   "hind": [
    {
     "hind": "0,49 €"
    }
   ]
  },
  {
   "product": "Organic sidrunipipar, SANTA MARIA, 17 g",
   "url": "https://www.selver.ee/organic-sidrunipipar-santa-maria-17-g",
   "hind": [
    {
     "hind": "1,39 €"
    }
   ]
  },
  {
   "product": "Vasabi ja seesami maitseainesegu, SANTA MARIA, 44 g",
   "url": "https://www.selver.ee/vasabi-ja-seesami-maitseainesegu-santa-maria-44-g",
   "hind": [
    {
     "hind": "2,99 €"
    }
   ]
  },
  {
   "product": "Safran, SANTA MARIA, 0,5 g",
   "url": "https://www.selver.ee/safran-santa-maria-0-5-g",
   "hind": [
    {
     "hind": "5,99 €"
    }
   ]
  },
  {
   "product": "Himaalaja kristallsool papist soolatoosis, LOODUSVÄGI,",
   "url": "https://www.selver.ee/himaalaja-kristallsool-papist-soolatoosis-loodusvagi",
   "hind": [
    {
     "hind": "2,99 €"
    }
   ]
  },
  {
   "product": "Kaneelisuhkur, DAN SUKKER, 330 g",
   "url": "https://www.selver.ee/kaneelisuhkur-dan-sukker-330-g",
   "hind": [
    {
     "hind": "1,19 €"
    }
   ]
  },
  {
   "product": "Universaalne maitseaine, SANTA MARIA, 350 g",
   "url": "https://www.selver.ee/universaalne-maitseaine-santa-maria-350-g",
   "hind": [
    {
     "hind": "2,99 €"
    }
   ]
  },
  {
   "product": "Mangokaste tšilliga 200ml, THAI CHOICE",
   "url": "https://www.selver.ee/mangokaste-tsilliga-200ml-thai-choice",
   "hind": [
    {
     "hind": "2,09 €"
    }
   ]
  },
  {
   "product": "Toor-Agaavisiirup, RENÉE VOLTAIRE, 330 g",
   "url": "https://www.selver.ee/toor-agaavisiirup-renee-voltaire-330-g",
   "hind": [
    {
     "hind": "5,49 €"
    }
   ]
  },
  {
   "product": "Šokolaadipuru, RUF, 200 g",
   "url": "https://www.selver.ee/shokolaadipuru-ruf-200-g",
   "hind": [
    {
     "hind": "2,29 €"
    }
   ]
  },
  {
   "product": "India maitseainesegu 0% soola, MEIRA, 28 g",
   "url": "https://www.selver.ee/india-maitseainesegu-0-soola-meira-28-g",
   "hind": [
    {
     "hind": "0,79 €"
    }
   ]
  },
  {
   "product": "Psüllium, SALLISELTA, 100 g",
   "url": "https://www.selver.ee/psullium-salliselta-100-g",
   "hind": [
    {
     "hind": "2,69 €"
    }
   ]
  },
  {
   "product": "HULGI Tume küpsetusšokolaad 2tk, FAZER, 2 X 250 g",
   "url": "https://www.selver.ee/hulgi-tume-kupsetussokolaad-2tk-fazer-2-x-250-g",
   "hind": [
    {
     "hind": "4,40 €"
    }
   ]
  },
  {
   "product": "Sweetheart dekooride valik, DR.OETKER, 78 g",
   "url": "https://www.selver.ee/sweetheart-dekooride-valik-dr-oetker-78-g",
   "hind": [
    {
     "hind": "4,69 €"
    }
   ]
  },
  {
   "product": "Mirin, OTTOGI, 360 ml",
   "url": "https://www.selver.ee/mirin-ottogi-360-ml",
   "hind": [
    {
     "hind": "3,99 €"
    }
   ]
  },
  {
   "product": "Maitseainesegu kurkide soolamise, VALEZS, 30 g",
   "url": "https://www.selver.ee/maitseainesegu-kurkide-soolamise-valezs-30-g",
   "hind": [
    {
     "hind": "0,39 €"
    }
   ]
  },
  {
   "product": "Tellicherry pipar, SANTA MARIA, 210 g",
   "url": "https://www.selver.ee/tellicherry-pipar-santa-maria-210-g",
   "hind": [
    {
     "hind": "11,99 €"
    }
   ]
  },
  {
   "product": "Tšillisädemed, SANTA MARIA, 275 g",
   "url": "https://www.selver.ee/tshillisademed-santa-maria-275-g",
   "hind": [
    {
     "hind": "6,99 €"
    }
   ]
  },
  {
   "product": "Sambal Oelek, WINDMILL, 200 g",
   "url": "https://www.selver.ee/sambal-oelek-windmill-200-g",
   "hind": [
    {
     "hind": "1,99 €"
    }
   ]
  },
  {
   "product": "Suhkruasendaja Erütritool 480g, Bioenergie",
   "url": "https://www.selver.ee/suhkruasendaja-erutritool-480g-bioenergie",
   "hind": [
    {
     "hind": "8,79 €"
    }
   ]
  },
  {
   "product": "Tükeldatud jalapeno Wanted, WANTED, 240 g",
   "url": "https://www.selver.ee/tukeldatud-jalapeno-wanted-wanted-240-g",
   "hind": [
    {
     "hind": "1,99 €"
    }
   ]
  },
  {
   "product": "Agar agar BIO, LIMA, 12 g",
   "url": "https://www.selver.ee/agar-agar-bio-lima-12-g",
   "hind": [
    {
     "hind": "3,69 €"
    }
   ]
  },
  {
   "product": "Rosee pipar, SANTA MARIA, 21 g",
   "url": "https://www.selver.ee/rosee-pipar-santa-maria-21-g",
   "hind": [
    {
     "hind": "2,99 €"
    }
   ]
  },
  {
   "product": "Kadakamari, SANTA MARIA, 21 g",
   "url": "https://www.selver.ee/kadakamari-santa-maria-21-g",
   "hind": [
    {
     "hind": "1,49 €"
    }
   ]
  },
  {
   "product": "Kuivmarinaadisegu ürtidega, SANTA MARIA, 22 g",
   "url": "https://www.selver.ee/kuivmarinaadisegu-urtidega-santa-maria-22-g",
   "hind": [
    {
     "hind": "0,99 €"
    }
   ]
  },
  {
   "product": "Estragon, MEIRA, 9 g",
   "url": "https://www.selver.ee/estragon-meira-9-g",
   "hind": [
    {
     "hind": "0,79 €"
    }
   ]
  },
  {
   "product": "Basiiliku ja küüslaugu maitseainesegu, SANTA MARIA, 41 g",
   "url": "https://www.selver.ee/basiiliku-ja-kuuslaugu-maitseainesegu-santa-maria-41-g",
   "hind": [
    {
     "hind": "2,79 €"
    }
   ]
  },
  {
   "product": "Agar agar, MEIRA, 60 g",
   "url": "https://www.selver.ee/agar-agar-meira-60-g",
   "hind": [
    {
     "hind": "7,29 €"
    }
   ]
  },
  {
   "product": "Kirju suhkruströssel, RUF, 200 g",
   "url": "https://www.selver.ee/kirju-suhkrustrossel-ruf-200-g",
   "hind": [
    {
     "hind": "1,69 €"
    }
   ]
  },
  {
   "product": "Viie pipra veski, SANTA MARIA, 60 g",
   "url": "https://www.selver.ee/viie-pipra-veski-santa-maria-60-g",
   "hind": [
    {
     "hind": "6,99 €"
    }
   ]
  },
  {
   "product": "Hakklihamaitseaine 0% soola, MEIRA, 35 g",
   "url": "https://www.selver.ee/hakklihamaitseaine-0-soola-meira-35-g",
   "hind": [
    {
     "hind": "0,79 €"
    }
   ]
  },
  {
   "product": "Tume suhkrusiirup, DAN SUKKER, 750 g",
   "url": "https://www.selver.ee/tume-suhkrusiirup-dan-sukker-750-g",
   "hind": [
    {
     "hind": "1,89 €"
    }
   ]
  },
  {
   "product": "Teriyaki maitseainesegu, SANTA MARIA, 44 g",
   "url": "https://www.selver.ee/teriyaki-maitseainesegu-santa-maria-44-g",
   "hind": [
    {
     "hind": "2,69 €"
    }
   ]
  },
  {
   "product": "Piparkoogimaitseaine, SANTA MARIA, 30 g",
   "url": "https://www.selver.ee/piparkoogimaitseaine-santa-maria-30-g",
   "hind": [
    {
     "hind": "0,99 €"
    }
   ]
  },
  {
   "product": "Laimipipar veskis, SANTA MARIA, 90 g",
   "url": "https://www.selver.ee/laimipipar-veskis-santa-maria-90-g",
   "hind": [
    {
     "hind": "4,59 €"
    }
   ]
  },
  {
   "product": "Cajuni maitseainesegu, SANTA MARIA, 34 g",
   "url": "https://www.selver.ee/cajuni-maitseainesegu-santa-maria-34-g",
   "hind": [
    {
     "hind": "2,79 €"
    }
   ]
  },
  {
   "product": "Pasta rossa veskis, SANTA MARIA, 80 g",
   "url": "https://www.selver.ee/pasta-rossa-veskis-santa-maria-80-g",
   "hind": [
    {
     "hind": "4,59 €"
    }
   ]
  },
  {
   "product": "Dekooride valik Super Hero, DR.OETKER, 76 g",
   "url": "https://www.selver.ee/dekooride-valik-super-hero-dr-oetker-76-g",
   "hind": [
    {
     "hind": "4,99 €"
    }
   ]
  },
  {
   "product": "Viie pipra segu, 35g, SANTA MARIA",
   "url": "https://www.selver.ee/viie-pipra-segu-35g-santa-maria",
   "hind": [
    {
     "hind": "2,29 €"
    }
   ]
  },
  {
   "product": "Valezs muskaatpähkel, VALEZS, 15 g",
   "url": "https://www.selver.ee/valezs-muskaatpahkel-valezs-15-g",
   "hind": [
    {
     "hind": "0,99 €"
    }
   ]
  },
  {
   "product": "Peeneteraline jodeeritud mineraalsool, MEIRA, 450 g",
   "url": "https://www.selver.ee/peeneteraline-jodeeritud-mineraalsool-meira-450-g",
   "hind": [
    {
     "hind": "2,99 €"
    }
   ]
  },
  {
   "product": "Pipramaitseaine ürdine 0% soola, MEIRA, 26 g",
   "url": "https://www.selver.ee/pipramaitseaine-urdine-0-soola-meira-26-g",
   "hind": [
    {
     "hind": "0,89 €"
    }
   ]
  },
  {
   "product": "Vanillikaun, 3g, SANTA MARIA",
   "url": "https://www.selver.ee/vanillikaun-3g-santa-maria",
   "hind": [
    {
     "hind": "7,19 €"
    }
   ]
  },
  {
   "product": "Hõõgveinisegu, SANTA MARIA, 37 g",
   "url": "https://www.selver.ee/hoogveinisegu-santa-maria-37-g",
   "hind": [
    {
     "hind": "1,39 €"
    }
   ]
  },
  {
   "product": "Karamellsuhkur, DAN SUKKER, 500 g",
   "url": "https://www.selver.ee/karamellsuhkur-dan-sukker-500-g",
   "hind": [
    {
     "hind": "2,19 €"
    }
   ]
  },
  {
   "product": "Šokolaadist tähed ja numbrid (56 tähte, 19 numbrit), RUF, 48 g",
   "url": "https://www.selver.ee/sokolaadist-tahed-ja-numbrid-56-tahte-19-numbrit-ruf-48-g",
   "hind": [
    {
     "hind": "2,69 €"
    }
   ]
  },
  {
   "product": "Geel hõbedane kirjutamiseks, DR.OETKER, 19 g",
   "url": "https://www.selver.ee/geel-hobedane-kirjutamiseks-dr-oetker-19-g",
   "hind": [
    {
     "hind": "1,39 €"
    }
   ]
  },
  {
   "product": "Kalamaitseaine tsitruse-ingveriga, MEIRA, 25 g",
   "url": "https://www.selver.ee/kalamaitseaine-tsitruse-ingveriga-meira-25-g",
   "hind": [
    {
     "hind": "1,29 €"
    }
   ]
  },
  {
   "product": "Piprasegu, 230g, SANTA MARIA",
   "url": "https://www.selver.ee/piprasegu-230g-santa-maria",
   "hind": [
    {
     "hind": "6,69 €"
    }
   ]
  },
  {
   "product": "Teriyaki vokikaste, BLUE DRAGON, 120 g",
   "url": "https://www.selver.ee/teriyaki-vokikaste-blue-dragon-120-g",
   "hind": [
    {
     "hind": "1,79 €"
    }
   ]
  },
  {
   "product": "Glasuur piimašokolaadi",
   "url": "https://www.selver.ee/glasuur-piimasokolaadi",
   "hind": [
    {
     "hind": "1,49 €"
    }
   ]
  },
  {
   "product": "Original vedel suhkruasendaja gluteenivaba, HUXOL, 200 ml",
   "url": "https://www.selver.ee/original-vedel-suhkruasendaja-gluteenivaba-huxol-200-ml",
   "hind": [
    {
     "hind": "1,59 €"
    }
   ]
  },
  {
   "product": "Pihvimaitseaine, SANTA MARIA, 30 g",
   "url": "https://www.selver.ee/pihvimaitseaine-santa-maria-30-g",
   "hind": [
    {
     "hind": "0,69 €"
    }
   ]
  },
  {
   "product": "Agaavisiirup, TERRE EXOTIQUE, 310 ml",
   "url": "https://www.selver.ee/agaavisiirup-terre-exotique-310-ml",
   "hind": [
    {
     "hind": "5,89 €"
    }
   ]
  },
  {
   "product": "Himaalaja must lauasool, TERVISETOOTED, 500 g",
   "url": "https://www.selver.ee/himaalaja-must-lauasool-tervisetooted-500-g",
   "hind": [
    {
     "hind": "2,79 €"
    }
   ]
  },
  {
   "product": "Ökoloogiline hele suhkrusiirup, DAN SUKKER, 750 g",
   "url": "https://www.selver.ee/okoloogiline-hele-suhkrusiirup-dan-sukker-750-g",
   "hind": [
    {
     "hind": "2,49 €"
    }
   ]
  },
  {
   "product": "Suitsutatud meresoolahelbed, MALDON GOURMET, 125 g",
   "url": "https://www.selver.ee/suitsutatud-meresoolahelbed-maldon-gourmet-125-g",
   "hind": [
    {
     "hind": "3,29 €"
    }
   ]
  },
  {
   "product": "Suitsune grillmaitsaine, SANTA MARIA, 85 g",
   "url": "https://www.selver.ee/suitsune-grillmaitsaine-santa-maria-85-g",
   "hind": [
    {
     "hind": "4,59 €"
    }
   ]
  },
  {
   "product": "Maitseainesegu kurkide marineerimiseks, VALEZS, 30 g",
   "url": "https://www.selver.ee/maitseainesegu-kurkide-marineerimiseks-valezs-30-g",
   "hind": [
    {
     "hind": "0,39 €"
    }
   ]
  },
  {
   "product": "Tarretisesuhkur, DAN SUKKER, 350 g",
   "url": "https://www.selver.ee/tarretisesuhkur-dan-sukker-350-g",
   "hind": [
    {
     "hind": "1,69 €"
    }
   ]
  },
  {
   "product": "Šokolaadist kaunistused, RUF, 38 g",
   "url": "https://www.selver.ee/sokolaadist-kaunistused-ruf-38-g",
   "hind": [
    {
     "hind": "2,69 €"
    }
   ]
  },
  {
   "product": "Mereandide ja kala maitseaine, SANTA MARIA, 90 g",
   "url": "https://www.selver.ee/mereandide-ja-kala-maitseaine-santa-maria-90-g",
   "hind": [
    {
     "hind": "5,29 €"
    }
   ]
  },
  {
   "product": "Kookospalmisuhkur, UNIQUE, 350 g",
   "url": "https://www.selver.ee/kookospalmisuhkur-unique-350-g",
   "hind": [
    {
     "hind": "5,19 €"
    }
   ]
  },
  {
   "product": "Suhkrumass valge, DR.OETKER, 250 g",
   "url": "https://www.selver.ee/suhkrumass-valge-dr-oetker-250-g-1",
   "hind": [
    {
     "hind": "3,29 €"
    }
   ]
  },
  {
   "product": "Peeneteraline jodeeritud mineraalsool, MEIRA, 80 g",
   "url": "https://www.selver.ee/peeneteraline-jodeeritud-mineraalsool-meira-80-g",
   "hind": [
    {
     "hind": "1,99 €"
    }
   ]
  },
  {
   "product": "Lihamaitseaine ürdi-küüslaugu, 230g, SANTA MARIA",
   "url": "https://www.selver.ee/lihamaitseaine-urdi-kuuslaugu-230g-santa-maria",
   "hind": [
    {
     "hind": "4,49 €"
    }
   ]
  },
  {
   "product": "Puistesegu (pistaatsia-, pähkli- ja kakaotükkidega), RUF, 30g",
   "url": "https://www.selver.ee/puistesegu-pistaatsia-pahkli-ja-kakaotukkidega-ruf-30g",
   "hind": [
    {
     "hind": "2,19 €"
    }
   ]
  },
  {
   "product": "Sushi riisiäädikakaste, KIKKOMAN, 300 ml",
   "url": "https://www.selver.ee/sushi-riisiaadikakaste-kikkoman-300-ml",
   "hind": [
    {
     "hind": "4,49 €"
    }
   ]
  },
  {
   "product": "Hoisin kaste, THAI CHOICE, 340 g",
   "url": "https://www.selver.ee/hoisin-kaste-thai-choice-340-g",
   "hind": [
    {
     "hind": "4,29 €"
    }
   ]
  },
  {
   "product": "Austri-kevadsibula vokikaste, BLUE DRAGON, 120 g",
   "url": "https://www.selver.ee/austri-kevadsibula-vokikaste-blue-dragon-120-g",
   "hind": [
    {
     "hind": "1,79 €"
    }
   ]
  },
  {
   "product": "Marmelaadisuhkur, DAN SUKKER, 330 g",
   "url": "https://www.selver.ee/marmelaadisuhkur-dan-sukker-330-g",
   "hind": [
    {
     "hind": "1,29 €"
    }
   ]
  },
  {
   "product": "Toormoosipaksendaja, MIKAADO,",
   "url": "https://www.selver.ee/toormoosipaksendaja-mikaado",
   "hind": [
    {
     "hind": "1,39 €"
    }
   ]
  },
  {
   "product": "Sidruni sojakaste Ponzu, KIKKOMAN, 150 g",
   "url": "https://www.selver.ee/sidruni-sojakaste-ponzu-kikkoman-150-g",
   "hind": [
    {
     "hind": "2,79 €"
    }
   ]
  },
  {
   "product": "Vedel sool oliivilehe mahlaga, SALESI, 150 g",
   "url": "https://www.selver.ee/vedel-sool-oliivilehe-mahlaga-salesi-150-g",
   "hind": [
    {
     "hind": "6,69 €"
    }
   ]
  },
  {
   "product": "Nuudlid Udon, CHUNSI, 300 g",
   "url": "https://www.selver.ee/nuudlid-udon-chunsi-300-g",
   "hind": [
    {
     "hind": "2,79 €"
    }
   ]
  }
 ]
}