{
 "name": "Leivad, saiad, kondiitritooted",
 "info": [
  {
   "product": "Rukkipala, LEIBUR, 330 g",
   "url": "https://www.selver.ee/rukkipala-leibur-330-g",
   "hind": [
    {
     "hind": "0,69 €"
    }
   ]
  },
  {
   "product": "Rukkisepik viilutatud, EESTI PAGAR, 300 g",
   "url": "https://www.selver.ee/rukkisepik-viilutatud-eesti-pagar-300-g",
   "hind": [
    {
     "hind": "0,69 €"
    }
   ]
  },
  {
   "product": "Röstsai mitmevilja, LEIBUR, 470 g",
   "url": "https://www.selver.ee/rostsai-mitmevilja-leibur-470-g",
   "hind": [
    {
     "hind": "1,19 €"
    }
   ]
  },
  {
   "product": "Kamabatoon, 38g, RÕNGU PAGAR",
   "url": "https://www.selver.ee/kamabatoon-38g-rongu-pagar",
   "hind": [
    {
     "hind": "0,39 €"
    }
   ]
  },
  {
   "product": "Kuldne klassikaline röstsai, LEIBUR, 500 g",
   "url": "https://www.selver.ee/kuldne-klassikaline-rostsai-leibur-500-g",
   "hind": [
    {
     "hind": "0,89 €"
    }
   ]
  },
  {
   "product": "Perenaise sai viilutatud, EESTI PAGAR, 500 g",
   "url": "https://www.selver.ee/perenaise-sai-viilutatud-eesti-pagar-500-g",
   "hind": [
    {
     "hind": "0,69 €"
    }
   ]
  },
  {
   "product": "Perenaise sai viilutatud, EESTI PAGAR, 320 g",
   "url": "https://www.selver.ee/perenaise-sai-viilutatud-eesti-pagar-320-g",
   "hind": [
    {
     "hind": "0,45 €"
    }
   ]
  },
  {
   "product": "Rehe rukkileib viilutatud, EESTI PAGAR, 600 g",
   "url": "https://www.selver.ee/rehe-rukkileib-viilutatud-eesti-pagar-600-g",
   "hind": [
    {
     "hind": "0,59 €"
    }
   ]
  },
  {
   "product": "Kirde sai, LEIBUR, 300 g",
   "url": "https://www.selver.ee/kirde-sai-leibur-300-g",
   "hind": [
    {
     "hind": "0,65 €"
    }
   ]
  },
  {
   "product": "Must Juubelileib, FAZER, 500g",
   "url": "https://www.selver.ee/must-juubelileib-fazer-500g",
   "hind": [
    {
     "hind": "0,99 €"
    }
   ]
  },
  {
   "product": "Peedi-porgandi-pastinaagi-pihlaka pehmik, EESTI PAGAR, 240 g",
   "url": "https://www.selver.ee/peedi-porgandi-pastinaagi-pihlaka-pehmik-eesti-pagar-240-g",
   "hind": [
    {
     "hind": "0,99 €"
    }
   ]
  },
  {
   "product": "Suur Kirde sai, LEIBUR, 450 g",
   "url": "https://www.selver.ee/suur-kirde-sai-leibur-450-g",
   "hind": [
    {
     "hind": "0,79 €"
    }
   ]
  },
  {
   "product": "Rukkileib Ruks, LEIBUR, 380 g",
   "url": "https://www.selver.ee/rukkileib-ruks-leibur-380-g",
   "hind": [
    {
     "hind": "0,75 €"
    }
   ]
  },
  {
   "product": "Finest Keefirisai kaltsiumiga, FAZER, 350 g",
   "url": "https://www.selver.ee/finest-keefirisai-kaltsiumiga-fazer-350-g",
   "hind": [
    {
     "hind": "0,79 €"
    }
   ]
  },
  {
   "product": "Tallinna peenleib viilutatud, LEIBUR, 475 g",
   "url": "https://www.selver.ee/tallinna-peenleib-viilutatud-leibur-475-g",
   "hind": [
    {
     "hind": "0,89 €"
    }
   ]
  },
  {
   "product": "Õnne sepik viilutatud, EESTI PAGAR, 300 g",
   "url": "https://www.selver.ee/onne-sepik-viilutatud-eesti-pagar-300-g",
   "hind": [
    {
     "hind": "0,69 €"
    }
   ]
  },
  {
   "product": "Täisterasepik, EESTI PAGAR, 500 g",
   "url": "https://www.selver.ee/taisterasepik-eesti-pagar-500-g",
   "hind": [
    {
     "hind": "0,99 €"
    }
   ]
  },
  {
   "product": "Lapi leib kaeraga Street Food, FAZER, 180 g",
   "url": "https://www.selver.ee/lapi-leib-kaeraga-street-food-fazer-180-g",
   "hind": [
    {
     "hind": "1,39 €"
    }
   ]
  },
  {
   "product": "Kaerasepik, LEIBUR, 360 g",
   "url": "https://www.selver.ee/kaerasepik-leibur-360-g",
   "hind": [
    {
     "hind": "0,69 €"
    }
   ]
  },
  {
   "product": "Ruks Seemnepala, LEIBUR, 260 g",
   "url": "https://www.selver.ee/ruks-seemnepala-leibur-260-g",
   "hind": [
    {
     "hind": "0,69 €"
    }
   ]
  },
  {
   "product": "Must leib viilutatud, EESTI PAGAR, 600 g",
   "url": "https://www.selver.ee/must-leib-viilutatud-eesti-pagar-600-g",
   "hind": [
    {
     "hind": "0,79 €"
    }
   ]
  },
  {
   "product": "Kuldne klassikaline röstsai, LEIBUR, 250 g",
   "url": "https://www.selver.ee/kuldne-klassikaline-rostsai-leibur-250-g",
   "hind": [
    {
     "hind": "0,69 €"
    }
   ]
  },
  {
   "product": "Tosta röstsai viilutatud, EESTI PAGAR, 500 g",
   "url": "https://www.selver.ee/tosta-rostsai-viilutatud-eesti-pagar-500-g",
   "hind": [
    {
     "hind": "0,79 €"
    }
   ]
  },
  {
   "product": "Suur Kodusai, FAZER, 500 g",
   "url": "https://www.selver.ee/suur-kodusai-fazer-500-g",
   "hind": [
    {
     "hind": "0,79 €"
    }
   ]
  },
  {
   "product": "Must põrandaleib, FAZER, 390 g",
   "url": "https://www.selver.ee/must-porandaleib-fazer-390-g",
   "hind": [
    {
     "hind": "0,89 €"
    }
   ]
  },
  {
   "product": "Kodusai röst, FAZER, 500 g",
   "url": "https://www.selver.ee/kodusai-rost-fazer-500-g",
   "hind": [
    {
     "hind": "0,89 €"
    }
   ]
  },
  {
   "product": "Isa peenleib, LEIBUR, 350 g",
   "url": "https://www.selver.ee/isa-peenleib-leibur-350-g",
   "hind": [
    {
     "hind": "0,65 €"
    }
   ]
  },
  {
   "product": "Saib 100% rukkijahust, LEIBUR, 370 g",
   "url": "https://www.selver.ee/saib-100-rukkijahust-leibur-370-g",
   "hind": [
    {
     "hind": "0,89 €"
    }
   ]
  },
  {
   "product": "Must seemneleib, FAZER, 280 g",
   "url": "https://www.selver.ee/must-seemneleib-fazer-280-g",
   "hind": [
    {
     "hind": "0,79 €"
    }
   ]
  },
  {
   "product": "Juustumuhkel, FAZER, 200 g",
   "url": "https://www.selver.ee/juustumuhkel-fazer-200-g",
   "hind": [
    {
     "hind": "0,89 €"
    }
   ]
  },
  {
   "product": "Must leib, FAZER, 300 g",
   "url": "https://www.selver.ee/must-leib-fazer-300-g",
   "hind": [
    {
     "hind": "0,65 €"
    }
   ]
  },
  {
   "product": "Kaeraröst OatFit, LEIBUR, 550 g",
   "url": "https://www.selver.ee/kaerarost-oatfit-leibur-550-g",
   "hind": [
    {
     "hind": "1,29 €"
    }
   ]
  },
  {
   "product": "Rehe koorikleib, EESTI PAGAR, 200 g",
   "url": "https://www.selver.ee/rehe-koorikleib-eesti-pagar-200-g",
   "hind": [
    {
     "hind": "0,59 €"
    }
   ]
  },
  {
   "product": "Tosta mitmevilja-röstsai viilutatud, EESTI PAGAR, 500 g",
   "url": "https://www.selver.ee/tosta-mitmevilja-rostsai-viilutatud-eesti-pagar-500-g",
   "hind": [
    {
     "hind": "0,99 €"
    }
   ]
  },
  {
   "product": "Mitmevilja Pehmik, EESTI PAGAR, 240 g",
   "url": "https://www.selver.ee/mitmevilja-pehmik-eesti-pagar-240-g",
   "hind": [
    {
     "hind": "0,85 €"
    }
   ]
  },
  {
   "product": "Rukkipala hõrk ja õhuke, LEIBUR, 195 g",
   "url": "https://www.selver.ee/rukkipala-hork-ja-ohuke-leibur-195-g",
   "hind": [
    {
     "hind": "0,95 €"
    }
   ]
  },
  {
   "product": "Kreemisai, SELVERI PAGARID, ca 50 g",
   "url": "https://www.selver.ee/kreemisai-selveri-pagarid-50-g",
   "hind": [
    {
     "hind": "0,39 €"
    }
   ]
  },
  {
   "product": "Rehe rukkileib viilutatud, EESTI PAGAR, 390 g",
   "url": "https://www.selver.ee/rehe-rukkileib-viilutatud-eesti-pagar-390-g",
   "hind": [
    {
     "hind": "0,75 €"
    }
   ]
  },
  {
   "product": "Haputaina Pehmik, EESTI PAGAR, 240 g",
   "url": "https://www.selver.ee/haputaina-pehmik-eesti-pagar-240-g",
   "hind": [
    {
     "hind": "0,89 €"
    }
   ]
  },
  {
   "product": "Kuldne täisterasepik, LEIBUR, 500 g",
   "url": "https://www.selver.ee/kuldne-taisterasepik-leibur-500-g",
   "hind": [
    {
     "hind": "0,99 €"
    }
   ]
  },
  {
   "product": "Tosta Rukkiröst, EESTI PAGAR, 390 g",
   "url": "https://www.selver.ee/tosta-rukkirost-eesti-pagar-390-g",
   "hind": [
    {
     "hind": "0,99 €"
    }
   ]
  },
  {
   "product": "Fazer RÖSTI 5-vilja täisterahelvestega, FAZER, 450 g",
   "url": "https://www.selver.ee/5-vilja-taistera-rostsepik-finest-fazer-450-g",
   "hind": [
    {
     "hind": "1,19 €"
    }
   ]
  },
  {
   "product": "Leiburi Röst 100% rukkijahust, LEIBUR, 470 g",
   "url": "https://www.selver.ee/leiburi-rost-100-rukkijahust-leibur-470-g",
   "hind": [
    {
     "hind": "1,19 €"
    }
   ]
  },
  {
   "product": "Kodusai viilutatud, FAZER, 320 g",
   "url": "https://www.selver.ee/kodusai-viilutatud-fazer-320-g",
   "hind": [
    {
     "hind": "0,59 €"
    }
   ]
  },
  {
   "product": "Sotšnik kohupiimaga, EESTI LEIVATÖÖSTUS, 140g",
   "url": "https://www.selver.ee/sotsnik-kohupiimaga-hagar-140g",
   "hind": [
    {
     "hind": "1,29 €"
    }
   ]
  },
  {
   "product": "Riisivahvlid tumeda šokolaadiga, KUPIEC, 90 g",
   "url": "https://www.selver.ee/riisivahvlid-tumeda-sokolaadiga-kupiec-90-g",
   "hind": [
    {
     "hind": "1,39 €"
    }
   ]
  },
  {
   "product": "Kanepiseemne leib rukkiteradega, EESTI PAGAR, 500 g",
   "url": "https://www.selver.ee/kanepiseemne-leib-rukkiteradega-eesti-pagar-500-g",
   "hind": [
    {
     "hind": "0,99 €"
    }
   ]
  },
  {
   "product": "Must leib 1/2 viilutatud, EESTI PAGAR, 280 g",
   "url": "https://www.selver.ee/must-leib-1-2-viilutatud-eesti-pagar-280-g",
   "hind": [
    {
     "hind": "0,65 €"
    }
   ]
  },
  {
   "product": "Classic Lavash, LAMELEIB, 120 g",
   "url": "https://www.selver.ee/classic-lavash-lameleib-120-g",
   "hind": [
    {
     "hind": "0,79 €"
    }
   ]
  },
  {
   "product": "Riisivahvlid piimašokolaadiga, KUPIEC, 90 g",
   "url": "https://www.selver.ee/riisivahvlid-piima-sokolaadiga-kupiec-90-g",
   "hind": [
    {
     "hind": "1,39 €"
    }
   ]
  },
  {
   "product": "Röst kaerajuuretisega, LEIBUR, 280 g",
   "url": "https://www.selver.ee/rost-kaerajuuretisega-leibur-200-g",
   "hind": [
    {
     "hind": "0,99 €"
    }
   ]
  },
  {
   "product": "Teratasku, EESTI PAGAR, 280 g",
   "url": "https://www.selver.ee/teratasku-eesti-pagar-280-g",
   "hind": [
    {
     "hind": "0,65 €"
    }
   ]
  },
  {
   "product": "Röstsai juustuga, EESTI PAGAR, 430 g",
   "url": "https://www.selver.ee/rostsai-juustuga-eesti-pagar-430-g",
   "hind": [
    {
     "hind": "0,99 €"
    }
   ]
  },
  {
   "product": "Must Pehmik, EESTI PAGAR, 240 g",
   "url": "https://www.selver.ee/must-pehmik-eesti-pagar-240-g",
   "hind": [
    {
     "hind": "0,85 €"
    }
   ]
  },
  {
   "product": "Rummipall, 45g, RÕNGU PAGAR",
   "url": "https://www.selver.ee/rummipall-45g-rongu-pagar",
   "hind": [
    {
     "hind": "0,79 €"
    }
   ]
  },
  {
   "product": "Rukkitasku, EESTI PAGAR, 340 g",
   "url": "https://www.selver.ee/rukkitasku-eesti-pagar-340-g",
   "hind": [
    {
     "hind": "0,65 €"
    }
   ]
  },
  {
   "product": "Kodukandi rukkileib 1/2 viilutatud, EESTI PAGAR, 390 g",
   "url": "https://www.selver.ee/kodukandi-rukkileib-1-2-viilutatud-eesti-pagar-390-g",
   "hind": [
    {
     "hind": "0,79 €"
    }
   ]
  },
  {
   "product": "Peremehe leib, EESTI PAGAR, 600 g",
   "url": "https://www.selver.ee/peremehe-leib-eesti-pagar-600-g",
   "hind": [
    {
     "hind": "1,19 €"
    }
   ]
  },
  {
   "product": "Kaera Pehmik, EESTI PAGAR, 220 g",
   "url": "https://www.selver.ee/kaera-pehmik-eesti-pagar-220-g",
   "hind": [
    {
     "hind": "0,85 €"
    }
   ]
  },
  {
   "product": "Moorapea kohupiimakreemiga, RÕNGU PAGAR, 40 g",
   "url": "https://www.selver.ee/moorapea-kohupiimakreemiga-rongu-pagar-40-g",
   "hind": [
    {
     "hind": "0,89 €"
    }
   ]
  },
  {
   "product": "Oatfit kaerasüda kaerapala, LEIBUR, 250 g",
   "url": "https://www.selver.ee/leiburi-kaerasuda-leibur-250-g",
   "hind": [
    {
     "hind": "1,09 €"
    }
   ]
  },
  {
   "product": "Rukki näkileivad hapukoore, LINKOSUO, 150 g",
   "url": "https://www.selver.ee/rukki-nakileivad-hapukoore-linkosuo-150-g",
   "hind": [
    {
     "hind": "2,29 €"
    }
   ]
  },
  {
   "product": "Juustukukkel, EESTI PAGAR, 200 g",
   "url": "https://www.selver.ee/juustukukkel-eesti-pagar-200-g",
   "hind": [
    {
     "hind": "0,79 €"
    }
   ]
  },
  {
   "product": "Sepik kaeraga, LEIBUR, 400 g",
   "url": "https://www.selver.ee/sepik-kaeraga-leibur-400-g",
   "hind": [
    {
     "hind": "0,99 €"
    }
   ]
  },
  {
   "product": "Leivakrõpsud hapukoore ja sibula, BON CHANCE, 120 g",
   "url": "https://www.selver.ee/leivakropsud-hapukoore-ja-sibula-bon-chance-120-g",
   "hind": [
    {
     "hind": "1,09 €"
    }
   ]
  },
  {
   "product": "Näkileib rukkijahust, FINN CRISP, 200 g",
   "url": "https://www.selver.ee/nakileib-rukkijahust-finn-crisp-200-g",
   "hind": [
    {
     "hind": "1,69 €"
    }
   ]
  },
  {
   "product": "Must leib viilutatud, FAZER, 600 g",
   "url": "https://www.selver.ee/must-leib-viilutatud-fazer-600-g",
   "hind": [
    {
     "hind": "0,79 €"
    }
   ]
  },
  {
   "product": "Sõrnik kohupiimaga, SELVERI PAGARID, ca 75 g",
   "url": "https://www.selver.ee/sornik-kohupiimaga-selveri-pagarid-75-g",
   "hind": [
    {
     "hind": "0,75 €"
    }
   ]
  },
  {
   "product": "Täisterajahu lavash, LAMELEIB, 120 g",
   "url": "https://www.selver.ee/taisterajahu-lavash-lameleib-120-g",
   "hind": [
    {
     "hind": "0,79 €"
    }
   ]
  },
  {
   "product": "Šokolaadi sõõrik, SELVERI PAGARID, ca 77 g",
   "url": "https://www.selver.ee/sokolaadi-soorik-selveri-pagarid-77-g",
   "hind": [
    {
     "hind": "0,99 €"
    }
   ]
  },
  {
   "product": "Kanepiseemne leib rukkiteradega, EESTI PAGAR, 240 g",
   "url": "https://www.selver.ee/kanepiseemne-leib-rukkiteradega-eesti-pagar-240-g",
   "hind": [
    {
     "hind": "0,69 €"
    }
   ]
  },
  {
   "product": "Kodune sepik, LEIBUR, 360 g",
   "url": "https://www.selver.ee/kodune-sepik-leibur-360-g",
   "hind": [
    {
     "hind": "0,69 €"
    }
   ]
  },
  {
   "product": "Jassi seemneleib 1/2 viilutatud, EESTI PAGAR, 310 g",
   "url": "https://www.selver.ee/jassi-seemneleib-1-2-viilutatud-eesti-pagar-310-g",
   "hind": [
    {
     "hind": "0,85 €"
    }
   ]
  },
  {
   "product": "Seemneröst, FAZER, 450 g",
   "url": "https://www.selver.ee/seemnerost-fazer-450-g",
   "hind": [
    {
     "hind": "1,45 €"
    }
   ]
  },
  {
   "product": "Mini lavash, LAMELEIB, 120 g",
   "url": "https://www.selver.ee/mini-lavash-lameleib-120-g",
   "hind": [
    {
     "hind": "0,79 €"
    }
   ]
  },
  {
   "product": "Mini pontsik õunaga, SELVERI PAGARID, 22-26 g",
   "url": "https://www.selver.ee/mini-pontsik-ounaga-selveri-pagarid-25-g",
   "hind": [
    {
     "hind": "0,39 €"
    }
   ]
  },
  {
   "product": "Pärnu vormileib, EESTI LEIVATÖÖSTUS, 600 g",
   "url": "https://www.selver.ee/parnu-vormileib-eesti-leivatoostus-600-g",
   "hind": [
    {
     "hind": "0,79 €"
    }
   ]
  },
  {
   "product": "Maisileivakesed linaseemnetega, RACIO, 115 g",
   "url": "https://www.selver.ee/maisileivakesed-linaseemnetega-racio-115-g",
   "hind": [
    {
     "hind": "1,19 €"
    }
   ]
  },
  {
   "product": "Must näkileib päevalilleseemnetega, FAZER, 150 g",
   "url": "https://www.selver.ee/must-nakileib-paevalilles-fazer-150-g",
   "hind": [
    {
     "hind": "1,09 €"
    }
   ]
  },
  {
   "product": "Tume Ciabatta, SELVERI PAGARID, ca 320 g",
   "url": "https://www.selver.ee/tume-ciabatta-selveri-pagarid-320-g",
   "hind": [
    {
     "hind": "1,29 €"
    }
   ]
  },
  {
   "product": "Rukkileib Ruks, LEIBUR, 800 g",
   "url": "https://www.selver.ee/rukkileib-ruks-leibur-800-g",
   "hind": [
    {
     "hind": "1,29 €"
    }
   ]
  },
  {
   "product": "Burgerikukkel seesamiseemnetega, EESTI PAGAR, 320 g",
   "url": "https://www.selver.ee/burgerikukkel-seesamiseemnetega-eesti-pagar-320-g",
   "hind": [
    {
     "hind": "1,49 €"
    }
   ]
  },
  {
   "product": "Fazer RÖSTI keefiri ja kaltsiumiga, FAZER, 450 g",
   "url": "https://www.selver.ee/keefiri-rostsai-kaltsiumiga-finest-fazer-450-g",
   "hind": [
    {
     "hind": "1,19 €"
    }
   ]
  },
  {
   "product": "Rukki-riisipirukas, SELVERI PAGARID, ca 65 g",
   "url": "https://www.selver.ee/rukki-riisipirukas-selveri-pagarid-65-g",
   "hind": [
    {
     "hind": "0,39 €"
    }
   ]
  },
  {
   "product": "Kohupiimakorp 2tk/pk, REVAL KONDIITER, 160 g",
   "url": "https://www.selver.ee/kohupiimakorp-2tk-pk-reval-kondiiter-160-g",
   "hind": [
    {
     "hind": "1,69 €"
    }
   ]
  },
  {
   "product": "Pealinna peenleib 1/2 viilutatud, EESTI PAGAR, 490 g",
   "url": "https://www.selver.ee/pealinna-peenleib-1-2-viilutatud-eesti-pagar-490-g",
   "hind": [
    {
     "hind": "0,79 €"
    }
   ]
  },
  {
   "product": "Linkosuo, Rukki näkileivad magusa tšilli, 150 g",
   "url": "https://www.selver.ee/linkosuo-rukki-nakileivad-magusa-tsilli-150-g",
   "hind": [
    {
     "hind": "2,29 €"
    }
   ]
  },
  {
   "product": "Kaneelirull, SELVERI PAGARID, ca 63 g",
   "url": "https://www.selver.ee/kaneelirull-selveri-pagarid-63-g",
   "hind": [
    {
     "hind": "0,35 €"
    }
   ]
  },
  {
   "product": "Võiroos, SELVERI PAGARID, ca 70 g",
   "url": "https://www.selver.ee/voiroos-selveri-pagarid-50-g",
   "hind": [
    {
     "hind": "0,49 €"
    }
   ]
  },
  {
   "product": "Röstsai täistera, EESTI PAGAR, 430 g",
   "url": "https://www.selver.ee/rostsai-taistera-eesti-pagar-430-g",
   "hind": [
    {
     "hind": "0,99 €"
    }
   ]
  },
  {
   "product": "Rukki näkileivad küüslaugu, LINKOSUO, 150 g",
   "url": "https://www.selver.ee/rukki-nakileivad-kuuslaugu-linkosuo-150-g",
   "hind": [
    {
     "hind": "2,29 €"
    }
   ]
  },
  {
   "product": "Seemnepala, FAZER, 280 g",
   "url": "https://www.selver.ee/seemnepala-fazer-280-g",
   "hind": [
    {
     "hind": "0,99 €"
    }
   ]
  },
  {
   "product": "Kuldne Brioche röstsai, LEIBUR, 260g",
   "url": "https://www.selver.ee/kuldne-brioche-rostsai-leibur-260g",
   "hind": [
    {
     "hind": "0,99 €"
    }
   ]
  },
  {
   "product": "Kohupiimataskud karbis, LÕUNA PAGARID, 250 g",
   "url": "https://www.selver.ee/kohupiimataskud-karbis-louna-pagarid-250-g",
   "hind": [
    {
     "hind": "3,29 €"
    }
   ]
  },
  {
   "product": "Must Jassi seemneleib 1/2 viilutatud, EESTI PAGAR, 310 g",
   "url": "https://www.selver.ee/must-jassi-seemneleib-1-2-viilutatud-eesti-pagar-310-g",
   "hind": [
    {
     "hind": "0,99 €"
    }
   ]
  },
  {
   "product": "Tume ciabatta kukkel, EESTI PAGAR, 210 g",
   "url": "https://www.selver.ee/tume-ciabatta-kukkel-eesti-pagar-210-g",
   "hind": [
    {
     "hind": "0,69 €"
    }
   ]
  },
  {
   "product": "Pärnu leib, EESTI LEIVATÖÖSTUS, 260 g",
   "url": "https://www.selver.ee/parnu-leib-eesti-leivatoostus-260-g",
   "hind": [
    {
     "hind": "0,59 €"
    }
   ]
  },
  {
   "product": "Seemneleib täisterajuuretisega, LEIBUR, 380 g",
   "url": "https://www.selver.ee/seemneleib-taisterajuuretisega-leibur-380-g",
   "hind": [
    {
     "hind": "0,99 €"
    }
   ]
  },
  {
   "product": "Lihapirukas pärmi-lehttaignast, SELVERI PAGARID, ca 60 g",
   "url": "https://www.selver.ee/lihapirukas-selveri-pagarid-60-g",
   "hind": [
    {
     "hind": "0,59 €"
    }
   ]
  },
  {
   "product": "Vaarika beseerull, REVAL KONDIITER, 300 g",
   "url": "https://www.selver.ee/vaarika-beseerull-reval-kondiiter-300-g",
   "hind": [
    {
     "hind": "4,99 €"
    }
   ]
  },
  {
   "product": "Täistera tortilja, LAMELEIB, 160 g",
   "url": "https://www.selver.ee/taistera-tortilla-lameleib-160-g",
   "hind": [
    {
     "hind": "1,19 €"
    }
   ]
  },
  {
   "product": "Meekook, SELVERI KÖÖK, 300 g",
   "url": "https://www.selver.ee/meekook-selveri-kook-300-g",
   "hind": [
    {
     "hind": "2,99 €"
    }
   ]
  },
  {
   "product": "Mini röst, FAZER, 240 g",
   "url": "https://www.selver.ee/mini-rost-fazer-240-g",
   "hind": [
    {
     "hind": "0,69 €"
    }
   ]
  },
  {
   "product": "Rukkileib täisterajuuretisega, LEIBUR, 380 g",
   "url": "https://www.selver.ee/rukkileib-taisterajuuretisega-leibur-380-g",
   "hind": [
    {
     "hind": "0,79 €"
    }
   ]
  },
  {
   "product": "Kaneelirullid, GIFFLAR, 260 g",
   "url": "https://www.selver.ee/kaneelirullid-gifflar-260-g",
   "hind": [
    {
     "hind": "2,09 €"
    }
   ]
  },
  {
   "product": "Napoleonitasku 6x30g, MARTA PAGAR, 180 g",
   "url": "https://www.selver.ee/napoleonitasku-6x30g-marta-pagar-180-g",
   "hind": [
    {
     "hind": "1,99 €"
    }
   ]
  },
  {
   "product": "Must taskuleib seemnetega, FAZER, 270 g",
   "url": "https://www.selver.ee/must-taskuleib-seemnetega-fazer-270-g",
   "hind": [
    {
     "hind": "0,89 €"
    }
   ]
  },
  {
   "product": "Gruusia leib Sothi, KILIKIA, 330 g",
   "url": "https://www.selver.ee/gruusia-leib-sothi-kilikia-330-g",
   "hind": [
    {
     "hind": "0,75 €"
    }
   ]
  },
  {
   "product": "Croissant, SELVERI PAGARID, ca 70 g",
   "url": "https://www.selver.ee/croissant-selveri-pagarid-70-g",
   "hind": [
    {
     "hind": "0,49 €"
    }
   ]
  },
  {
   "product": "Prantsuse kohupiimakook, EESTI PAGAR, 320 g",
   "url": "https://www.selver.ee/prantsuse-kohupiimakook-eesti-pagar-320-g",
   "hind": [
    {
     "hind": "2,69 €"
    }
   ]
  },
  {
   "product": "Maisileivakesed meresoolaga, RACIO, 115 g",
   "url": "https://www.selver.ee/maisileivakesed-meresoolaga-racio-115-g",
   "hind": [
    {
     "hind": "1,19 €"
    }
   ]
  },
  {
   "product": "Mitmeviljakukkel, SELVERI PAGARID, ca 35 g",
   "url": "https://www.selver.ee/mitmeviljakukkel-selveri-pagarid-35-g",
   "hind": [
    {
     "hind": "0,15 €"
    }
   ]
  },
  {
   "product": "Kook Werneri Napoleon, GUSTAV, 450g",
   "url": "https://www.selver.ee/kook-werneri-napoleon-gustav-450g",
   "hind": [
    {
     "hind": "4,49 €"
    }
   ]
  },
  {
   "product": "Näkileib Originaal duubel pakk, FINN CRISP, 400 g",
   "url": "https://www.selver.ee/nakileib-originaal-duubel-pakk-finn-crisp-400-g",
   "hind": [
    {
     "hind": "3,19 €"
    }
   ]
  },
  {
   "product": "Ehe rabarberikook, SELVERI KÖÖK, 500 g",
   "url": "https://www.selver.ee/ehe-rabarberikook-selveri-kook-480-g",
   "hind": [
    {
     "hind": "2,69 €"
    }
   ]
  },
  {
   "product": "Moorapead, LÕUNA PAGARID, 165 g",
   "url": "https://www.selver.ee/moorapead-louna-pagarid-165-g",
   "hind": [
    {
     "hind": "2,49 €"
    }
   ]
  },
  {
   "product": "Pealinna kook, EESTI PAGAR, 350 g",
   "url": "https://www.selver.ee/pealinna-kook-eesti-pagar-350-g",
   "hind": [
    {
     "hind": "2,89 €"
    }
   ]
  },
  {
   "product": "Gruusia rahvusleib Puri, KILIKIA, 330 g",
   "url": "https://www.selver.ee/gruusia-rahvusleib-puri-kilikia-330-g",
   "hind": [
    {
     "hind": "0,79 €"
    }
   ]
  },
  {
   "product": "Moosipall, SELVERI PAGARID, ca 60g",
   "url": "https://www.selver.ee/moosipall-selveri-pagarid-ca-60g",
   "hind": [
    {
     "hind": "0,55 €"
    }
   ]
  },
  {
   "product": "Seemneleib, FAZER, 400 g",
   "url": "https://www.selver.ee/seemneleib-fazer-400-g",
   "hind": [
    {
     "hind": "1,39 €"
    }
   ]
  },
  {
   "product": "Riisivahvlid naturaalsed õhukesed, KUPIEC, 90 g",
   "url": "https://www.selver.ee/riisivahvlid-naturaalsed-ohukesed-kupiec-90-g",
   "hind": [
    {
     "hind": "0,89 €"
    }
   ]
  },
  {
   "product": "Rukkileib, MEIE EESTI, 320 g",
   "url": "https://www.selver.ee/rukkileib-meie-eesti-320-g",
   "hind": [
    {
     "hind": "0,99 €"
    }
   ]
  },
  {
   "product": "Meie Eesti 100 Uudseleib, EESTI LEIVATÖÖSTUS, 600 g",
   "url": "https://www.selver.ee/meie-eesti-100-uudseleib-eesti-leivatoostus-600-g",
   "hind": [
    {
     "hind": "1,59 €"
    }
   ]
  },
  {
   "product": "Rullbiskviit kohupiimakreemiga, SELVERI KÖÖK, 360 g",
   "url": "https://www.selver.ee/rullbiskviit-kohupiimakreemiga-selveri-kook-360-g",
   "hind": [
    {
     "hind": "2,69 €"
    }
   ]
  },
  {
   "product": "Leopoldi pallike, RÕNGU PAGAR, 220 g",
   "url": "https://www.selver.ee/leopoldi-pallike-rongu-pagar-220-g",
   "hind": [
    {
     "hind": "1,79 €"
    }
   ]
  },
  {
   "product": "Kohupiimakook rosinatega, RÕNGU PAGAR, 500 g",
   "url": "https://www.selver.ee/kohupiimakook-rosinatega-rongu-pagar-500-g",
   "hind": [
    {
     "hind": "4,99 €"
    }
   ]
  },
  {
   "product": "Leiburi Ruks vormileib, LEIBUR, 600 g",
   "url": "https://www.selver.ee/leiburi-ruks-vormileib-leibur-600-g",
   "hind": [
    {
     "hind": "0,99 €"
    }
   ]
  },
  {
   "product": "Rukki Seemnepala, FAZER, 300 g",
   "url": "https://www.selver.ee/rukki-seemnepala-fazer-300-g",
   "hind": [
    {
     "hind": "1,19 €"
    }
   ]
  },
  {
   "product": "Aleksandrikook, SELVERI KÖÖK, 260 g",
   "url": "https://www.selver.ee/aleksandrikook-selveri-kook-260-g",
   "hind": [
    {
     "hind": "1,49 €"
    }
   ]
  },
  {
   "product": "Meekook, SELVERI KÖÖK, 600 g",
   "url": "https://www.selver.ee/meekook-selveri-kook-600-g",
   "hind": [
    {
     "hind": "4,99 €"
    }
   ]
  },
  {
   "product": "Franzi kaneelisaiake, SELVERI PAGARID, 115 g",
   "url": "https://www.selver.ee/martsipani-kaneelisaiake-selveri-pagarid-115-g",
   "hind": [
    {
     "hind": "0,77 €"
    }
   ]
  },
  {
   "product": "Rummikook, SELVERI KÖÖK, 320 g",
   "url": "https://www.selver.ee/rummikook-selveri-kook-320-g",
   "hind": [
    {
     "hind": "2,49 €"
    }
   ]
  },
  {
   "product": "Jõhvika-kohupiimakook, SELVERI KÖÖK, 280 g",
   "url": "https://www.selver.ee/johvikamaitseline-kook-selveri-kook-280-g",
   "hind": [
    {
     "hind": "1,99 €"
    }
   ]
  },
  {
   "product": "Leivakrõpsud juustu- küüslaugu, BON CHANCE, 120 g",
   "url": "https://www.selver.ee/leivakropsud-juustu-kuuslaugu-bon-chance-120-g",
   "hind": [
    {
     "hind": "1,09 €"
    }
   ]
  },
  {
   "product": "Küüslauguleivad topsis, MARMITON, 150 g",
   "url": "https://www.selver.ee/kuuslauguleivad-topsis-marmiton-150-g",
   "hind": [
    {
     "hind": "0,89 €"
    }
   ]
  },
  {
   "product": "Peenleib, MEIE EESTI, 370 g",
   "url": "https://www.selver.ee/peenleib-meie-eesti-370-g",
   "hind": [
    {
     "hind": "0,99 €"
    }
   ]
  },
  {
   "product": "Kodusai Täistera röst, FAZER, 250 g",
   "url": "https://www.selver.ee/kodusai-taistera-rost-fazer-250-g",
   "hind": [
    {
     "hind": "0,75 €"
    }
   ]
  },
  {
   "product": "Riisivahvlid kõrvits.seemnetega, SONKO, 130 g",
   "url": "https://www.selver.ee/riisivahvlid-korvits-seemnetega-sonko-130-g",
   "hind": [
    {
     "hind": "0,79 €"
    }
   ]
  },
  {
   "product": "Väikesed marmelaadikeeksid, VÄIKE VÄÄNIK, 300 g",
   "url": "https://www.selver.ee/vaikesed-marmelaadikeeksid-vaike-vaanik-300-g",
   "hind": [
    {
     "hind": "2,29 €"
    }
   ]
  },
  {
   "product": "Maasika-kiivikorvike, SELVERI KÖÖK, 300 g",
   "url": "https://www.selver.ee/maasika-kiivikorvike-selveri-kook-300-g",
   "hind": [
    {
     "hind": "2,99 €"
    }
   ]
  },
  {
   "product": "Röstsai seemnetega, EESTI PAGAR, 430 g",
   "url": "https://www.selver.ee/rostsai-seemnetega-eesti-pagar-430-g",
   "hind": [
    {
     "hind": "0,99 €"
    }
   ]
  },
  {
   "product": "Mitmevilja pala, LEIBUR, 220g",
   "url": "https://www.selver.ee/mitmevilja-pala-leibur-220g",
   "hind": [
    {
     "hind": "0,79 €"
    }
   ]
  },
  {
   "product": "Hapukoorekook, 280g, SELVERI KÖÖK",
   "url": "https://www.selver.ee/hapukoorekook-280g-selveri-kook",
   "hind": [
    {
     "hind": "2,99 €"
    }
   ]
  },
  {
   "product": "Werneri Napoleoni kook, GUSTAV, 900 g",
   "url": "https://www.selver.ee/werneri-napoleoni-kook-gustav-900-g",
   "hind": [
    {
     "hind": "7,99 €"
    }
   ]
  },
  {
   "product": "Porgandikook toorjuustuglasuuriga, SELVERI KÖÖK, 270 g",
   "url": "https://www.selver.ee/porgandikook-toorjuustuga-selveri-kook-260-g",
   "hind": [
    {
     "hind": "1,99 €"
    }
   ]
  },
  {
   "product": "Red Velvet toorjuustu-mustikarull, SELVERI KÖÖK, 400 g",
   "url": "https://www.selver.ee/red-velvet-toorjuustu-mustikarull-selveri-kook-400-g",
   "hind": [
    {
     "hind": "5,49 €"
    }
   ]
  },
  {
   "product": "Riisivahvlid mitmevilja õhukesed, KUPIEC, 90 g",
   "url": "https://www.selver.ee/riisivahvlid-mitmevilja-ohukesed-kupiec-90-g",
   "hind": [
    {
     "hind": "0,89 €"
    }
   ]
  },
  {
   "product": "Riisivahvlid naturaalsed, SONKO, 130 g",
   "url": "https://www.selver.ee/riisivahvlid-naturaalsed-sonko-130-g",
   "hind": [
    {
     "hind": "0,69 €"
    }
   ]
  },
  {
   "product": "Sarvesai vanilje, mureli, 7DAYS, 60 g",
   "url": "https://www.selver.ee/sarvesai-vanilje-mureli-7days-60-g",
   "hind": [
    {
     "hind": "0,49 €"
    }
   ]
  },
  {
   "product": "Kook Brita, GUSTAV, 600g",
   "url": "https://www.selver.ee/kook-brita-gustav-600g",
   "hind": [
    {
     "hind": "8,49 €"
    }
   ]
  },
  {
   "product": "Porgandipirukas, SELVERI PAGARID, ca 60 g",
   "url": "https://www.selver.ee/porgandipirukas-selveri-pagarid-60-g",
   "hind": [
    {
     "hind": "0,55 €"
    }
   ]
  },
  {
   "product": "Ehe rabarberikook, SELVERI KÖÖK, 250 g",
   "url": "https://www.selver.ee/ehe-rabarberikook-selveri-kook-240-g",
   "hind": [
    {
     "hind": "1,39 €"
    }
   ]
  },
  {
   "product": "Täistera Ruks idandatud teradega, LEIBUR, 350 g",
   "url": "https://www.selver.ee/taistera-ruks-idandatud-teradega-leibur-350-g",
   "hind": [
    {
     "hind": "1,09 €"
    }
   ]
  },
  {
   "product": "Väikesed rosinakeeksid, VÄIKE VÄÄNIK, 300 g",
   "url": "https://www.selver.ee/vaikesed-rosinakeeksid-vaike-vaanik-300-g",
   "hind": [
    {
     "hind": "2,29 €"
    }
   ]
  },
  {
   "product": "Kelmikas Creme Brulee kook, MARTA PAGAR, 120 g",
   "url": "https://www.selver.ee/kelmikas-creme-brulee-kook-marta-pagar-120-g",
   "hind": [
    {
     "hind": "1,39 €"
    }
   ]
  },
  {
   "product": "Mini tosca , REVAL KONDIITER, 240 g",
   "url": "https://www.selver.ee/mini-tosca-reval-kondiiter-240-g",
   "hind": [
    {
     "hind": "3,49 €"
    }
   ]
  },
  {
   "product": "Sarvesai kakao, vaniljetäidis., 7DAYS, 60 g",
   "url": "https://www.selver.ee/sarvesai-kakao-vaniljetaidis-7days-60-g",
   "hind": [
    {
     "hind": "0,49 €"
    }
   ]
  },
  {
   "product": "Rullbiskviit jõhvikakreemiga, SELVERI KÖÖK, 360 g",
   "url": "https://www.selver.ee/johvika-rullbiskviit-selveri-kook-360-g",
   "hind": [
    {
     "hind": "2,99 €"
    }
   ]
  },
  {
   "product": "Burgerikukkel seesamiseemnetega, LEIBUR, 448 g",
   "url": "https://www.selver.ee/burgerikukkel-seesamiseemnetega-leibur-448-g",
   "hind": [
    {
     "hind": "1,99 €"
    }
   ]
  },
  {
   "product": "Puuvilja-kaeraküpsis, SELVERI PAGARID, ca 75 g",
   "url": "https://www.selver.ee/puuvilja-kaerakupsis-selveri-pagarid-75-g",
   "hind": [
    {
     "hind": "0,75 €"
    }
   ]
  },
  {
   "product": "Kräsupeakook kirssidega, SELVERI KÖÖK, 550 g",
   "url": "https://www.selver.ee/krasupeakook-kirssidega-selveri-kook-550-g",
   "hind": [
    {
     "hind": "4,99 €"
    }
   ]
  },
  {
   "product": "Must seemneleib, FAZER, 560 g",
   "url": "https://www.selver.ee/must-seemneleib-fazer-560-g",
   "hind": [
    {
     "hind": "1,59 €"
    }
   ]
  },
  {
   "product": "Moonipõimik, SELVERI PAGARID, ~85g",
   "url": "https://www.selver.ee/moonipoimik-selveri-pagarid-85g",
   "hind": [
    {
     "hind": "0,85 €"
    }
   ]
  },
  {
   "product": "Trühvlikook, SELVERI KÖÖK, 180 g",
   "url": "https://www.selver.ee/truhvlikook-selveri-kook-180-g",
   "hind": [
    {
     "hind": "2,89 €"
    }
   ]
  },
  {
   "product": "Kapsapirukas, SELVERI PAGARID, ca 62 g",
   "url": "https://www.selver.ee/kapsapirukas-selveri-pagarid-62-g",
   "hind": [
    {
     "hind": "0,39 €"
    },
    {
     "hind": "0,49 €"
    }
   ]
  },
  {
   "product": "Brioche burgerikukkel, LEIBUR, 280 g",
   "url": "https://www.selver.ee/brioche-burgerikukkel-leibur-280-g",
   "hind": [
    {
     "hind": "1,79 €"
    }
   ]
  },
  {
   "product": "Teekook pakitud, MARTA PAGAR, 300 g",
   "url": "https://www.selver.ee/teekook-pakitud-marta-pagar-300-g",
   "hind": [
    {
     "hind": "1,99 €"
    }
   ]
  },
  {
   "product": "Aprikoosikook, EESTI PAGAR, 310 g",
   "url": "https://www.selver.ee/aprikoosikook-eesti-pagar-310-g",
   "hind": [
    {
     "hind": "2,79 €"
    }
   ]
  },
  {
   "product": "Kaeraleivuke 100% kaer, FAZER, 220g",
   "url": "https://www.selver.ee/kaeraleivuke-100-kaer-fazer-220g",
   "hind": [
    {
     "hind": "1,09 €"
    }
   ]
  },
  {
   "product": "Sangaste peenleib, EESTI PAGAR,",
   "url": "https://www.selver.ee/sangaste-peenleib-eesti-pagar",
   "hind": [
    {
     "hind": "0,65 €"
    }
   ]
  },
  {
   "product": "Shokolaadiglasuuriga ekleerid 2 tk, REVAL KONDIITER, 150 g",
   "url": "https://www.selver.ee/shokolaadiglasuuriga-ekleerid-2-tk-reval-kondiiter-150-g",
   "hind": [
    {
     "hind": "2,59 €"
    }
   ]
  },
  {
   "product": "Kuldne teraröst, LEIBUR, 260 g",
   "url": "https://www.selver.ee/kuldne-terarost-leibur-260-g",
   "hind": [
    {
     "hind": "0,99 €"
    }
   ]
  },
  {
   "product": "Ruks hele seemneleib pool, LEIBUR, 290 g",
   "url": "https://www.selver.ee/ruks-hele-seemneleib-pool-leibur-290-g",
   "hind": [
    {
     "hind": "0,79 €"
    }
   ]
  },
  {
   "product": "Aleksandrikook, SELVERI KÖÖK, 520 g",
   "url": "https://www.selver.ee/aleksandrikook-selveri-kook-520-g",
   "hind": [
    {
     "hind": "2,59 €"
    }
   ]
  },
  {
   "product": "Sarvesai kakaotäidisega, 7DAYS, 60 g",
   "url": "https://www.selver.ee/sarvesai-kakaotaidisega-7days-60-g",
   "hind": [
    {
     "hind": "0,49 €"
    }
   ]
  },
  {
   "product": "Pähklikook, SELVERI KÖÖK, 280 g",
   "url": "https://www.selver.ee/pahklikook-nostalgia-selveri-kook-280-g",
   "hind": [
    {
     "hind": "2,99 €"
    }
   ]
  },
  {
   "product": "Juurikaröst pastinaagi ja porgandiga, FAZER, 450 g",
   "url": "https://www.selver.ee/juurikasai-pastinaagi-porgandi-fazer-450-g",
   "hind": [
    {
     "hind": "1,19 €"
    }
   ]
  },
  {
   "product": "Viineripirukas, SELVERI PAGARID, ca 60 g",
   "url": "https://www.selver.ee/viineripirukas-selveri-pagarid-60-g",
   "hind": [
    {
     "hind": "0,59 €"
    }
   ]
  },
  {
   "product": "Lehttaignatoruke kohupiimakreemiga, MARTA PAGAR, 2x75 g",
   "url": "https://www.selver.ee/lehttaignatoruke-kohupiimakreemiga-marta-pagar-2x75-g",
   "hind": [
    {
     "hind": "1,79 €"
    }
   ]
  },
  {
   "product": "Metsmaasikarull, EESTI PAGAR, 300 g",
   "url": "https://www.selver.ee/metsmaasikarull-eesti-pagar-300-g",
   "hind": [
    {
     "hind": "2,99 €"
    }
   ]
  },
  {
   "product": "Kaneelisüda, EUROPAGAR, 200 g",
   "url": "https://www.selver.ee/kaneelisuda-europagar-200-g",
   "hind": [
    {
     "hind": "0,99 €"
    }
   ]
  },
  {
   "product": "Sarvesai pähklikreemitäidisega, 7DAYS, 60 g",
   "url": "https://www.selver.ee/sarvesai-pahklikreemitaidisega-7days-60-g",
   "hind": [
    {
     "hind": "0,49 €"
    }
   ]
  },
  {
   "product": "Porgandikook toorjuustuglasuuriga, SELVERI KÖÖK, 560 g",
   "url": "https://www.selver.ee/porgandikook-toorjuustuga-selveri-kook-540-g",
   "hind": [
    {
     "hind": "3,99 €"
    }
   ]
  },
  {
   "product": "Ehe õunakook, SELVERI KÖÖK, 500 g",
   "url": "https://www.selver.ee/ehe-ounakook-selveri-kook-480-g",
   "hind": [
    {
     "hind": "2,69 €"
    }
   ]
  },
  {
   "product": "Ehe õunakook, SELVERI KÖÖK, 250 g",
   "url": "https://www.selver.ee/ehe-ounakook-selveri-kook-240-g",
   "hind": [
    {
     "hind": "1,39 €"
    }
   ]
  },
  {
   "product": "Näkileib küüslaugu maitseline, FINN CRISP, 175 g",
   "url": "https://www.selver.ee/nakileib-kuuslaugu-maitseline-finn-crisp-175-g",
   "hind": [
    {
     "hind": "1,69 €"
    }
   ]
  },
  {
   "product": "Rukkirääk, EESTI LEIVATÖÖSTUS, 260 g",
   "url": "https://www.selver.ee/rukkiraak-eesti-leivatoostus-260-g",
   "hind": [
    {
     "hind": "0,59 €"
    }
   ]
  },
  {
   "product": "Näkileib juustu ja kõrvitsaseemn., DR. KARG, 200 g",
   "url": "https://www.selver.ee/nakileib-juustu-ja-korvitsaseemn-dr-karg-200-g",
   "hind": [
    {
     "hind": "2,49 €"
    }
   ]
  },
  {
   "product": "Kodujuustukook, SELVERI KÖÖK, 720 g",
   "url": "https://www.selver.ee/kodujuustukook-armastusega-selveri-kook-680-g",
   "hind": [
    {
     "hind": "5,19 €"
    }
   ]
  },
  {
   "product": "Juubelisai, EESTI PAGAR, 350 g",
   "url": "https://www.selver.ee/juubelisai-eesti-pagar-350-g",
   "hind": [
    {
     "hind": "1,49 €"
    }
   ]
  },
  {
   "product": "Suvine marjakook, SELVERI KÖÖK, 550 g",
   "url": "https://www.selver.ee/suvine-marjakook-selveri-kook-500-g",
   "hind": [
    {
     "hind": "2,99 €"
    }
   ]
  },
  {
   "product": "Mesi-Käpp vahvlikook, SELVERI KÖÖK, 170 g",
   "url": "https://www.selver.ee/mesi-kapp-vahvlikook-selveri-kook-170-g",
   "hind": [
    {
     "hind": "2,99 €"
    }
   ]
  },
  {
   "product": "Spinati-fetajuustu struudel, SELVERI PAGARID, ca 115 g",
   "url": "https://www.selver.ee/spinati-fetajuustu-struudel-selveri-pagarid-115-g",
   "hind": [
    {
     "hind": "1,49 €"
    }
   ]
  },
  {
   "product": "Kass Arturi kook, SELVERI KÖÖK, 160 g",
   "url": "https://www.selver.ee/kass-arturi-kook-selveri-kook-160-g",
   "hind": [
    {
     "hind": "2,59 €"
    }
   ]
  },
  {
   "product": "Rukki näkileivad, LINKOSUO, 150 g",
   "url": "https://www.selver.ee/rukki-nakileivad-linkosuo-150-g",
   "hind": [
    {
     "hind": "2,29 €"
    }
   ]
  },
  {
   "product": "Viilutatud must leib Must Ronk, EESTI LEIVATÖÖSTUS, 260 g",
   "url": "https://www.selver.ee/viilutatud-must-leib-must-ronk-eesti-leivatoostus-260-g",
   "hind": [
    {
     "hind": "0,69 €"
    }
   ]
  },
  {
   "product": "Kukkel Mega Burger, QUICKBURY, 300 g",
   "url": "https://www.selver.ee/kukkel-mega-burger-quickbury-300-g",
   "hind": [
    {
     "hind": "1,29 €"
    }
   ]
  },
  {
   "product": "Kirju koer, SELVERI KÖÖK, 380 g",
   "url": "https://www.selver.ee/kirju-koer-selveri-kook-380-g",
   "hind": [
    {
     "hind": "3,59 €"
    }
   ]
  },
  {
   "product": "Napoleoni kook, SELVERI KÖÖK, 550 g",
   "url": "https://www.selver.ee/napoleoni-kook-selveri-kook-550-g",
   "hind": [
    {
     "hind": "4,29 €"
    }
   ]
  },
  {
   "product": "Virsiku-vahukoorekook, SELVERI KÖÖK, 320 g",
   "url": "https://www.selver.ee/virsiku-vahukoorekook-selveri-kook-310-g",
   "hind": [
    {
     "hind": "2,99 €"
    }
   ]
  },
  {
   "product": "Küpsise-maasikakook, 450g, SELVERI KÖÖK",
   "url": "https://www.selver.ee/kupsise-maasikakook-450g-selveri-kook",
   "hind": [
    {
     "hind": "3,99 €"
    }
   ]
  },
  {
   "product": "Õhuk.täist.rukkist näkileivad, WASA, 275 g",
   "url": "https://www.selver.ee/ohuk-taist-rukkist-nakileivad-wasa-275-g",
   "hind": [
    {
     "hind": "1,79 €"
    }
   ]
  },
  {
   "product": "Must teraleib, EESTI PAGAR,",
   "url": "https://www.selver.ee/must-teraleib-eesti-pagar",
   "hind": [
    {
     "hind": "0,89 €"
    }
   ]
  },
  {
   "product": "Pitsasaiake 4tk, RÕNGU PAGAR, 160 g",
   "url": "https://www.selver.ee/pitsasaiake-4tk-rongu-pagar-160-g",
   "hind": [
    {
     "hind": "1,19 €"
    }
   ]
  },
  {
   "product": "Küüslauguleivad ämbris, MARMITON, 350 g",
   "url": "https://www.selver.ee/kuuslauguleivad-ambris-marmiton-350-g",
   "hind": [
    {
     "hind": "2,19 €"
    }
   ]
  },
  {
   "product": "Jäätisetops, MARMITON, 50 g",
   "url": "https://www.selver.ee/jaatisetops-marmiton-50-g",
   "hind": [
    {
     "hind": "0,59 €"
    }
   ]
  },
  {
   "product": "Sarvesai vanilje-maasika, 7DAYS, 60 g",
   "url": "https://www.selver.ee/sarvesai-vanilje-maasika-7days-60-g",
   "hind": [
    {
     "hind": "0,49 €"
    }
   ]
  },
  {
   "product": "Krõbedad leivakesed küüslauguga, VÄIKE VÄÄNIK, 150 g",
   "url": "https://www.selver.ee/krobedad-leivakesed-kuuslauguga-vaike-vaanik-150-g",
   "hind": [
    {
     "hind": "1,19 €"
    }
   ]
  },
  {
   "product": "Tatraleib, EUROLEIB, 350 g",
   "url": "https://www.selver.ee/tatraleib-euroleib-350-g",
   "hind": [
    {
     "hind": "1,99 €"
    }
   ]
  },
  {
   "product": "Erik Orgu kohupiimakook, ERIK ORGU, 325 g",
   "url": "https://www.selver.ee/erik-orgu-kohupiimakook-erik-orgu-325-g",
   "hind": [
    {
     "hind": "4,99 €"
    }
   ]
  },
  {
   "product": "Cappuccino-kook, PAGARINI, 220 g",
   "url": "https://www.selver.ee/cappuccino-kook-pagarini-220-g",
   "hind": [
    {
     "hind": "3,29 €"
    }
   ]
  },
  {
   "product": "Rummisai kirsiga, MARTA PAGAR, 140 g",
   "url": "https://www.selver.ee/rummisai-kirsiga-marta-pagar-140-g",
   "hind": [
    {
     "hind": "0,99 €"
    }
   ]
  },
  {
   "product": "Gluteenivaba viilutatud mitmeviljasai Cereale, SCHÄR, 300 g",
   "url": "https://www.selver.ee/gluteenivaba-viilutatud-mitmeviljasai-cereale-schar-300-g",
   "hind": [
    {
     "hind": "3,59 €"
    }
   ]
  },
  {
   "product": "Rukkileib Mini Must, FAZER, 450 g",
   "url": "https://www.selver.ee/rukkileib-mini-must-fazer-450-g",
   "hind": [
    {
     "hind": "1,09 €"
    }
   ]
  },
  {
   "product": "Kukkel Burger, QUICKBURY, 300 g",
   "url": "https://www.selver.ee/kukkel-burger-quickbury-300-g",
   "hind": [
    {
     "hind": "1,29 €"
    }
   ]
  },
  {
   "product": "Kohupiimatasku, SELVERI PAGARID, ca 125 g",
   "url": "https://www.selver.ee/kohupiimatasku-selveri-pagarid-125-g",
   "hind": [
    {
     "hind": "0,89 €"
    }
   ]
  },
  {
   "product": "Võikeeks, EESTI PAGAR, 250 g",
   "url": "https://www.selver.ee/voikeeks-eesti-pagar-250-g",
   "hind": [
    {
     "hind": "1,35 €"
    }
   ]
  },
  {
   "product": "Mustsõstra-sefiiritort kohupiimaga, MARTA PAGAR, 600 g",
   "url": "https://www.selver.ee/mustsostra-sefiiritort-kohupiimaga-marta-pagar-600-g",
   "hind": [
    {
     "hind": "6,99 €"
    }
   ]
  },
  {
   "product": "Kuivik rosina, VIKSTAL, 200 g",
   "url": "https://www.selver.ee/kuivik-rosina-vikstal-200-g",
   "hind": [
    {
     "hind": "0,89 €"
    }
   ]
  },
  {
   "product": "Juusturull, SELVERI PAGARID, ca 115 g",
   "url": "https://www.selver.ee/juusturull-selveri-pagarid-85-g",
   "hind": [
    {
     "hind": "0,89 €"
    }
   ]
  },
  {
   "product": "Šokolaadi-Napoleoni kook, EESTI PAGAR, 400 g",
   "url": "https://www.selver.ee/sokolaadi-napoleoni-kook-eesti-pagar-400-g",
   "hind": [
    {
     "hind": "3,69 €"
    }
   ]
  },
  {
   "product": "Röstitud saiaviilud, ALBATROS, 80 g",
   "url": "https://www.selver.ee/rostitud-saiaviilud-albatros-80-g",
   "hind": [
    {
     "hind": "0,99 €"
    }
   ]
  },
  {
   "product": "Lehttaigen, EESTI LEIVATÖÖSTUS, 600g",
   "url": "https://www.selver.ee/lehttaigen-eesti-leivatoostus-600g",
   "hind": [
    {
     "hind": "2,79 €"
    }
   ]
  },
  {
   "product": "Maasika-kohupiimakook, SELVERI KÖÖK, 390 g",
   "url": "https://www.selver.ee/maasika-kohupiimakook-selveri-kook-400-g",
   "hind": [
    {
     "hind": "3,29 €"
    }
   ]
  },
  {
   "product": "Apelsinibrülee tort, sulatatud, CLARA, 650 g",
   "url": "https://www.selver.ee/apelsinibrulee-tort-clara-650-g",
   "hind": [
    {
     "hind": "5,69 €"
    }
   ]
  },
  {
   "product": "Finn Crisp Traditional, FINN CRISP, 200 g",
   "url": "https://www.selver.ee/finn-crisp-traditional-finn-crisp-200-g",
   "hind": [
    {
     "hind": "1,69 €"
    }
   ]
  },
  {
   "product": "Magusõieke, MARTA PAGAR, 280 g",
   "url": "https://www.selver.ee/magusoieke-marta-pagar-280-g",
   "hind": [
    {
     "hind": "0,99 €"
    }
   ]
  },
  {
   "product": "Werneri porgandikook, GUSTAV, 550 g",
   "url": "https://www.selver.ee/werneri-porgandikook-gustav-550-g",
   "hind": [
    {
     "hind": "6,49 €"
    }
   ]
  },
  {
   "product": "Kohupiimakook sidrunikreemiga, GUSTAV, 550 g",
   "url": "https://www.selver.ee/kohupiimakook-sidrunikreemiga-gustav-550-g",
   "hind": [
    {
     "hind": "5,49 €"
    }
   ]
  },
  {
   "product": "Küpsisetainas šokolaaditükkidega, VAN KOOK, 450 g",
   "url": "https://www.selver.ee/kupsisetainas-iirise-tukkide-ja-karamelliga-van-kook-450-g-1",
   "hind": [
    {
     "hind": "3,29 €"
    }
   ]
  },
  {
   "product": "Kaneelisaiake 2 tk, EESTI PAGAR, 110 g",
   "url": "https://www.selver.ee/kaneelisaiake-2-tk-eesti-pagar-110-g",
   "hind": [
    {
     "hind": "0,69 €"
    }
   ]
  },
  {
   "product": "Rummipallid, MARTA PAGAR, 150 g",
   "url": "https://www.selver.ee/rummipallid-marta-pagar-150-g",
   "hind": [
    {
     "hind": "1,59 €"
    }
   ]
  },
  {
   "product": "Koogikesed Sipelgapesa kondenspiimaga, OLD TOWN BAKERY, 300 g",
   "url": "https://www.selver.ee/koogikesed-sipelgapesa-kondenspiimaga-old-town-bakery-300-g",
   "hind": [
    {
     "hind": "3,79 €"
    }
   ]
  },
  {
   "product": "Krutoonid sibula ja küüslaugu, LAND-LEBEN, 100 g",
   "url": "https://www.selver.ee/krutoonid-sibula-ja-kuuslaugu-land-leben-100-g",
   "hind": [
    {
     "hind": "0,99 €"
    }
   ]
  },
  {
   "product": "Sefiiritort, PIHLAKA, 850 g",
   "url": "https://www.selver.ee/sefiiritort-pihlaka-850-g",
   "hind": [
    {
     "hind": "9,99 €"
    }
   ]
  },
  {
   "product": "Liivarõngas, PAGARIPOISID, 4x80 g",
   "url": "https://www.selver.ee/liivarongas-pagaripoisid-4x80-g",
   "hind": [
    {
     "hind": "2,39 €"
    }
   ]
  },
  {
   "product": "Kaneelikeeris, PAGARIPOISID, 200 g",
   "url": "https://www.selver.ee/kaneelikeeris-pagaripoisid-200-g",
   "hind": [
    {
     "hind": "1,89 €"
    }
   ]
  },
  {
   "product": "Vegan Šokolaadikook 2 x 80g, PAGARIPOISID, 160 g",
   "url": "https://www.selver.ee/sokolaadi-toorkook-vegan-pagaripoisid-160-g",
   "hind": [
    {
     "hind": "3,69 €"
    }
   ]
  },
  {
   "product": "Sidrunikeeks Rondana, KUCHENMEISTER, 250 g",
   "url": "https://www.selver.ee/sidrunikeeks-rondana-kuchenmeister-250-g",
   "hind": [
    {
     "hind": "1,89 €"
    }
   ]
  },
  {
   "product": "Kuivik tavaline, VIKSTAL, 200 g",
   "url": "https://www.selver.ee/kuivik-tavaline-vikstal-200-g",
   "hind": [
    {
     "hind": "0,89 €"
    }
   ]
  },
  {
   "product": "Kook Red Velvet, GUSTAV, 350 g",
   "url": "https://www.selver.ee/kook-red-velvet-gustav-350-g",
   "hind": [
    {
     "hind": "6,79 €"
    }
   ]
  },
  {
   "product": "Vahukreemikringel, EESTI PAGAR, 450 g",
   "url": "https://www.selver.ee/vahukreemikringel-eesti-pagar-450-g",
   "hind": [
    {
     "hind": "3,69 €"
    }
   ]
  },
  {
   "product": "Tosca kook rosinate ja pähklitega, REVAL KONDIITER, 700 g",
   "url": "https://www.selver.ee/tosca-kook-rosinate-ja-pahklitega-reval-kondiiter-700-g",
   "hind": [
    {
     "hind": "8,99 €"
    }
   ]
  },
  {
   "product": "Juustukook, PAGARINI, 850 g",
   "url": "https://www.selver.ee/juustukook-pagarini-850-g",
   "hind": [
    {
     "hind": "12,99 €"
    }
   ]
  },
  {
   "product": "Mustsõstratasku, EESTI LEIVATÖÖSTUS, 2x90 g",
   "url": "https://www.selver.ee/mustsostratasku-eesti-leivatoostus-2x90-g",
   "hind": [
    {
     "hind": "1,59 €"
    }
   ]
  },
  {
   "product": "Koogikesed Sipelgapesa, OLD TOWN BAKERY, 300 g",
   "url": "https://www.selver.ee/koogikesed-sipelgapesa-old-town-bakery-300-g",
   "hind": [
    {
     "hind": "3,99 €"
    }
   ]
  },
  {
   "product": "Hapukoorekook, 580g, SELVERI KÖÖK",
   "url": "https://www.selver.ee/hapukoorekook-580g-selveri-kook",
   "hind": [
    {
     "hind": "5,99 €"
    }
   ]
  },
  {
   "product": "Mini multipakk kakao-vaniljemaitseline, 7DAYS, 185 g",
   "url": "https://www.selver.ee/mini-multipakk-kakao-vaniljemaitseline-7days-185-g",
   "hind": [
    {
     "hind": "1,39 €"
    }
   ]
  },
  {
   "product": "Keeks väike, ELTRUM, 100 g",
   "url": "https://www.selver.ee/keeks-vaike-eltrum-100-g",
   "hind": [
    {
     "hind": "0,79 €"
    }
   ]
  },
  {
   "product": "Street Food Gruusialeib, FAZER, 250 g",
   "url": "https://www.selver.ee/finest-gruusialeib-fazer-250-g",
   "hind": [
    {
     "hind": "1,19 €"
    }
   ]
  },
  {
   "product": "7 Days mini multipakk kakaomaitseline, 7DAYS, 185 g",
   "url": "https://www.selver.ee/7-days-mini-multipakk-kakaomaitseline-7days-185-g",
   "hind": [
    {
     "hind": "1,39 €"
    }
   ]
  },
  {
   "product": "Küpsisetainas iirise tükkide ja karamelliga, VAN KOOK, 450 g",
   "url": "https://www.selver.ee/kupsisetainas-iirise-tukkide-ja-karamelliga-van-kook-450-g",
   "hind": [
    {
     "hind": "3,29 €"
    }
   ]
  },
  {
   "product": "Šokolaadi-brownie tort, VAN KOOK, 1 kg",
   "url": "https://www.selver.ee/sokolaadi-brownie-tort-van-kook-1-kg",
   "hind": [
    {
     "hind": "14,59 €"
    }
   ]
  },
  {
   "product": "Viineripirukas sinepi-kurgitäidisega, SELVERI PAGARID, ca 160 g",
   "url": "https://www.selver.ee/viineripirukas-sinepi-kurgitaidisega-selveri-pagarid-160-g",
   "hind": [
    {
     "hind": "1,39 €"
    }
   ]
  },
  {
   "product": "Mango-kohupiimakook, GUSTAV, 450 g",
   "url": "https://www.selver.ee/mango-kohupiimakook-gustav-450-g",
   "hind": [
    {
     "hind": "7,49 €"
    }
   ]
  },
  {
   "product": "Kohupiimatort, sulatatud, CLARA, 1,1 kg",
   "url": "https://www.selver.ee/kohupiimatort-clara-1-1-kg",
   "hind": [
    {
     "hind": "10,99 €"
    }
   ]
  },
  {
   "product": "Kana-juustu pirukas filotaignas, SELVERI PAGARID, ca 87 g",
   "url": "https://www.selver.ee/kana-juustu-pirukas-filotaignas-selveri-pagarid-ca-87-g",
   "hind": [
    {
     "hind": "0,89 €"
    }
   ]
  },
  {
   "product": "Mustasõstra-passionikook, PAGARINI, 300 g",
   "url": "https://www.selver.ee/mustasostra-passionikook-pagarini-300-g",
   "hind": [
    {
     "hind": "3,29 €"
    }
   ]
  },
  {
   "product": "Hea kohupiimakook, EESTI LEIVATÖÖSTUS, 370 g",
   "url": "https://www.selver.ee/hea-kohupiimakook-hagar-370-g",
   "hind": [
    {
     "hind": "3,99 €"
    }
   ]
  },
  {
   "product": "Surdegsbröt juuretisega leib, DR.SCHÄR, 240 g",
   "url": "https://www.selver.ee/surdegsbrot-juuretisega-leib-dr-schar-240-g",
   "hind": [
    {
     "hind": "3,99 €"
    }
   ]
  },
  {
   "product": "Virsiku-vahukoorekook, SELVERI KÖÖK, 640 g",
   "url": "https://www.selver.ee/virsiku-vahukoorekook-selveri-kook-620-g",
   "hind": [
    {
     "hind": "5,99 €"
    }
   ]
  },
  {
   "product": "Küpsise-kohupiimatort kirssidega, MARTA PAGAR, 800 g",
   "url": "https://www.selver.ee/kupsise-kohupiimatort-kirssidega-marta-pagar-800-g",
   "hind": [
    {
     "hind": "9,99 €"
    }
   ]
  },
  {
   "product": "Näkileivad light, WASA, 270 g",
   "url": "https://www.selver.ee/nakileivad-light-wasa-270-g",
   "hind": [
    {
     "hind": "1,79 €"
    }
   ]
  },
  {
   "product": "Kirju kohupiimatort, EESTI PAGAR, 1,05 kg",
   "url": "https://www.selver.ee/kirju-kohupiimatort-eesti-pagar-1-05-kg",
   "hind": [
    {
     "hind": "8,99 €"
    }
   ]
  },
  {
   "product": "Jäätisetuutud, MARMITON, 110 g",
   "url": "https://www.selver.ee/jaatisetuutud-marmiton-110-g",
   "hind": [
    {
     "hind": "0,89 €"
    }
   ]
  },
  {
   "product": "Kringel kohupiima-kirsimoosiga, EUROPAGAR, 1 kg",
   "url": "https://www.selver.ee/kringel-kohupiima-kirsimoosiga-europagar-1-kg",
   "hind": [
    {
     "hind": "9,49 €"
    }
   ]
  },
  {
   "product": "Rabarberikook, EESTI PAGAR, 230 g",
   "url": "https://www.selver.ee/rabarberikook-eesti-pagar-230-g",
   "hind": [
    {
     "hind": "1,99 €"
    }
   ]
  },
  {
   "product": "Martsipani-kirsi stritsel, SELVERI PAGARID, 470-480 g",
   "url": "https://www.selver.ee/martsipani-kirsi-stritsel-selveri-pagarid-470-480-g",
   "hind": [
    {
     "hind": "2,79 €"
    }
   ]
  },
  {
   "product": "Kohupiimakook, EESTI PAGAR, 300 g",
   "url": "https://www.selver.ee/kohupiimakook-eesti-pagar-300-g",
   "hind": [
    {
     "hind": "2,79 €"
    }
   ]
  },
  {
   "product": "Karamellistritsel, EUROPAGAR, 350 g",
   "url": "https://www.selver.ee/karamellistritsel-europagar-350-g",
   "hind": [
    {
     "hind": "2,99 €"
    }
   ]
  },
  {
   "product": "Baguette, SELVERI PAGARID, 220 g",
   "url": "https://www.selver.ee/baguette-selveri-pagarid-220-g",
   "hind": [
    {
     "hind": "0,99 €"
    }
   ]
  },
  {
   "product": "Muretainas, SELVERI KÖÖK, 500 g",
   "url": "https://www.selver.ee/muretaigen-selveri-kook-500-g",
   "hind": [
    {
     "hind": "1,99 €"
    }
   ]
  },
  {
   "product": "Kohupiima keeks, ELTRUM, 300 g",
   "url": "https://www.selver.ee/kohupiima-keeks-eltrum-300-g",
   "hind": [
    {
     "hind": "1,99 €"
    }
   ]
  },
  {
   "product": "Gluteenivaba viilutatud sai seemnetega Vital, SCHÄR, 350 g",
   "url": "https://www.selver.ee/gluteenivaba-viilutatud-sai-seemnetega-vital-schar-350-g",
   "hind": [
    {
     "hind": "3,99 €"
    }
   ]
  },
  {
   "product": "Cannoli`d kohupiimaga, MARTA PAGAR, 150 g",
   "url": "https://www.selver.ee/cannoli-d-kohupiimaga-marta-pagar-150-g",
   "hind": [
    {
     "hind": "3,49 €"
    }
   ]
  },
  {
   "product": "Õuna Brita, GUSTAV, 400 g",
   "url": "https://www.selver.ee/ouna-beseekook-gustav-400-g",
   "hind": [
    {
     "hind": "6,39 €"
    }
   ]
  },
  {
   "product": "Trühvlikook, SELVERI KÖÖK, 360 g",
   "url": "https://www.selver.ee/truhvlikook-selveri-kook-350-g",
   "hind": [
    {
     "hind": "5,49 €"
    }
   ]
  },
  {
   "product": "Kook Nõhk, GUSTAV, 300 g",
   "url": "https://www.selver.ee/kook-nohk-gustav-300-g",
   "hind": [
    {
     "hind": "6,69 €"
    }
   ]
  },
  {
   "product": "Ahjuõunakook laktoosivaba, EUROPAGAR, 350 g",
   "url": "https://www.selver.ee/ahjuounakook-laktoosivaba-europagar-350-g",
   "hind": [
    {
     "hind": "2,99 €"
    }
   ]
  },
  {
   "product": "Fitcake, FITCAKE, 385 g",
   "url": "https://www.selver.ee/fitcake-fitcake-385-g",
   "hind": [
    {
     "hind": "4,39 €"
    }
   ]
  },
  {
   "product": "Pavlova beseekoogi põhjad, REVAL KONDIITER, 8x22g",
   "url": "https://www.selver.ee/pavlova-beseekoogi-pohjad-reval-kondiiter-8x22g",
   "hind": [
    {
     "hind": "2,99 €"
    }
   ]
  },
  {
   "product": "Šokolaadikook, ERIK ORGU, 325 g",
   "url": "https://www.selver.ee/sokolaadikook-erik-orgu-325-g",
   "hind": [
    {
     "hind": "4,99 €"
    }
   ]
  },
  {
   "product": "Kohupiima-vahukoorekook kama ja pohladega, GUSTAV, 500 g",
   "url": "https://www.selver.ee/kohupiima-vahukoorekook-kama-ja-pohladega-gustav-500-g",
   "hind": [
    {
     "hind": "7,49 €"
    }
   ]
  },
  {
   "product": "Kook Sipelgapesa, OLD TOWN BAKERY, 950 g",
   "url": "https://www.selver.ee/kook-sipelgapesa-old-town-bakery-950-g",
   "hind": [
    {
     "hind": "9,49 €"
    }
   ]
  },
  {
   "product": "Täidisega kringel, PAGARIPOISID, 1 kg",
   "url": "https://www.selver.ee/taidisega-kringel-pagaripoisid-1-kg",
   "hind": [
    {
     "hind": "6,99 €"
    }
   ]
  },
  {
   "product": "Otto tort, PAGARINI, 540 g",
   "url": "https://www.selver.ee/oreo-tort-pagarini-540-g",
   "hind": [
    {
     "hind": "9,99 €"
    }
   ]
  },
  {
   "product": "Vaarika-šokolaaditort, PAGARIPOISID, 430 g",
   "url": "https://www.selver.ee/vaarika-sokolaaditort-pagaripoisid-430-g",
   "hind": [
    {
     "hind": "7,49 €"
    }
   ]
  },
  {
   "product": "Juustustritsel, SELVERI PAGARID, 320-330 g",
   "url": "https://www.selver.ee/juustustritsel-selveri-pagarid-330-g",
   "hind": [
    {
     "hind": "1,49 €"
    },
    {
     "hind": "1,89 €"
    }
   ]
  },
  {
   "product": "Vanaema õunakook, EESTI LEIVATÖÖSTUS, 400 g",
   "url": "https://www.selver.ee/vanaema-ounakook-eesti-leivatoostus-400-g",
   "hind": [
    {
     "hind": "4,29 €"
    }
   ]
  },
  {
   "product": "Belgia Vahvel, EESTI PAGAR, 100 g",
   "url": "https://www.selver.ee/belgia-vahvel-eesti-pagar-100-g",
   "hind": [
    {
     "hind": "0,99 €"
    }
   ]
  },
  {
   "product": "Tibulinnukook, PAGARIPOISID, 360 g",
   "url": "https://www.selver.ee/tibulinnukook-pagaripoisid-360-g",
   "hind": [
    {
     "hind": "3,49 €"
    }
   ]
  },
  {
   "product": "Napoleoni tort, PAGARIPOISID, 1,3 kg",
   "url": "https://www.selver.ee/napoleoni-tort-pagaripoisid-1-3-kg",
   "hind": [
    {
     "hind": "7,49 €"
    }
   ]
  },
  {
   "product": "Kakao-kirsirull, PAGARIPOISID, 400 g",
   "url": "https://www.selver.ee/kakao-kirsirull-pagaripoisid-400-g",
   "hind": [
    {
     "hind": "5,99 €"
    }
   ]
  },
  {
   "product": "Moonipärg (täidetud), EUROPAGAR, 1 kg",
   "url": "https://www.selver.ee/mooniparg-taidetud-europagar-1-kg",
   "hind": [
    {
     "hind": "9,49 €"
    }
   ]
  },
  {
   "product": "Minikookide kinkekarp 16 tk, REVAL KONDIITER, 328 g",
   "url": "https://www.selver.ee/minikookide-kinkekarp-16-tk-reval-kondiiter-328-g",
   "hind": [
    {
     "hind": "6,99 €"
    }
   ]
  },
  {
   "product": "Rabarberi-kohupiima ahjutort, GUSTAV, 680 g",
   "url": "https://www.selver.ee/rabarberi-kohupiima-ahjutort-gustav-680-g",
   "hind": [
    {
     "hind": "6,49 €"
    }
   ]
  },
  {
   "product": "Suur hele riisipirukas 9tk, SAARIOINEN, 630 g",
   "url": "https://www.selver.ee/suur-hele-riisipirukas-9tk-saarioinen-630-g",
   "hind": [
    {
     "hind": "3,49 €"
    }
   ]
  },
  {
   "product": "Küpsisetainas kolme juustuga, VAN KOOK, 400 g",
   "url": "https://www.selver.ee/kupsisetainas-kolme-juustuga-van-kook-450-g",
   "hind": [
    {
     "hind": "3,29 €"
    }
   ]
  },
  {
   "product": "Mustsõstra-pavlova rullkook, GOURMET CLUB, 540 g",
   "url": "https://www.selver.ee/mustsostra-pavlova-rullkook-gourmet-club-540-g",
   "hind": [
    {
     "hind": "9,19 €"
    }
   ]
  },
  {
   "product": "Kirsi-kohupiima ampsukas, EESTI LEIVATÖÖSTUS, 100 g",
   "url": "https://www.selver.ee/kirsi-kohupiima-ampsukas-hagar-100-g",
   "hind": [
    {
     "hind": "1,19 €"
    }
   ]
  },
  {
   "product": "Rosina-õuna-kaneeli stritsel, SELVERI PAGARID, 470-480 g",
   "url": "https://www.selver.ee/rosina-ouna-kaneeli-stritsel-selveri-pagarid-480-g",
   "hind": [
    {
     "hind": "2,06 €"
    }
   ]
  },
  {
   "product": "Näkileib tomati ja Mozarella, Dr. Karg, 200 g",
   "url": "https://www.selver.ee/nakileib-tomati-ja-mozarella-dr-karg-200-g",
   "hind": [
    {
     "hind": "2,49 €"
    }
   ]
  },
  {
   "product": "Kohupiima-vaarikarulltort, GUSTAV, 670 g",
   "url": "https://www.selver.ee/kohupiima-vaarikarulltort-gustav-670-g",
   "hind": [
    {
     "hind": "8,49 €"
    }
   ]
  },
  {
   "product": "Marmorkeeks, KUCHENMEISTER, 400 g",
   "url": "https://www.selver.ee/marmorkeeks-kuchenmeister-400-g",
   "hind": [
    {
     "hind": "2,79 €"
    }
   ]
  },
  {
   "product": "Tosca pidulik, PAGARIPOISID, 1kg",
   "url": "https://www.selver.ee/tosca-pidulik-pagaripoisid-1kg",
   "hind": [
    {
     "hind": "9,99 €"
    }
   ]
  },
  {
   "product": "Soolased salatikorvikesed, FLORA, 140g",
   "url": "https://www.selver.ee/soolased-salatikorvikesed-flora-140g",
   "hind": [
    {
     "hind": "2,79 €"
    }
   ]
  },
  {
   "product": "Gluteeni- ja laktoosivabad koogikesed, REVAL KONDIITER, 170 g",
   "url": "https://www.selver.ee/gluteeni-ja-laktoosivabad-koogikesed-reval-kondiiter-170-g",
   "hind": [
    {
     "hind": "3,39 €"
    }
   ]
  },
  {
   "product": "Lepatriinu tort, PIHLAKA, 600 g",
   "url": "https://www.selver.ee/lepatriinu-tort-pihlaka-600-g",
   "hind": [
    {
     "hind": "7,99 €"
    }
   ]
  },
  {
   "product": "Šokokeeks, EESTI PAGAR, 250 g",
   "url": "https://www.selver.ee/sokokeeks-eesti-pagar-250-g",
   "hind": [
    {
     "hind": "1,35 €"
    }
   ]
  },
  {
   "product": "Mini muretaignakorvike 16tk.",
   "url": "https://www.selver.ee/mini-muretaignakorvike-16tk",
   "hind": [
    {
     "hind": "2,69 €"
    }
   ]
  },
  {
   "product": "New York Cheesecake mini, SMACKERS, 500 g",
   "url": "https://www.selver.ee/new-york-cheesecake-mini-smackers-500-g",
   "hind": [
    {
     "hind": "6,99 €"
    }
   ]
  },
  {
   "product": "Kohupiima-apelsini stritsel, SELVERI PAGARID, 480-490 g",
   "url": "https://www.selver.ee/kohupiima-apelsini-stritsel-selveri-pagarid-490-g",
   "hind": [
    {
     "hind": "2,69 €"
    }
   ]
  },
  {
   "product": "Südametort, PAGARIPOISID, 400 g",
   "url": "https://www.selver.ee/sudametort-pagaripoisid-400-g",
   "hind": [
    {
     "hind": "7,49 €"
    }
   ]
  },
  {
   "product": "Soolane muretaigen, Hagar, 500g",
   "url": "https://www.selver.ee/soolane-muretaigen-hagar-500g",
   "hind": [
    {
     "hind": "2,39 €"
    }
   ]
  },
  {
   "product": "Talusai, SELVERI PAGARID, ca 745 g",
   "url": "https://www.selver.ee/talusai-selveri-pagarid-ca-745-g",
   "hind": [
    {
     "hind": "2,99 €"
    }
   ]
  },
  {
   "product": "Fitcake Ricotta-Banaani-Mustika kook, EESTI LEIVATÖÖSTUS, 400 g",
   "url": "https://www.selver.ee/fitcake-ricotta-banaani-mustika-kook-eesti-leivatoostus-400-g",
   "hind": [
    {
     "hind": "5,49 €"
    }
   ]
  },
  {
   "product": "Kohupiima-vaarikakook sidrunikreemiga, GOURMET CLUB, 650 g",
   "url": "https://www.selver.ee/poldmarja-kohupiima-tarte-gourmet-club-650-g",
   "hind": [
    {
     "hind": "8,99 €"
    }
   ]
  },
  {
   "product": "Mangotort chia seemnetega, VAN KOOK, 900 g",
   "url": "https://www.selver.ee/mangotort-chia-seemnetega-van-kook-900-g",
   "hind": [
    {
     "hind": "13,99 €"
    }
   ]
  },
  {
   "product": "Hele tordipõhi 3-kihiline, KUCHENMEISTER, 400 g",
   "url": "https://www.selver.ee/hele-tordipohi-3-kihiline-kuchenmeister-400-g",
   "hind": [
    {
     "hind": "2,99 €"
    }
   ]
  },
  {
   "product": "Singi-juustustritsel, SELVERI PAGARID, 440-450 g",
   "url": "https://www.selver.ee/singi-juustustritsel-selveri-pagarid-450-g",
   "hind": [
    {
     "hind": "3,23 €"
    }
   ]
  },
  {
   "product": "Kohupiimakringel, EESTI PAGAR, 500 g",
   "url": "https://www.selver.ee/kohupiimakringel-eesti-pagar-500-g",
   "hind": [
    {
     "hind": "4,09 €"
    }
   ]
  },
  {
   "product": "Mooni rõngassai, ELTRUM, 350g",
   "url": "https://www.selver.ee/mooni-rongassai-eltrum-350g",
   "hind": [
    {
     "hind": "1,59 €"
    }
   ]
  },
  {
   "product": "Juustukolmnurgad, FLORA, 115g",
   "url": "https://www.selver.ee/juustukolmnurgad-flora-115g",
   "hind": [
    {
     "hind": "2,79 €"
    }
   ]
  },
  {
   "product": "HULGI Must näkileib päevalilleseemnetega 4tk, FAZER, 4 x 150 g",
   "url": "https://www.selver.ee/hulgi-must-nakileib-paevalilleseemnetega-4tk-fazer-4-x-150-g",
   "hind": [
    {
     "hind": "4,00 €"
    }
   ]
  },
  {
   "product": "Rabarberitosca, REVAL KONDIITER, 700g",
   "url": "https://www.selver.ee/rabarberitosca-reval-kondiiter-700g",
   "hind": [
    {
     "hind": "8,99 €"
    }
   ]
  },
  {
   "product": "Baileyse Soolakaramelli Trühvlikook, GOURMET CLUB, 650 g",
   "url": "https://www.selver.ee/truhvli-krokaant-kook-gourmet-club-685-g",
   "hind": [
    {
     "hind": "12,49 €"
    }
   ]
  },
  {
   "product": "Maasika-rabarberi kohupiimakook. Laktoosivaba, REVAL KONDIITER, 600 g",
   "url": "https://www.selver.ee/maasika-rabarberi-kohupiimakook-laktoosivaba-reval-kondiiter-600-g",
   "hind": [
    {
     "hind": "8,39 €"
    }
   ]
  },
  {
   "product": "Puuviljakeeks, KUCHENMEISTER, 400 g",
   "url": "https://www.selver.ee/puuviljakeeks-kuchenmeister-400-g",
   "hind": [
    {
     "hind": "2,79 €"
    }
   ]
  },
  {
   "product": "Muffin šokoaladiga, SCHÄR, 65 g",
   "url": "https://www.selver.ee/muffin-sokoaladiga-schar-65-g",
   "hind": [
    {
     "hind": "1,39 €"
    }
   ]
  },
  {
   "product": "Soolased lusikakesed, OLD TOWN BAKERY, 200 g",
   "url": "https://www.selver.ee/soolased-lusikakesed-old-town-bakery-200-g",
   "hind": [
    {
     "hind": "3,59 €"
    }
   ]
  },
  {
   "product": "Beseepõhjad 2tk.",
   "url": "https://www.selver.ee/beseepohjad-2tk",
   "hind": [
    {
     "hind": "2,79 €"
    }
   ]
  },
  {
   "product": "Muffin Magdalenas, SCHÄR, 4x50 g",
   "url": "https://www.selver.ee/muffin-magdalenas-schar-4x50-g",
   "hind": [
    {
     "hind": "3,69 €"
    }
   ]
  },
  {
   "product": "Tort Armastus, GUSTAV, 700 g",
   "url": "https://www.selver.ee/tort-armastus-gustav-700-g",
   "hind": [
    {
     "hind": "18,99 €"
    }
   ]
  },
  {
   "product": "Brita kihiline beseekook vaarikate ja vahukoorega, SELVERI KÖÖK, 540 g",
   "url": "https://www.selver.ee/brita-kihiline-beseekook-vaarikate-ja-vahukoorega-selveri-kook-540-g",
   "hind": [
    {
     "hind": "6,99 €"
    }
   ]
  },
  {
   "product": "Tallinna plaadikook Belgia šokolaadiga, SELVERI KÖÖK, 430 g",
   "url": "https://www.selver.ee/tallinna-plaadikook-belgia-sokolaadiga-selveri-kook-430-g",
   "hind": [
    {
     "hind": "4,19 €"
    }
   ]
  }
 ]
}