{
 "name": "Piimatooted, munad, võid",
 "info": [
  {
   "product": "Piim 2,5% kiles, ALMA, 1 l",
   "url": "https://www.selver.ee/piim-2-5-kiles-alma-1-l",
   "hind": [
    {
     "hind": "0,59 €"
    }
   ]
  },
  {
   "product": "Piim 2,5%, ALMA, 1,5 l",
   "url": "https://www.selver.ee/piim-2-5-alma-1-5-l",
   "hind": [
    {
     "hind": "0,99 €"
    }
   ]
  },
  {
   "product": "Hapukoor 20% kiles, ALMA, 500 g",
   "url": "https://www.selver.ee/hapukoor-20-kiles-alma-500-g",
   "hind": [
    {
     "hind": "0,99 €"
    }
   ]
  },
  {
   "product": "Täispiim 3,8%-4,2%, FARMI, 2 l",
   "url": "https://www.selver.ee/taispiim-3-8-4-2-farmi-2-l",
   "hind": [
    {
     "hind": "1,39 €"
    }
   ]
  },
  {
   "product": "Kohupiima juustuke vanilla, KARUMS, 45 g",
   "url": "https://www.selver.ee/kohupiima-juustuke-vanilla-karums-45-g",
   "hind": [
    {
     "hind": "0,39 €"
    }
   ]
  },
  {
   "product": "Munad M10, SELVER, 10 tk, valged munad",
   "url": "https://www.selver.ee/munad-m10-selver-10-tk",
   "hind": [
    {
     "hind": "1,09 €"
    }
   ]
  },
  {
   "product": "Hapukoor 20%, FARMI, 500 g",
   "url": "https://www.selver.ee/hapukoor-20-500g-farmi",
   "hind": [
    {
     "hind": "0,89 €"
    }
   ]
  },
  {
   "product": "Kohvikoor 10%, TERE, 380 ml",
   "url": "https://www.selver.ee/kohvikoor-10-tere-380-ml",
   "hind": [
    {
     "hind": "0,59 €"
    }
   ]
  },
  {
   "product": "Suured munad L10, EGGO, 10 tk, valged munad",
   "url": "https://www.selver.ee/suured-munad-l10-eggo-10-tk",
   "hind": [
    {
     "hind": "1,59 €"
    }
   ]
  },
  {
   "product": "MO Saaremaa või, SAAREMAA, 200 g",
   "url": "https://www.selver.ee/voi-82-saaremaa-200-g",
   "hind": [
    {
     "hind": "1,99 €"
    }
   ]
  },
  {
   "product": "Piim 2,5% pure, ALMA, 1 l",
   "url": "https://www.selver.ee/piim-2-5-pure-alma-1-l",
   "hind": [
    {
     "hind": "0,79 €"
    }
   ]
  },
  {
   "product": "Kohvikoor 10%, ALMA, 380 ml",
   "url": "https://www.selver.ee/kohvikoor-10-alma-380-ml",
   "hind": [
    {
     "hind": "0,65 €"
    }
   ]
  },
  {
   "product": "Hapukoor 20% kiles, ALMA, 250 g",
   "url": "https://www.selver.ee/hapukoor-20-kiles-alma-250-g",
   "hind": [
    {
     "hind": "0,75 €"
    }
   ]
  },
  {
   "product": "Keefir 2,5%, VALIO GEFILUS, 1 kg",
   "url": "https://www.selver.ee/keefir-2-5-valio-gefilus-1-kg",
   "hind": [
    {
     "hind": "0,95 €"
    }
   ]
  },
  {
   "product": "Vahukoor 35%, ALMA, 400 ml",
   "url": "https://www.selver.ee/vahukoor-35-alma-400-ml",
   "hind": [
    {
     "hind": "1,55 €"
    }
   ]
  },
  {
   "product": "Kohvikoor 10%, TERE, 200 ml",
   "url": "https://www.selver.ee/kohvikoor-10-tere-200-ml",
   "hind": [
    {
     "hind": "0,29 €"
    }
   ]
  },
  {
   "product": "Eesti taluvõi 82%, ESTOVER, 150 g",
   "url": "https://www.selver.ee/eesti-taluvoi-82-estover-150-g",
   "hind": [
    {
     "hind": "1,59 €"
    }
   ]
  },
  {
   "product": "Sulatatud juust, MEREVAIK, 200 g",
   "url": "https://www.selver.ee/sulatatud-juust-merevaik-200-g",
   "hind": [
    {
     "hind": "1,35 €"
    }
   ]
  },
  {
   "product": "Või 82%, TERE, 200 g",
   "url": "https://www.selver.ee/voi-82-tere-200-g",
   "hind": [
    {
     "hind": "1,99 €"
    }
   ]
  },
  {
   "product": "Täispiim pure, FARMI, 1 l",
   "url": "https://www.selver.ee/taispiim-pure-farmi-1-l",
   "hind": [
    {
     "hind": "0,99 €"
    }
   ]
  },
  {
   "product": "Eesti või 82%, E-PIIM, 250 g",
   "url": "https://www.selver.ee/eesti-voi-82-e-piim-250-g",
   "hind": [
    {
     "hind": "2,69 €"
    }
   ]
  },
  {
   "product": "Kohupiima juustuke šokolaadi, KARUMS, 45 g",
   "url": "https://www.selver.ee/kohupiima-juustuke-sokolaadi-karums-45-g",
   "hind": [
    {
     "hind": "0,39 €"
    }
   ]
  },
  {
   "product": "Piim 2,5%, TERE, 1 l",
   "url": "https://www.selver.ee/piim-2-5-tere-1-l-2",
   "hind": [
    {
     "hind": "0,79 €"
    }
   ]
  },
  {
   "product": "Keefir 2,5%, ALMA, 1 kg",
   "url": "https://www.selver.ee/keefir-2-5-alma-1-kg",
   "hind": [
    {
     "hind": "0,59 €"
    }
   ]
  },
  {
   "product": "Piim D-vitamiiniga laktoosivaba, TERE, 1 L",
   "url": "https://www.selver.ee/piim-d-vitamiiniga-laktoosivaba-tere-1-l",
   "hind": [
    {
     "hind": "1,15 €"
    }
   ]
  },
  {
   "product": "Glasuurkohuke Classic vanilli multipakk, TERE, 7x43 g",
   "url": "https://www.selver.ee/glasuurkohuke-classic-vanilli-multipakk-tere-7x43-g",
   "hind": [
    {
     "hind": "2,49 €"
    }
   ]
  },
  {
   "product": "Glasuurkohuke Classic vanilli, TERE, 43 g",
   "url": "https://www.selver.ee/glasuurkohuke-classic-vanilli-tere-43-g",
   "hind": [
    {
     "hind": "0,39 €"
    }
   ]
  },
  {
   "product": "Piim 2,5%, ALMA, 0,5 l",
   "url": "https://www.selver.ee/piim-2-5-alma-0-5-l",
   "hind": [
    {
     "hind": "0,49 €"
    }
   ]
  },
  {
   "product": "Toidukoor 20%, ALMA, 400 ml",
   "url": "https://www.selver.ee/toidukoor-20-alma-400-ml",
   "hind": [
    {
     "hind": "1,29 €"
    }
   ]
  },
  {
   "product": "Kodujuust 5%, ALMA, 380 g",
   "url": "https://www.selver.ee/kodujuust-5-alma-380-g",
   "hind": [
    {
     "hind": "1,49 €"
    }
   ]
  },
  {
   "product": "Kohupiimakreem mustikakisselliga, EMMA, 150 g",
   "url": "https://www.selver.ee/mustikakissell-kohupiimaga-emma-150-g",
   "hind": [
    {
     "hind": "0,79 €"
    }
   ]
  },
  {
   "product": "ÖKO Mahetäispiim 4,0 - 4,4%, MO SAAREMAA, 1 l",
   "url": "https://www.selver.ee/oko-mahetaispiim-4-0-4-4-mo-saaremaa-1-l",
   "hind": [
    {
     "hind": "1,09 €"
    }
   ]
  },
  {
   "product": "Kohupiimakreem vanilli 2,5%, ALMA, 300 g",
   "url": "https://www.selver.ee/kohupiimakreem-vanilli-2-5-alma-300-g",
   "hind": [
    {
     "hind": "1,09 €"
    }
   ]
  },
  {
   "product": "Hapukoor 20% laktoosivaba, TERE, 300 g",
   "url": "https://www.selver.ee/hapukoor-20-laktoosivaba-tere-300-g",
   "hind": [
    {
     "hind": "1,19 €"
    }
   ]
  },
  {
   "product": "Täispiim 3,8-4,2%, ALMA, 1 l",
   "url": "https://www.selver.ee/taispiim-3-8-4-2-alma-1-l",
   "hind": [
    {
     "hind": "0,99 €"
    }
   ]
  },
  {
   "product": "Magus kohupiim vanilliga, TERE, 200 g",
   "url": "https://www.selver.ee/magus-kohupiim-vanilliga-tere-200-g",
   "hind": [
    {
     "hind": "0,89 €"
    }
   ]
  },
  {
   "product": "Õrrekanade munad, SELVER, 10tk",
   "url": "https://www.selver.ee/orrekanade-munad-selver-10tk",
   "hind": [
    {
     "hind": "1,89 €"
    }
   ]
  },
  {
   "product": "Kohupiim Ricotta, PIIMAMEISTER OTTO, 200 g",
   "url": "https://www.selver.ee/kohupiim-ricotta-8-piimameister-otto-200-g",
   "hind": [
    {
     "hind": "0,39 €"
    }
   ]
  },
  {
   "product": "Vahukoor 35%, TERE, 200 ml",
   "url": "https://www.selver.ee/vahukoor-35-tere-200-ml",
   "hind": [
    {
     "hind": "0,85 €"
    }
   ]
  },
  {
   "product": "Glasuurkohuke kookose, KARUMS, 45 g",
   "url": "https://www.selver.ee/glasuurkohuke-kookose-karums-45-g",
   "hind": [
    {
     "hind": "0,39 €"
    }
   ]
  },
  {
   "product": "Kodujuust 5%, ALMA, 500 g",
   "url": "https://www.selver.ee/kodujuust-5-alma-500-g",
   "hind": [
    {
     "hind": "1,99 €"
    }
   ]
  },
  {
   "product": "Kohupiimakreem kakao, EMMA, 150 g",
   "url": "https://www.selver.ee/kohupiimakreem-kakao-emma-150-g",
   "hind": [
    {
     "hind": "0,85 €"
    }
   ]
  },
  {
   "product": "Või 82%, SELVER, 200 g",
   "url": "https://www.selver.ee/voi-82-selver-200-g",
   "hind": [
    {
     "hind": "1,49 €"
    }
   ]
  },
  {
   "product": "Kohupiimadessert šokolaaditäidisega, JEPPI, 38 g",
   "url": "https://www.selver.ee/kohup-dessert-shokol-taidisega-jeppi-38-g",
   "hind": [
    {
     "hind": "0,23 €"
    }
   ]
  },
  {
   "product": "Glasuurkohukese multipakk jõhvika, TERE, 5x43 g",
   "url": "https://www.selver.ee/glasuurkohukese-multipakk-johvika-tere-5x43-g",
   "hind": [
    {
     "hind": "1,49 €"
    }
   ]
  },
  {
   "product": "Koorevõi 82%, FARMI, 150 g",
   "url": "https://www.selver.ee/koorevoi-82-farmi-150-g",
   "hind": [
    {
     "hind": "1,29 €"
    }
   ]
  },
  {
   "product": "Kohuke Toffe, SAARE, 40 g",
   "url": "https://www.selver.ee/kohuke-toffe-saare-40-g",
   "hind": [
    {
     "hind": "0,39 €"
    }
   ]
  },
  {
   "product": "Kohupiim 5%, TERE, 200 g",
   "url": "https://www.selver.ee/kohupiim-5-tere-200-g",
   "hind": [
    {
     "hind": "0,89 €"
    }
   ]
  },
  {
   "product": "Glasuurkohuke Classic mustika, TERE, 43 g",
   "url": "https://www.selver.ee/glasuurkohuke-classic-mustika-tere-43-g",
   "hind": [
    {
     "hind": "0,39 €"
    }
   ]
  },
  {
   "product": "Vabalt peetavate kanade munad, SELVER, 10 tk",
   "url": "https://www.selver.ee/vabalt-peetavate-kanade-munad-selver-10-tk",
   "hind": [
    {
     "hind": "2,19 €"
    }
   ]
  },
  {
   "product": "Keefir 2,5%, HELLUS, 1 kg",
   "url": "https://www.selver.ee/keefir-2-5-hellus-1-kg",
   "hind": [
    {
     "hind": "0,95 €"
    }
   ]
  },
  {
   "product": "Kohupiimapasta vanilje, TERE, 300 g",
   "url": "https://www.selver.ee/kohupiimapasta-vanilje-tere-300-g",
   "hind": [
    {
     "hind": "1,19 €"
    }
   ]
  },
  {
   "product": "Kodujuust klassikaline, PIIMAMEISTER OTTO, 440 g",
   "url": "https://www.selver.ee/kodujuust-klassikaline-piimameister-otto-440-g",
   "hind": [
    {
     "hind": "1,79 €"
    }
   ]
  },
  {
   "product": "Jogurt šokolaadirõngastega, ALMA, 150 g",
   "url": "https://www.selver.ee/jogurt-shokolaadirongastega-alma-150-g",
   "hind": [
    {
     "hind": "0,89 €"
    }
   ]
  },
  {
   "product": "Kodujuust murakamoosiga 5%, ALMA, 200 g",
   "url": "https://www.selver.ee/kodujuust-murakamoosiga-5-alma-200-g",
   "hind": [
    {
     "hind": "1,59 €"
    }
   ]
  },
  {
   "product": "Tere Piim 1,8%, TERE, 1,5 l",
   "url": "https://www.selver.ee/tere-piim-1-8-tere-1-5-l",
   "hind": [
    {
     "hind": "0,95 €"
    }
   ]
  },
  {
   "product": "Kohupiimakreem rabarberikisselliga, EMMA, 150 g",
   "url": "https://www.selver.ee/rabarberikissell-kohupiimaga-emma-150-g",
   "hind": [
    {
     "hind": "0,79 €"
    }
   ]
  },
  {
   "product": "Või soolakristallidega 80%, SAAREMAA, 200 g",
   "url": "https://www.selver.ee/voi-soolakristallidega-80-saaremaa-200-g",
   "hind": [
    {
     "hind": "2,29 €"
    }
   ]
  },
  {
   "product": "Hapukoor 10%, FARMI, 500 g",
   "url": "https://www.selver.ee/hapukoor-10-farmi-500-g",
   "hind": [
    {
     "hind": "0,99 €"
    }
   ]
  },
  {
   "product": "Kodujuust 5%, ALMA, 200 g",
   "url": "https://www.selver.ee/kodujuust-5-alma-200-g",
   "hind": [
    {
     "hind": "1,09 €"
    }
   ]
  },
  {
   "product": "Biskviitkook Kinder Maxi King, KINDER, 35 g",
   "url": "https://www.selver.ee/biskviitkook-kinder-maxi-king-kinder-35-g",
   "hind": [
    {
     "hind": "0,69 €"
    }
   ]
  },
  {
   "product": "Kohupiimadessert vaarikatäidisega, JEPPI, 38 g",
   "url": "https://www.selver.ee/kohupiimadessert-vaarikataidisega-jeppi-38-g",
   "hind": [
    {
     "hind": "0,23 €"
    }
   ]
  },
  {
   "product": "Lahja kohupiim vanilliiniga, FARMI, 200 g",
   "url": "https://www.selver.ee/lahja-kohupiim-vanilliiniga-farmi-200-g",
   "hind": [
    {
     "hind": "0,89 €"
    }
   ]
  },
  {
   "product": "Piimajook 1,5%, VALIO EILA, 1 l",
   "url": "https://www.selver.ee/piimajook-1-5-valio-eila-1-l",
   "hind": [
    {
     "hind": "1,99 €"
    }
   ]
  },
  {
   "product": "Kohupiimadessert valge glasuuri ja vaarikaitäidisega, JEPPI, 38 g",
   "url": "https://www.selver.ee/kohup-dessert-valge-glasuuri-vaarikataidisega-jeppi",
   "hind": [
    {
     "hind": "0,23 €"
    }
   ]
  },
  {
   "product": "Vahukoor 35%, ALMA, 200 ml",
   "url": "https://www.selver.ee/vahukoor-35-alma-200-ml",
   "hind": [
    {
     "hind": "0,89 €"
    }
   ]
  },
  {
   "product": "Kohupiimakreem 3%, ALMA, 300 g",
   "url": "https://www.selver.ee/kohupiimakreem-3-alma-300-g",
   "hind": [
    {
     "hind": "1,19 €"
    }
   ]
  },
  {
   "product": "Köögikoor 15%, FARMI, 400 g",
   "url": "https://www.selver.ee/koogikoor-15-farmi-400-g",
   "hind": [
    {
     "hind": "0,99 €"
    }
   ]
  },
  {
   "product": "Kohuke vanilli (laktoosivaba), SAARE, 40 g",
   "url": "https://www.selver.ee/kohuke-vanilli-laktoosivaba-saare-40-g",
   "hind": [
    {
     "hind": "0,39 €"
    }
   ]
  },
  {
   "product": "Või 82%, VALIO VIOLA, 200g",
   "url": "https://www.selver.ee/voi-82-valio-viola-200g",
   "hind": [
    {
     "hind": "1,99 €"
    }
   ]
  },
  {
   "product": "Kreeka jogurt maitsestamata, ALMA, 370 g",
   "url": "https://www.selver.ee/kreeka-jogurt-maitsestamata-alma-370-g",
   "hind": [
    {
     "hind": "1,29 €"
    }
   ]
  },
  {
   "product": "Kreeka jogurt 10%, SAARE, 380 g",
   "url": "https://www.selver.ee/kreeka-jogurt-10-saare-380-g",
   "hind": [
    {
     "hind": "1,19 €"
    }
   ]
  },
  {
   "product": "Vanillimaitseline kohupiimadessert, JEPPI, 38 g",
   "url": "https://www.selver.ee/kohupiimadessert-vanillimaitsel-jeppi-38-g",
   "hind": [
    {
     "hind": "0,23 €"
    }
   ]
  },
  {
   "product": "Kohuke šokolaaditükkidega, SAARE, 40 g",
   "url": "https://www.selver.ee/kohuke-sokolaaditukkidega-saare-40-g",
   "hind": [
    {
     "hind": "0,39 €"
    }
   ]
  },
  {
   "product": "Vahukoor 35%, TERE, 400 ml",
   "url": "https://www.selver.ee/vahukoor-35-tere-400-ml",
   "hind": [
    {
     "hind": "1,59 €"
    }
   ]
  },
  {
   "product": "Keefir 2,5%, VALIO GEFILUS, 500 g",
   "url": "https://www.selver.ee/keefir-2-5-valio-gefilus-500-g",
   "hind": [
    {
     "hind": "0,79 €"
    }
   ]
  },
  {
   "product": "Kohupiimakreem vaarikakisselliga, EMMA, 150 g",
   "url": "https://www.selver.ee/vaarikakissell-kohupiimaga-emma-150-g",
   "hind": [
    {
     "hind": "0,79 €"
    }
   ]
  },
  {
   "product": "Vanillimaitseline kohupiim, SELVER, 200 g",
   "url": "https://www.selver.ee/vanillimaitseline-kohupiim-selver-200-g",
   "hind": [
    {
     "hind": "0,69 €"
    }
   ]
  },
  {
   "product": "Sulatatud juust murulauguga, MEREVAIK, 200 g",
   "url": "https://www.selver.ee/sulatatud-juust-murulauguga-merevaik-200-g",
   "hind": [
    {
     "hind": "1,59 €"
    }
   ]
  },
  {
   "product": "Mango kohuke glasuuris, KARUMS, 45 g",
   "url": "https://www.selver.ee/mango-kohuke-glasuuris-karums-45-g",
   "hind": [
    {
     "hind": "0,39 €"
    }
   ]
  },
  {
   "product": "Kollased Talumunad L, LINNU TALU, 10 tk",
   "url": "https://www.selver.ee/kollased-talumunad-l-linnu-talu-10-tk",
   "hind": [
    {
     "hind": "1,79 €"
    }
   ]
  },
  {
   "product": "Proteiinipuding valge šokolaadi-pähklimaitseline, VALIO PROFEEL, 150g",
   "url": "https://www.selver.ee/proteiinipuding-valge-sokolaadi-pahklimaitseline-valio-profeel-150g",
   "hind": [
    {
     "hind": "0,99 €"
    }
   ]
  },
  {
   "product": "Kinder Pingui kakao, KINDER, 4x30 g",
   "url": "https://www.selver.ee/kinder-pingui-kakao-kinder-4x30-g",
   "hind": [
    {
     "hind": "2,19 €"
    }
   ]
  },
  {
   "product": "Täispiim 3,8-4,2%, MO SAAREMAA, 1l",
   "url": "https://www.selver.ee/taispiim-3-8-4-2-mo-saaremaa-1l",
   "hind": [
    {
     "hind": "0,89 €"
    }
   ]
  },
  {
   "product": "Kollased Talumunad M, LINNU TALU, 10 tk",
   "url": "https://www.selver.ee/kollased-talumunad-m-linnu-talu-10-tk",
   "hind": [
    {
     "hind": "1,69 €"
    }
   ]
  },
  {
   "product": "Kodujuust 4%, TERE, 300 g",
   "url": "https://www.selver.ee/kodujuust-4-tere-300-g",
   "hind": [
    {
     "hind": "1,39 €"
    }
   ]
  },
  {
   "product": "Kohupiimakreem maasikakisselliga, TERE, 150 g",
   "url": "https://www.selver.ee/kohupiimakreem-maasikakisselliga-tere-150-g",
   "hind": [
    {
     "hind": "0,79 €"
    }
   ]
  },
  {
   "product": "Kodujuust soolakurgi ja tilli, ALMA, 200 g",
   "url": "https://www.selver.ee/kodujuust-soolakurgi-ja-tilli-alma-200-g",
   "hind": [
    {
     "hind": "1,29 €"
    }
   ]
  },
  {
   "product": "Kodujuust klassikaline, PIIMAMEISTER OTTO, 330 g",
   "url": "https://www.selver.ee/kodujuust-klassikaline-piimameister-otto-330-g",
   "hind": [
    {
     "hind": "1,39 €"
    }
   ]
  },
  {
   "product": "Emma Jogurt riisikuulidega šokolaadis, EMMA, 145 g",
   "url": "https://www.selver.ee/jogurt-mumuu-riisikuulidega-tere-145-g",
   "hind": [
    {
     "hind": "0,69 €"
    }
   ]
  },
  {
   "product": "Muna Liisa kanamunad L10, MUNALIISA, 10 tk",
   "url": "https://www.selver.ee/muna-liisa-kanamunad-l10-munaliisa-10-tk",
   "hind": [
    {
     "hind": "1,59 €"
    }
   ]
  },
  {
   "product": "Piim 3,5% kiles, ALMA, 1 l",
   "url": "https://www.selver.ee/piim-3-5-kiles-alma-1-l",
   "hind": [
    {
     "hind": "0,79 €"
    }
   ]
  },
  {
   "product": "Emma jäätisemaitseline jogurt kommidega, EMMA, 145 g",
   "url": "https://www.selver.ee/emma-jaatisemaitseline-jogurt-kommidega-145-g-emma-145-g",
   "hind": [
    {
     "hind": "0,69 €"
    }
   ]
  },
  {
   "product": "Toorjuust Classic, PHILADELPHIA, 200 g",
   "url": "https://www.selver.ee/toorjuust-classic-philadelphia-200-g",
   "hind": [
    {
     "hind": "2,19 €"
    }
   ]
  },
  {
   "product": "Kodujuust karulaugupestoga, TERE, 300 g",
   "url": "https://www.selver.ee/kodujuust-karulaugupestoga-tere-300-g",
   "hind": [
    {
     "hind": "1,29 €"
    }
   ]
  },
  {
   "product": "Lahja kohupiim 0,5%, SELVER, 200 g",
   "url": "https://www.selver.ee/lahja-kohupiim-0-5-selver-200-g",
   "hind": [
    {
     "hind": "0,69 €"
    }
   ]
  },
  {
   "product": "Kaerajook, TERE, 1l",
   "url": "https://www.selver.ee/kaerajook-tere-1l",
   "hind": [
    {
     "hind": "1,79 €"
    }
   ]
  },
  {
   "product": "Kohupiimakreem vanilli, EMMA, 150 g",
   "url": "https://www.selver.ee/kohupiimakreem-vanilli-emma-150-g",
   "hind": [
    {
     "hind": "0,85 €"
    }
   ]
  },
  {
   "product": "Kohupiim rosinatega, TERE, 200 g",
   "url": "https://www.selver.ee/kohupiim-rosinatega-tere-200-g",
   "hind": [
    {
     "hind": "0,89 €"
    }
   ]
  },
  {
   "product": "Keefir 2,5%, VALIO GEFILUS, 1,5 kg",
   "url": "https://www.selver.ee/keefir-2-5-valio-gefilus-1-5-kg",
   "hind": [
    {
     "hind": "1,29 €"
    }
   ]
  },
  {
   "product": "Kirsimaitseline tarretis, JÄNKS, 150 g",
   "url": "https://www.selver.ee/kirsimaitseline-tarretis-janks-150-g",
   "hind": [
    {
     "hind": "0,39 €"
    }
   ]
  },
  {
   "product": "Biskviitkook Kinder Pingui, KINDER, 30 g",
   "url": "https://www.selver.ee/biskviitkook-kinder-pingui-kinder-30-g",
   "hind": [
    {
     "hind": "0,69 €"
    }
   ]
  },
  {
   "product": "Koorene šokolaadi puding, FARMI, 230 g",
   "url": "https://www.selver.ee/koorene-sokolaadi-puding-farmi-230-g",
   "hind": [
    {
     "hind": "0,99 €"
    }
   ]
  },
  {
   "product": "Koorene vaniljepuding 4,9%, FARMI, 230 g",
   "url": "https://www.selver.ee/koorene-vaniljepuding-4-9-farmi-230-g",
   "hind": [
    {
     "hind": "0,99 €"
    }
   ]
  },
  {
   "product": "Kohupiimakreem metsmaasika, ALMA, 300 g",
   "url": "https://www.selver.ee/kohupiimakreem-metsmaasika-alma-300-g",
   "hind": [
    {
     "hind": "1,19 €"
    }
   ]
  },
  {
   "product": "Kiudainetega jogurt mango-spiruliina Laktoosivaba., HI!FIBER, 150 g",
   "url": "https://www.selver.ee/kiudainetega-jogurt-mango-spiruliina-laktoosivaba-hi-fiber-150-g",
   "hind": [
    {
     "hind": "0,75 €"
    }
   ]
  },
  {
   "product": "Proteiinipuding piimašokolaadimaitseline, VALIO PROFEEL, 150g",
   "url": "https://www.selver.ee/proteiinipuding-piimasokolaadimaitseline-valio-profeel-150g",
   "hind": [
    {
     "hind": "0,99 €"
    }
   ]
  },
  {
   "product": "Kohupiimakreem šokolaaditükkidega, ALMA, 150g",
   "url": "https://www.selver.ee/kohupiimakreem-sokolaaditukkidega-alma-150g",
   "hind": [
    {
     "hind": "0,79 €"
    }
   ]
  },
  {
   "product": "Kohupiimakreem jõhvikakisselliga, TERE, 150 g",
   "url": "https://www.selver.ee/kohupiimakreem-johvikakisselliga-tere-150-g",
   "hind": [
    {
     "hind": "0,79 €"
    }
   ]
  },
  {
   "product": "Kodujuust hapukoorega, PIIMAMEISTER OTTO, 330 g",
   "url": "https://www.selver.ee/kodujuust-hapukoorega-piimameister-otto-330-g",
   "hind": [
    {
     "hind": "1,39 €"
    }
   ]
  },
  {
   "product": "Kiudainetega jogurt virsiku-kurkumi Laktoosivaba., HI!FIBER, 150 g",
   "url": "https://www.selver.ee/kiudainetega-jogurt-virsiku-kurkumi-laktoosivaba-hi-fiber-150-g",
   "hind": [
    {
     "hind": "0,75 €"
    }
   ]
  },
  {
   "product": "Kreeka jogurt maitsestamata, ALMA, 180 g",
   "url": "https://www.selver.ee/kreeka-jogurt-maitsestamata-alma-180-g",
   "hind": [
    {
     "hind": "0,69 €"
    }
   ]
  },
  {
   "product": "Kondenspiim suhkruga, JAANI, 250 g",
   "url": "https://www.selver.ee/kondenspiim-suhkruga-jaani-250-g",
   "hind": [
    {
     "hind": "1,29 €"
    }
   ]
  },
  {
   "product": "Kollased munad M10, EGGO, 10 tk",
   "url": "https://www.selver.ee/kollased-munad-m10-eggo-10-tk",
   "hind": [
    {
     "hind": "1,89 €"
    }
   ]
  },
  {
   "product": "Sulatatud juust krevetiga, MEREVAIK, 200 g",
   "url": "https://www.selver.ee/sulatatud-juust-krevetiga-merevaik-200-g",
   "hind": [
    {
     "hind": "1,59 €"
    }
   ]
  },
  {
   "product": "Proteiinipuding Fit vanilli, TERE, 150 g",
   "url": "https://www.selver.ee/proteiinipuding-fit-vanilli-tere-150-g",
   "hind": [
    {
     "hind": "0,99 €"
    }
   ]
  },
  {
   "product": "Lahja kohupiim rosinatega, FARMI, 200 g",
   "url": "https://www.selver.ee/lahja-kohupiim-rosinatega-farmi-200-g",
   "hind": [
    {
     "hind": "0,89 €"
    }
   ]
  },
  {
   "product": "Proteiinipuding Fit kakao, TERE, 150 g",
   "url": "https://www.selver.ee/proteiinipuding-fit-kakao-tere-150-g",
   "hind": [
    {
     "hind": "0,99 €"
    }
   ]
  },
  {
   "product": "Hapendatud pett, FARMI, 1 kg",
   "url": "https://www.selver.ee/hapendatud-pett-farmi-1-kg-1",
   "hind": [
    {
     "hind": "0,99 €"
    }
   ]
  },
  {
   "product": "Kohuke kondenspiimatäidisega piimašokolaadiglasuuris, EMMA, 40g",
   "url": "https://www.selver.ee/kohuke-kondenspiimataidisega-piimasokolaadiglasuuris-emma-40g",
   "hind": [
    {
     "hind": "0,39 €"
    }
   ]
  },
  {
   "product": "Hapukoor 10%, ALMA, 250 g",
   "url": "https://www.selver.ee/hapukoor-10-alma-250-g",
   "hind": [
    {
     "hind": "0,59 €"
    }
   ]
  },
  {
   "product": "Proteiinipuding maasika-šokolaadimaitseline, VALIO PROFEEL, 150g",
   "url": "https://www.selver.ee/proteiinipuding-maasika-sokolaadimaitseline-valio-profeel-150g",
   "hind": [
    {
     "hind": "0,99 €"
    }
   ]
  },
  {
   "product": "Toorjuust, PIIMAMEISTER OTTO, 400 g",
   "url": "https://www.selver.ee/toorjuust-piimameister-otto-400-g",
   "hind": [
    {
     "hind": "2,59 €"
    }
   ]
  },
  {
   "product": "Sipsiku kohuke metsamarja täidisega ja jogurti glasuuriga, SAARE, 40 g",
   "url": "https://www.selver.ee/sipsiku-kohuke-metsamarja-taidisega-ja-jogurti-glasuuriga-saare-40-g",
   "hind": [
    {
     "hind": "0,39 €"
    }
   ]
  },
  {
   "product": "Jogurtijook Actimel maasika/mustika, ACTIMEL, 12 x 100 g",
   "url": "https://www.selver.ee/jogurtijook-actimel-maasika-mustika-danone-12-x-100-g",
   "hind": [
    {
     "hind": "3,99 €"
    }
   ]
  },
  {
   "product": "Joogijogurt metsamarjamaitseline, ALMA, 900 g",
   "url": "https://www.selver.ee/joogijogurt-metsamarjamaitseline-alma-900-g",
   "hind": [
    {
     "hind": "1,29 €"
    }
   ]
  },
  {
   "product": "Sulatatud juust röstitud kanaga, MEREVAIK, 200 g",
   "url": "https://www.selver.ee/sulatatud-juust-rostitud-kanaga-merevaik-200-g",
   "hind": [
    {
     "hind": "1,59 €"
    }
   ]
  },
  {
   "product": "Mahe kanamuna M, KIKERIKII ÖKOMUNA, 10 tk",
   "url": "https://www.selver.ee/mahe-kanamuna-m-kikerikii-okomuna-10-tk",
   "hind": [
    {
     "hind": "3,39 €"
    }
   ]
  },
  {
   "product": "Vanillipuding, TERE, 250 g",
   "url": "https://www.selver.ee/vanillipuding-tere-250-g",
   "hind": [
    {
     "hind": "1,09 €"
    }
   ]
  },
  {
   "product": "FIT glasuurkohuke vanilli magusainetega, FIT, 43 g",
   "url": "https://www.selver.ee/fit-glasuurkohuke-vanilli-magusainetega-fit-43-g",
   "hind": [
    {
     "hind": "0,45 €"
    }
   ]
  },
  {
   "product": "Nopri Kohoke, NOPRI, 100 g",
   "url": "https://www.selver.ee/nopri-kohoke-nopri-100-g",
   "hind": [
    {
     "hind": "0,79 €"
    }
   ]
  },
  {
   "product": "Metsmaasika jogurt 2%, SELVER, 1 kg",
   "url": "https://www.selver.ee/metsmaasika-jogurt-2-selver-1-kg",
   "hind": [
    {
     "hind": "1,29 €"
    }
   ]
  },
  {
   "product": "Kinder ChocoFresh T2, KINDER, 41 g",
   "url": "https://www.selver.ee/kinder-chocofresh-t2-kinder-41-g",
   "hind": [
    {
     "hind": "1,09 €"
    }
   ]
  },
  {
   "product": "Koorene kohuke murakas-sidrun, SAARE, 40 g",
   "url": "https://www.selver.ee/koorene-kohuke-murakas-sidrun-saare-40-g",
   "hind": [
    {
     "hind": "0,39 €"
    }
   ]
  },
  {
   "product": "Maitsestamata jogurt 2,5%, VALIO GEFILUS, 380 g",
   "url": "https://www.selver.ee/maitsestamata-jogurt-2-5-valio-gefilus-380-g",
   "hind": [
    {
     "hind": "1,19 €"
    }
   ]
  },
  {
   "product": "Kohupiimakreem rosinatega, EMMA, 150 g",
   "url": "https://www.selver.ee/kohupiimakreem-rosinatega-emma-150-g",
   "hind": [
    {
     "hind": "0,85 €"
    }
   ]
  },
  {
   "product": "Laktoosivaba kodujuust klassikaline, PIIMAMEISTER OTTO, 220g",
   "url": "https://www.selver.ee/laktoosivaba-kodujuust-klassikaline-piimameister-otto-220g",
   "hind": [
    {
     "hind": "1,09 €"
    }
   ]
  },
  {
   "product": "Kohupiimakreem crème brulée maitseline, ALMA, 150 g",
   "url": "https://www.selver.ee/kohupiimakreem-creme-brulee-maitseline-alma-150-g",
   "hind": [
    {
     "hind": "0,79 €"
    }
   ]
  },
  {
   "product": "Kohuke toffe multipakk (7+1), SAARE, 8x40 g",
   "url": "https://www.selver.ee/kohuke-toffe-multipakk-7-1-saare-8x40-g",
   "hind": [
    {
     "hind": "2,49 €"
    }
   ]
  },
  {
   "product": "Koorene jogurt kirssidega, FARMI, 400 g",
   "url": "https://www.selver.ee/koorene-jogurt-kirssidega-farmi-400-g",
   "hind": [
    {
     "hind": "1,29 €"
    }
   ]
  },
  {
   "product": "Kanamunad M6, MUNALIISA, 6 tk",
   "url": "https://www.selver.ee/kanamunad-m6-munaliisa-6-tk",
   "hind": [
    {
     "hind": "0,99 €"
    }
   ]
  },
  {
   "product": "Kohupiimapasta banaanitoru, TERE, 300 g",
   "url": "https://www.selver.ee/kohupiimapasta-banaanitoru-tere-300-g",
   "hind": [
    {
     "hind": "1,19 €"
    }
   ]
  },
  {
   "product": "Peremunad M10, EGGO, 10 tk, valged munad",
   "url": "https://www.selver.ee/peremunad-m10-eggo-10-tk",
   "hind": [
    {
     "hind": "1,49 €"
    }
   ]
  },
  {
   "product": "Kodujuust, SELVER, 380 g",
   "url": "https://www.selver.ee/kodujuust-selver-380-g",
   "hind": [
    {
     "hind": "1,19 €"
    }
   ]
  },
  {
   "product": "Kohupiim vanillimaitseline, PIIMAMEISTER OTTO, 200 g",
   "url": "https://www.selver.ee/kohupiim-vanillimaitseline-piimameister-otto-200-g",
   "hind": [
    {
     "hind": "0,59 €"
    }
   ]
  },
  {
   "product": "Fit glasuurkohuke kakao magusainetega, FIT, 43 g",
   "url": "https://www.selver.ee/fit-glasuurkohuke-kakao-magusainetega-fit-43-g",
   "hind": [
    {
     "hind": "0,45 €"
    }
   ]
  },
  {
   "product": "Biskviitkook Kinder Milk Slice, KINDER, 28 g",
   "url": "https://www.selver.ee/biskviitkook-kinder-milk-slice-kinder-28-g",
   "hind": [
    {
     "hind": "0,55 €"
    }
   ]
  },
  {
   "product": "Kinder Maxi King, KINDER, 3x35 g",
   "url": "https://www.selver.ee/kinder-maxi-king-kinder-3x35-g",
   "hind": [
    {
     "hind": "1,99 €"
    }
   ]
  },
  {
   "product": "Maitsestamata jogurt 2,5%, ALMA, 1 kg",
   "url": "https://www.selver.ee/maitsestamata-jogurt-2-5-alma-1-kg",
   "hind": [
    {
     "hind": "1,49 €"
    }
   ]
  },
  {
   "product": "Joogijogurt mango, ALMA, 900 g",
   "url": "https://www.selver.ee/joogijogurt-mango-alma-900-g",
   "hind": [
    {
     "hind": "1,39 €"
    }
   ]
  },
  {
   "product": "Kohvikoor plokis 10%, ZOTT, 10x10 g",
   "url": "https://www.selver.ee/kohvikoor-plokis-10-zott-10x10-g",
   "hind": [
    {
     "hind": "0,49 €"
    }
   ]
  },
  {
   "product": "Kohupiimakreem rosina, ALMA, 300 g",
   "url": "https://www.selver.ee/kohupiimakreem-rosina-alma-300-g",
   "hind": [
    {
     "hind": "1,19 €"
    }
   ]
  },
  {
   "product": "Maitsestamata jogurt, VALIO GEFILUS, 1 kg",
   "url": "https://www.selver.ee/maitsestamata-jogurt-valio-gefilus-1-kg",
   "hind": [
    {
     "hind": "1,39 €"
    }
   ]
  },
  {
   "product": "Jogurt mandli ja šokolaadiga, ALMA, 150 g",
   "url": "https://www.selver.ee/jogurt-mandli-ja-shokolaadiga-alma-150-g",
   "hind": [
    {
     "hind": "0,89 €"
    }
   ]
  },
  {
   "product": "Margariin vähendatud rasvasisaldusega 60%, VOIMIX, 400 g",
   "url": "https://www.selver.ee/margariin-vahendatud-rasvasisaldusega-60-voimix-400-g",
   "hind": [
    {
     "hind": "1,29 €"
    }
   ]
  },
  {
   "product": "Karamellipuding, SELVERI KÖÖK, 150 g",
   "url": "https://www.selver.ee/karamellipuding-selveri-kook-150-g",
   "hind": [
    {
     "hind": "0,59 €"
    }
   ]
  },
  {
   "product": "Piimatäidisega biskviitkook piimašokolaadis, VALIO DELISH, 34 g",
   "url": "https://www.selver.ee/piimataidisega-biskviitkook-piimasokolaadis-valio-delish-34-g",
   "hind": [
    {
     "hind": "0,59 €"
    }
   ]
  },
  {
   "product": "Hapukoor 30%, TERE, 330 g",
   "url": "https://www.selver.ee/hapukoor-30-tere-330-g",
   "hind": [
    {
     "hind": "1,49 €"
    }
   ]
  },
  {
   "product": "Jogurtijook Vita+ metsmaasika laktoosivaba 4x100g, ALMA, 400g",
   "url": "https://www.selver.ee/jogurtijook-vita-metsmaasika-laktoosivaba-4x100g-alma-400g",
   "hind": [
    {
     "hind": "1,39 €"
    }
   ]
  },
  {
   "product": "Latte piim 2,5%, TERE, 1 l",
   "url": "https://www.selver.ee/latte-piim-2-5-tere-1-l",
   "hind": [
    {
     "hind": "1,39 €"
    }
   ]
  },
  {
   "product": "Kakaopuding, TERE, 250 g",
   "url": "https://www.selver.ee/kakaopuding-tere-250-g",
   "hind": [
    {
     "hind": "1,09 €"
    }
   ]
  },
  {
   "product": "Sulajuust, SELVER, 150 g",
   "url": "https://www.selver.ee/sulajuust-selver-150-g",
   "hind": [
    {
     "hind": "0,59 €"
    }
   ]
  },
  {
   "product": "Kohupiimapasta 5%, TERE, 300 g",
   "url": "https://www.selver.ee/kohupiimapasta-5-tere-300-g",
   "hind": [
    {
     "hind": "1,29 €"
    }
   ]
  },
  {
   "product": "Või laktoosivaba 82%, TERE, 200 g",
   "url": "https://www.selver.ee/voi-laktoosivaba-82-tere-200-g",
   "hind": [
    {
     "hind": "2,29 €"
    }
   ]
  },
  {
   "product": "Kohupiimakreem mustika, ALMA, 300 g",
   "url": "https://www.selver.ee/kohupiimakreem-mustika-alma-300-g",
   "hind": [
    {
     "hind": "1,19 €"
    }
   ]
  },
  {
   "product": "Fit proteiini puding soolakaramelli 150 g, FIT",
   "url": "https://www.selver.ee/fit-proteiini-puding-soolakaramelli-150-g-fit",
   "hind": [
    {
     "hind": "0,99 €"
    }
   ]
  },
  {
   "product": "Jogurtijook metsamarja, ACTIMEL, 8x100 g",
   "url": "https://www.selver.ee/jogurtijook-metsamarja-actimel-8x100-g",
   "hind": [
    {
     "hind": "3,39 €"
    }
   ]
  },
  {
   "product": "Kodujuust Setomaa soolariisikatega, TERE, 300 g",
   "url": "https://www.selver.ee/kodujuust-setomaa-soolariisikatega-tere-300-g",
   "hind": [
    {
     "hind": "1,89 €"
    }
   ]
  },
  {
   "product": "Rohke koorega kodujuust, FARMI, 330 g",
   "url": "https://www.selver.ee/kodujuust-klassikaline-farmi-330-g",
   "hind": [
    {
     "hind": "1,39 €"
    }
   ]
  },
  {
   "product": "Koorejogurt Muah stracciatella, ALMA, 380 g",
   "url": "https://www.selver.ee/koorejogurt-muah-stracciatella-alma-380-g",
   "hind": [
    {
     "hind": "1,29 €"
    }
   ]
  },
  {
   "product": "Kiivimaitseline tarretis, FARMI, 150 g",
   "url": "https://www.selver.ee/kiivimaitseline-tarretis-farmi-150-g",
   "hind": [
    {
     "hind": "0,39 €"
    }
   ]
  },
  {
   "product": "Skyr kirssidega, FARMI, 150g",
   "url": "https://www.selver.ee/skyr-kirssidega-farmi-150g",
   "hind": [
    {
     "hind": "0,89 €"
    }
   ]
  },
  {
   "product": "Jogurt metsamarja, 3-me bakteriga, HELLUS, 350 g",
   "url": "https://www.selver.ee/jogurt-hellus-metsamarja-3-me-bakteriga-tere-350-g",
   "hind": [
    {
     "hind": "0,99 €"
    }
   ]
  },
  {
   "product": "Kohupiimakreem kakao 2,5% tops, ALMA, 380 g",
   "url": "https://www.selver.ee/kohupiimakreem-kakao-2-5-tops-alma-380-g",
   "hind": [
    {
     "hind": "1,49 €"
    }
   ]
  },
  {
   "product": "Tervisemunad M10, EGGO, 10 tk, valged munad",
   "url": "https://www.selver.ee/tervisemunad-m10-eggo-10-tk",
   "hind": [
    {
     "hind": "1,79 €"
    }
   ]
  },
  {
   "product": "Kodujuust crème brûlée maitseline, ALMA, 200 g",
   "url": "https://www.selver.ee/kodujuust-creme-brulee-maitseline-alma-200-g",
   "hind": [
    {
     "hind": "1,39 €"
    }
   ]
  },
  {
   "product": "Kodujuust tomati, paprika ja tšilliga, ALMA, 200 g",
   "url": "https://www.selver.ee/kodujuust-tomati-paprika-ja-tsilliga-alma-200-g",
   "hind": [
    {
     "hind": "1,29 €"
    }
   ]
  },
  {
   "product": "Kodujuust klassikaline, PIIMAMEISTER OTTO, 220 g",
   "url": "https://www.selver.ee/kodujuust-klassikaline-piimameister-otto-220-g",
   "hind": [
    {
     "hind": "0,99 €"
    }
   ]
  },
  {
   "product": "Laktoosivaba kreeka jogurt vaarikamoosi ja jõhvikamüsliga, TERE, 150 g",
   "url": "https://www.selver.ee/kreeka-jogurt-paradiis-vaarikamoosi-ja-johvikamusliga-lakto-tere-150-g",
   "hind": [
    {
     "hind": "0,99 €"
    }
   ]
  },
  {
   "product": "Kakaopuding, SELVERI KÖÖK, 150 g",
   "url": "https://www.selver.ee/kakaopuding-selveri-kook-150-g",
   "hind": [
    {
     "hind": "0,59 €"
    }
   ]
  },
  {
   "product": "Jogurtismuuti Alma maasika-mustika-vaarika, ALMA, 275 g",
   "url": "https://www.selver.ee/jogurtismuuti-alma-maasika-mustika-vaarika-alma-275-g",
   "hind": [
    {
     "hind": "0,99 €"
    }
   ]
  },
  {
   "product": "Vutimunad, JÄRVEOTSA, 12 tk",
   "url": "https://www.selver.ee/vutimunad-jarveotsa-jarveotsa-12-tk",
   "hind": [
    {
     "hind": "2,19 €"
    }
   ]
  },
  {
   "product": "Sulatatud juust kukeseentega, MEREVAIK, 200 g",
   "url": "https://www.selver.ee/sulatatud-juust-kukeseentega-merevaik-200-g",
   "hind": [
    {
     "hind": "1,59 €"
    }
   ]
  },
  {
   "product": "Hapendatud täispiim 3,8% - 4,2%, FARMI, 1 kg",
   "url": "https://www.selver.ee/hapendatud-taispiim-farmi-1-kg",
   "hind": [
    {
     "hind": "1,19 €"
    }
   ]
  },
  {
   "product": "Koorene jogurt mustikatega, FARMI, 400 g",
   "url": "https://www.selver.ee/koorene-jogurt-mustikatega-farmi-400-g",
   "hind": [
    {
     "hind": "1,29 €"
    }
   ]
  },
  {
   "product": "Kaerajook, ALPRO, 1 l",
   "url": "https://www.selver.ee/kaerajook-alpro-1-l",
   "hind": [
    {
     "hind": "1,99 €"
    }
   ]
  },
  {
   "product": "Vaarikakohupiimakreem, NOPRI, 100 g",
   "url": "https://www.selver.ee/vaarikakohupiimakreem-nopri-100-g",
   "hind": [
    {
     "hind": "0,79 €"
    }
   ]
  },
  {
   "product": "Kreemjogurt šokolaadipallidega, FANTASIA, 100 g",
   "url": "https://www.selver.ee/kreemjogurt-sokolaadipallidega-fantasia-100-g",
   "hind": [
    {
     "hind": "0,59 €"
    }
   ]
  },
  {
   "product": "Jogurt virsik-papaia 2%, VALIO GEFILUS, 380 g",
   "url": "https://www.selver.ee/jogurt-virsik-papaia-2-valio-gefilus-380-g",
   "hind": [
    {
     "hind": "1,19 €"
    }
   ]
  },
  {
   "product": "Kreeka jogurt 10%, FARMI, 370 g",
   "url": "https://www.selver.ee/koogi-kreeka-jogurt-10-farmi-370-g",
   "hind": [
    {
     "hind": "1,29 €"
    }
   ]
  },
  {
   "product": "Barista mandlijook, ALPRO, 1 l",
   "url": "https://www.selver.ee/barista-mandlijook-alpro-1-l",
   "hind": [
    {
     "hind": "2,79 €"
    }
   ]
  },
  {
   "product": "Cappuccino piim 3,2%, TERE, 1 l",
   "url": "https://www.selver.ee/cappuccino-piim-3-2-tere-1-l",
   "hind": [
    {
     "hind": "1,39 €"
    }
   ]
  },
  {
   "product": "Koorene jogurt virsikutega, FARMI, 400 g",
   "url": "https://www.selver.ee/koorene-jogurt-virsikutega-farmi-400-g",
   "hind": [
    {
     "hind": "1,29 €"
    }
   ]
  },
  {
   "product": "Meierivõi soolata, VALIO, 500 g",
   "url": "https://www.selver.ee/meierivoi-soolata-valio-500-g",
   "hind": [
    {
     "hind": "3,99 €"
    }
   ]
  },
  {
   "product": "Prantsuse stiilis jogurt mango, FARMI, 150g",
   "url": "https://www.selver.ee/prantsuse-stiilis-jogurt-mango-farmi-150g",
   "hind": [
    {
     "hind": "0,69 €"
    }
   ]
  },
  {
   "product": "Suured munad L6, EGGO, 6 tk, valged munad",
   "url": "https://www.selver.ee/suured-munad-l6-eggo-6-tk",
   "hind": [
    {
     "hind": "1,15 €"
    }
   ]
  },
  {
   "product": "Keefir 1%, väherasvane, HELLUS, 1 kg",
   "url": "https://www.selver.ee/keefir-1-vaherasvane-hellus-1-kg",
   "hind": [
    {
     "hind": "0,99 €"
    }
   ]
  },
  {
   "product": "Vabapidamise kanamunad 10tk L, LINNU TALU, 10 tk",
   "url": "https://www.selver.ee/munad-vabapidamiskanadelt-l10-linnu-talu-10-tk",
   "hind": [
    {
     "hind": "2,59 €"
    }
   ]
  },
  {
   "product": "Jogurt mango ja chia seemnetega, HELLUS, 350 g",
   "url": "https://www.selver.ee/jogurt-mango-ja-chia-seemnetega-hellus-350-g",
   "hind": [
    {
     "hind": "0,99 €"
    }
   ]
  },
  {
   "product": "Jogurtijook Hellus metsamarja, TERE, 4x100 g",
   "url": "https://www.selver.ee/jogurtijook-hellus-metsamarja-tere-4x100-g",
   "hind": [
    {
     "hind": "1,49 €"
    }
   ]
  },
  {
   "product": "Jogurtibatoon maasika Belgia šokolaadiglasuuris, KARUMS, 38g",
   "url": "https://www.selver.ee/jogurtibatoon-maasika-belgia-sokolaadiglasuuris-karums-38g",
   "hind": [
    {
     "hind": "0,39 €"
    }
   ]
  },
  {
   "product": "Kohupiimakreem brownie, ALMA, 380 g",
   "url": "https://www.selver.ee/kohupiimakreem-brownie-alma-380-g",
   "hind": [
    {
     "hind": "1,49 €"
    }
   ]
  },
  {
   "product": "Taimne rasvavõie 70% soolane, KEIJU, 400 g",
   "url": "https://www.selver.ee/taimne-rasvavoie-70-soolane-keiju-400-g",
   "hind": [
    {
     "hind": "1,59 €"
    }
   ]
  },
  {
   "product": "Keefir 2,5% pure, FARMI, 1 l",
   "url": "https://www.selver.ee/keefir-2-5-pudelis-farmi-1-l",
   "hind": [
    {
     "hind": "1,09 €"
    }
   ]
  },
  {
   "product": "Keefir täispiimast 3,8-4,2%, FARMI, 1 kg",
   "url": "https://www.selver.ee/keefir-taispiimast-3-8-4-2-farmi-1-kg",
   "hind": [
    {
     "hind": "1,19 €"
    }
   ]
  },
  {
   "product": "AB-jogurt mustika Laktoosivaba, TERE, 150 g",
   "url": "https://www.selver.ee/ab-jogurt-mustika-laktoosivaba-tere-150-g",
   "hind": [
    {
     "hind": "0,59 €"
    }
   ]
  },
  {
   "product": "Vanillipuding, SELVERI KÖÖK, 150 g",
   "url": "https://www.selver.ee/vanillipuding-selveri-kook-150-g",
   "hind": [
    {
     "hind": "0,59 €"
    }
   ]
  },
  {
   "product": "Kohupiimakreem banaani, EMMA, 150 g",
   "url": "https://www.selver.ee/kohupiimakreem-banaani-emma-150-g",
   "hind": [
    {
     "hind": "0,85 €"
    }
   ]
  },
  {
   "product": "Jogurt mango-banaani-chia, 380g, VALIO GEFILUS",
   "url": "https://www.selver.ee/jogurt-mango-banaani-chia-380g-valio-gefilus",
   "hind": [
    {
     "hind": "1,19 €"
    }
   ]
  },
  {
   "product": "Jogurtimaius mango, ALMA, 200 g",
   "url": "https://www.selver.ee/jogurtimaius-mango-alma-200-g",
   "hind": [
    {
     "hind": "0,99 €"
    }
   ]
  },
  {
   "product": "Proteiinijogurt creme brulee, VALIO PROFEEL, 200 g",
   "url": "https://www.selver.ee/proteiinijogurt-creme-brulee-valio-profeel-200-g",
   "hind": [
    {
     "hind": "0,99 €"
    }
   ]
  },
  {
   "product": "Jogurt kirsi-ploomi, HELLUS, 350 g",
   "url": "https://www.selver.ee/jogurt-hellus-kirsi-ploomi-tere-350-g",
   "hind": [
    {
     "hind": "0,99 €"
    }
   ]
  },
  {
   "product": "Laktoosivaba kreeka jogurt mustikamoosi ja jõhvikamüsliga, TERE, 150 g",
   "url": "https://www.selver.ee/kreeka-jogurt-paradiis-mustikamoosi-ja-johvikamusliga-lakto-tere-150-g",
   "hind": [
    {
     "hind": "0,99 €"
    }
   ]
  },
  {
   "product": "Jogurtibatoon mango Belgia šokolaadiglasuuris, KARUMS, 38g",
   "url": "https://www.selver.ee/jogurtibatoon-mango-belgia-sokolaadiglasuuris-karums-38g",
   "hind": [
    {
     "hind": "0,39 €"
    }
   ]
  },
  {
   "product": "AB-jogurt banaani Laktoosivaba, TERE, 150 g",
   "url": "https://www.selver.ee/ab-jogurt-banaani-laktoosivaba-tere-150-g",
   "hind": [
    {
     "hind": "0,59 €"
    }
   ]
  },
  {
   "product": "Mandlijook magustamata, ALPRO, 1 l",
   "url": "https://www.selver.ee/mandlijook-magustamata-alpro-1-l",
   "hind": [
    {
     "hind": "2,99 €"
    }
   ]
  },
  {
   "product": "Skyr mustikatega, FARMI, 150 g",
   "url": "https://www.selver.ee/skyr-mustikatega-farmi-150-g",
   "hind": [
    {
     "hind": "0,89 €"
    }
   ]
  },
  {
   "product": "Proteiinijogurt mustasõstra, VALIO PROFEEL, 200g",
   "url": "https://www.selver.ee/proteiinijogurt-mustasostra-valio-profeel-200g",
   "hind": [
    {
     "hind": "0,99 €"
    }
   ]
  },
  {
   "product": "Jogurtijook maasika, ACTIMEL, 8x100 g",
   "url": "https://www.selver.ee/jogurtijook-maasika-actimel-8x100-g",
   "hind": [
    {
     "hind": "3,39 €"
    }
   ]
  },
  {
   "product": "Monte šokolaadipuding, ZOTT, 55 g",
   "url": "https://www.selver.ee/monte-sokolaadipuding-zott-55-g",
   "hind": [
    {
     "hind": "0,39 €"
    }
   ]
  },
  {
   "product": "Jogurtimaius maasika, ALMA, 200 g",
   "url": "https://www.selver.ee/jogurtimaius-maasika-alma-200-g",
   "hind": [
    {
     "hind": "0,99 €"
    }
   ]
  },
  {
   "product": "Kohupiimakreem maasika- banaani, ALMA, 150 g",
   "url": "https://www.selver.ee/kohupiimakreem-maasika-banaani-alma-150-g",
   "hind": [
    {
     "hind": "0,79 €"
    }
   ]
  },
  {
   "product": "Prantsuse stiilis jogurt maasika, FARMI, 150g",
   "url": "https://www.selver.ee/prantsuse-stiilis-jogurt-maasika-farmi-150g",
   "hind": [
    {
     "hind": "0,69 €"
    }
   ]
  },
  {
   "product": "Koorene kohupiimakreem mustade kirssidega, FARMI, 150 g",
   "url": "https://www.selver.ee/koorene-kohupiimakreem-mustade-kirssidega-farmi-150-g",
   "hind": [
    {
     "hind": "0,85 €"
    }
   ]
  },
  {
   "product": "Jogurtismuuti banaani-maasika-kiivi, ALMA, 275 g",
   "url": "https://www.selver.ee/jogurtismuuti-banaani-maasika-kiivi-alma-275-g",
   "hind": [
    {
     "hind": "0,99 €"
    }
   ]
  },
  {
   "product": "Kohupiimakreem rosina-vanilli 4%, ALMA, 380 g",
   "url": "https://www.selver.ee/kohupiimakreem-rosina-vanilli-4-alma-380-g",
   "hind": [
    {
     "hind": "1,49 €"
    }
   ]
  },
  {
   "product": "Mahemunad valged, 6tk",
   "url": "https://www.selver.ee/mahemunad-valged-6tk",
   "hind": [
    {
     "hind": "2,19 €"
    }
   ]
  },
  {
   "product": "Pehme kohupiim rasvatu lakt.vaba, MO SAAREMAA, 500g",
   "url": "https://www.selver.ee/pehme-kohupiim-rasvatu-lakt-vaba-mo-saaremaa-500g",
   "hind": [
    {
     "hind": "1,89 €"
    }
   ]
  },
  {
   "product": "Kodujuust hapukoorega, ALMA, 380 g",
   "url": "https://www.selver.ee/kodujuust-hapukoorega-alma-380-g",
   "hind": [
    {
     "hind": "1,69 €"
    }
   ]
  },
  {
   "product": "Jogurt virsiku-banaani 2%, SELVER, 1 kg",
   "url": "https://www.selver.ee/jogurt-virsiku-banaani-2-selver-1-kg",
   "hind": [
    {
     "hind": "1,29 €"
    }
   ]
  },
  {
   "product": "Petimaius mango-aprikoosi, FARMI, 150 g",
   "url": "https://www.selver.ee/petimaius-mango-aprikoosi-farmi-150-g",
   "hind": [
    {
     "hind": "0,69 €"
    }
   ]
  },
  {
   "product": "Barista kaerajook, ALPRO, 1 l",
   "url": "https://www.selver.ee/barista-kaerajook-alpro-1-l",
   "hind": [
    {
     "hind": "2,59 €"
    }
   ]
  },
  {
   "product": "Vahustatav kaerajook Barista Edition, OATLY, 1 l",
   "url": "https://www.selver.ee/vahustatav-kaerajook-barista-edition-oatly-1-l",
   "hind": [
    {
     "hind": "2,99 €"
    }
   ]
  },
  {
   "product": "Proteiinijogurt maasika, VALIO PROFEEL, 200 g",
   "url": "https://www.selver.ee/proteiinijogurt-maasika-valio-profeel-200-g",
   "hind": [
    {
     "hind": "0,99 €"
    }
   ]
  },
  {
   "product": "Puuvilja jogurtijook, ACTIMEL, 4x100 g",
   "url": "https://www.selver.ee/puuvilja-jogurtijook-actimel-4x100-g",
   "hind": [
    {
     "hind": "1,89 €"
    }
   ]
  },
  {
   "product": "Koorene jogurt maasikatega, FARMI, 400 g",
   "url": "https://www.selver.ee/koorene-jogurt-polka-maasikatega-farmi-400-g",
   "hind": [
    {
     "hind": "1,29 €"
    }
   ]
  },
  {
   "product": "Jogurtijook maasika, ACTIMEL, 4x100 g",
   "url": "https://www.selver.ee/maasika-jogurtijook-actimel-4x100-g",
   "hind": [
    {
     "hind": "1,89 €"
    }
   ]
  },
  {
   "product": "Jogurt leiva-pähkli, FARMI, 400 g",
   "url": "https://www.selver.ee/jogurt-leiva-pahkli-farmi-400-g",
   "hind": [
    {
     "hind": "1,29 €"
    }
   ]
  },
  {
   "product": "Jogurtismuuti maasika-virsiku-chia, ALMA, 275 g",
   "url": "https://www.selver.ee/jogurtismuuti-maasika-virsiku-chia-alma-275-g",
   "hind": [
    {
     "hind": "0,99 €"
    }
   ]
  },
  {
   "product": "Täispiim maasikatega, MO SAAREMAA, 500 ml",
   "url": "https://www.selver.ee/taispiim-maasikatega-mo-saaremaa-500-ml",
   "hind": [
    {
     "hind": "0,99 €"
    }
   ]
  },
  {
   "product": "Kodujuust rasvata, ALMA, 200 g",
   "url": "https://www.selver.ee/kodujuust-rasvata-alma-200-g",
   "hind": [
    {
     "hind": "1,09 €"
    }
   ]
  },
  {
   "product": "Köögikaste, ALPRO, 250 ml",
   "url": "https://www.selver.ee/koogikoor-alpro-250-ml",
   "hind": [
    {
     "hind": "1,49 €"
    }
   ]
  },
  {
   "product": "Kodujuust mädarõikaga, TERE, 300 g",
   "url": "https://www.selver.ee/kodujuust-madaroikaga-tere-300-g",
   "hind": [
    {
     "hind": "1,49 €"
    }
   ]
  },
  {
   "product": "Pehme kohupiim 5%, MO SAAREMAA, 500 g",
   "url": "https://www.selver.ee/pehme-kohupiim-5-mo-saaremaa-500-g",
   "hind": [
    {
     "hind": "1,89 €"
    }
   ]
  },
  {
   "product": "Täispiim 3,8-4,2%, ALMA, 1,5 l",
   "url": "https://www.selver.ee/taispiim-3-8-4-2-alma-1-5-l",
   "hind": [
    {
     "hind": "1,29 €"
    }
   ]
  },
  {
   "product": "Skyr virsikutega, FARMI, 150g",
   "url": "https://www.selver.ee/skyr-virsikutega-farmi-150g",
   "hind": [
    {
     "hind": "0,89 €"
    }
   ]
  },
  {
   "product": "Rjazenka pure, FARMI, 750 ml",
   "url": "https://www.selver.ee/rjazenka-pure-farmi-750-ml",
   "hind": [
    {
     "hind": "1,19 €"
    }
   ]
  },
  {
   "product": "Joogijogurt banaani-maasika 1,5%, ALMA, 1 kg",
   "url": "https://www.selver.ee/joogijogurt-banaani-maasika-1-5-alma-1-kg",
   "hind": [
    {
     "hind": "0,99 €"
    }
   ]
  },
  {
   "product": "Joogijogurt vaarika-granaatõuna, ACTIVIA, 300 g",
   "url": "https://www.selver.ee/joogijogurt-vaarika-granaatouna-activia-300-g",
   "hind": [
    {
     "hind": "0,99 €"
    }
   ]
  },
  {
   "product": "Joogijogurt maasika-kiivi, ACTIVIA, 300 g",
   "url": "https://www.selver.ee/joogijogurt-maasika-kiivi-activia-300-g",
   "hind": [
    {
     "hind": "0,99 €"
    }
   ]
  },
  {
   "product": "Mustikajogurt 2%, VALIO GEFILUS, 380 g",
   "url": "https://www.selver.ee/mustikajogurt-2-valio-gefilus-380-g",
   "hind": [
    {
     "hind": "1,19 €"
    }
   ]
  },
  {
   "product": "Metsmaasika-mascarpone AB-joogiskyr, FARMI, 750 g",
   "url": "https://www.selver.ee/metsmaasika-mascarpone-ab-joogiskyr-farmi-750-g",
   "hind": [
    {
     "hind": "1,35 €"
    }
   ]
  },
  {
   "product": "Jogurtijook metsamarja, ACTIMEL, 4x100 g",
   "url": "https://www.selver.ee/metsamarja-jogurtijook-actimel-4x100-g",
   "hind": [
    {
     "hind": "1,89 €"
    }
   ]
  },
  {
   "product": "Mahe kanamuna S, KIKERIKII ÖKOMUNA, 10tk",
   "url": "https://www.selver.ee/mahe-kanamuna-s-kikerikii-okomuna-10tk",
   "hind": [
    {
     "hind": "2,69 €"
    }
   ]
  },
  {
   "product": "Jogurt maasika, ACTIVIA, 4x120 g",
   "url": "https://www.selver.ee/jogurt-maasika-activia-4x120-g",
   "hind": [
    {
     "hind": "1,99 €"
    }
   ]
  },
  {
   "product": "Mango-jogurtikreem 5%, SAARE, 400 g",
   "url": "https://www.selver.ee/mango-jogurtikreem-5-saare-400-g",
   "hind": [
    {
     "hind": "1,19 €"
    }
   ]
  },
  {
   "product": "Vaniljejogurt kommidega, DANONE, 125 g",
   "url": "https://www.selver.ee/vaniljejogurt-kommidega-danone-125-g",
   "hind": [
    {
     "hind": "0,69 €"
    }
   ]
  },
  {
   "product": "Hapendatud pett 1,5%, MO SAAREMAA, 1 kg",
   "url": "https://www.selver.ee/hapendatud-pett-1-5-mo-saaremaa-1-kg",
   "hind": [
    {
     "hind": "0,99 €"
    }
   ]
  },
  {
   "product": "Koorekreem karamelli, KARUMS, 150 g",
   "url": "https://www.selver.ee/koorekreem-karamelli-karums-150-g",
   "hind": [
    {
     "hind": "0,85 €"
    }
   ]
  },
  {
   "product": "Joogijogurt Harmoonia maasika-pohla laktoosivaba, GEFILUS, 1l",
   "url": "https://www.selver.ee/joogijogurt-harmoonia-maasika-pohla-laktoosivaba-gefilus-1l",
   "hind": [
    {
     "hind": "1,49 €"
    }
   ]
  },
  {
   "product": "Koorejogurt Muah crème brulée maitseline 6,5%, ALMA, 380 g",
   "url": "https://www.selver.ee/koorejogurt-muah-creme-brulee-maitseline-6-5-alma-380-g",
   "hind": [
    {
     "hind": "1,29 €"
    }
   ]
  },
  {
   "product": "Jogurtine toorpuder vaarikate ja chia seemnetega, FARMI, 175 g",
   "url": "https://www.selver.ee/jogurtine-toorpuder-vaarikate-ja-chia-seemnetega-farmi-175-g",
   "hind": [
    {
     "hind": "0,95 €"
    }
   ]
  },
  {
   "product": "Skyr põldmarjadega, FARMI, 150 g",
   "url": "https://www.selver.ee/skyr-poldmarjadega-farmi-150-g",
   "hind": [
    {
     "hind": "0,89 €"
    }
   ]
  },
  {
   "product": "Koorekreem kakao, KARUMS, 150 g",
   "url": "https://www.selver.ee/koorekreem-kakao-karums-150-g",
   "hind": [
    {
     "hind": "0,85 €"
    }
   ]
  },
  {
   "product": "Šokolaadipuding Liegeois, ZOTT, 175 g",
   "url": "https://www.selver.ee/puding-liegeois-sokolaadi-zott-175-g",
   "hind": [
    {
     "hind": "0,55 €"
    }
   ]
  },
  {
   "product": "Kohupiimakreem kirsi-maasika, ALMA, 150 g",
   "url": "https://www.selver.ee/kohupiimakreem-kirsi-maasika-alma-150-g",
   "hind": [
    {
     "hind": "0,79 €"
    }
   ]
  },
  {
   "product": "Jogurt metsmaasika 2%, ALMA, 1 kg",
   "url": "https://www.selver.ee/jogurt-metsmaasika-2-alma-1-kg",
   "hind": [
    {
     "hind": "1,69 €"
    }
   ]
  },
  {
   "product": "Toorjuust, FARMI, 150 g",
   "url": "https://www.selver.ee/toorjuust-naturaalne-farmi-150-g",
   "hind": [
    {
     "hind": "1,69 €"
    }
   ]
  },
  {
   "product": "Koorekreem vanilli, KARUMS, 150 g",
   "url": "https://www.selver.ee/koorekreem-vanilli-karums-150-g",
   "hind": [
    {
     "hind": "0,85 €"
    }
   ]
  },
  {
   "product": "Jogurtijook Vita+ vaarika-mustika laktoosivaba 4x100g, ALMA, 400g",
   "url": "https://www.selver.ee/jogurtijook-vita-vaarika-mustika-laktoosivaba-4x100g-alma-400g",
   "hind": [
    {
     "hind": "1,39 €"
    }
   ]
  },
  {
   "product": "Kohupiimakreem shokolaaditükkidega, NOPRI, 200 g",
   "url": "https://www.selver.ee/kohupiimakreem-shokolaaditukk-nopri-200-g",
   "hind": [
    {
     "hind": "1,09 €"
    }
   ]
  },
  {
   "product": "Jogurtijook Hellus maasika, HELLUS, 4x100 g",
   "url": "https://www.selver.ee/jogurtijook-hellus-maasika-tere-4x100-g",
   "hind": [
    {
     "hind": "1,49 €"
    }
   ]
  },
  {
   "product": "Jogurt kirsi, ACTIVIA, 4x120 g",
   "url": "https://www.selver.ee/jogurt-kirsi-activia-4x120-g",
   "hind": [
    {
     "hind": "1,99 €"
    }
   ]
  },
  {
   "product": "Keefir laktoosivaba, HELLUS, 1 kg",
   "url": "https://www.selver.ee/keefir-laktoosivaba-hellus-1-kg",
   "hind": [
    {
     "hind": "1,29 €"
    }
   ]
  },
  {
   "product": "Petimaius mustsõstra-vaarika, FARMI, 150 g",
   "url": "https://www.selver.ee/petimaius-mustsostra-vaarika-farmi-150-g",
   "hind": [
    {
     "hind": "0,69 €"
    }
   ]
  },
  {
   "product": "Õnnelike õrrekanade munad M, ÕNNELIKE ÕRREKANADE MUNAD, 10 tk",
   "url": "https://www.selver.ee/onnelike-orrekanade-munad-m-onnelike-orrekanade-munad-10-tk",
   "hind": [
    {
     "hind": "1,99 €"
    }
   ]
  },
  {
   "product": "Metsamarja jogurt kiles, SELVER, 1 kg",
   "url": "https://www.selver.ee/metsamarja-jogurt-kiles-selver-1-kg",
   "hind": [
    {
     "hind": "1,09 €"
    }
   ]
  },
  {
   "product": "Jogurtine toorpuder mustikate ja chia seemnetega, FARMI, 175 g",
   "url": "https://www.selver.ee/jogurtine-toorpuder-mustikate-ja-chia-seemnetega-farmi-175-g",
   "hind": [
    {
     "hind": "0,95 €"
    }
   ]
  },
  {
   "product": "Keefir maasika-banaani, VALIO GEFILUS, 1 kg",
   "url": "https://www.selver.ee/keefir-maasika-banaani-valio-gefilus-1-kg",
   "hind": [
    {
     "hind": "1,59 €"
    }
   ]
  },
  {
   "product": "Pingui Cherry, KINDER, 30 g",
   "url": "https://www.selver.ee/pingui-cherry-kinder-30-g",
   "hind": [
    {
     "hind": "0,59 €"
    }
   ]
  },
  {
   "product": "AB-jogurt maasika Laktoosivaba, TERE, 150g",
   "url": "https://www.selver.ee/ab-jogurt-maasika-laktoosivaba-tere-150g",
   "hind": [
    {
     "hind": "0,59 €"
    }
   ]
  },
  {
   "product": "Kaera köögikreem 15%, TERE, 250 g",
   "url": "https://www.selver.ee/kaera-koogikreem-15-tere-250-g",
   "hind": [
    {
     "hind": "1,29 €"
    }
   ]
  },
  {
   "product": "Kohupiimakreem kreeka vaarika pavlova, 380g ,ALMA",
   "url": "https://www.selver.ee/kohupiimakreem-kreeka-vaarika-pavlova-380g-alma",
   "hind": [
    {
     "hind": "1,49 €"
    }
   ]
  },
  {
   "product": "Taimne rasvavõie 70% laktoosivaba, KEIJU, 400 g",
   "url": "https://www.selver.ee/taimne-rasvavoie-70-laktoosivaba-keiju-400-g",
   "hind": [
    {
     "hind": "1,79 €"
    }
   ]
  },
  {
   "product": "Proteiinijogurt ahjuõuna, VALIO PROFEEL, 200 g",
   "url": "https://www.selver.ee/proteiinijogurt-ahjuouna-valio-profeel-200-g",
   "hind": [
    {
     "hind": "0,99 €"
    }
   ]
  },
  {
   "product": "Maitsestamata jogurt 5%, SAARE, 400 g",
   "url": "https://www.selver.ee/maitsestamata-jogurt-5-saare-400-g",
   "hind": [
    {
     "hind": "1,29 €"
    }
   ]
  },
  {
   "product": "Kreeka jogurt maitsestamata, TERE, 350 g",
   "url": "https://www.selver.ee/kreeka-jogurt-maitsestamata-tere-350-g",
   "hind": [
    {
     "hind": "1,39 €"
    }
   ]
  },
  {
   "product": "Kookosjook mandliga, ALPRO, 1 l",
   "url": "https://www.selver.ee/kookosjook-mandliga-alpro-1-l",
   "hind": [
    {
     "hind": "2,99 €"
    }
   ]
  },
  {
   "product": "Tumeda šokolaadi maitseline sojadessert, ALPRO, 125 g",
   "url": "https://www.selver.ee/tumeda-sokolaadi-maitseline-sojadessert-alpro-125-g",
   "hind": [
    {
     "hind": "0,79 €"
    }
   ]
  },
  {
   "product": "Toorjuust küüslaugu ja ürtidega, PHILADELPHIA, 200 g",
   "url": "https://www.selver.ee/toorjuust-kuuslaugu-ja-urtidega-philadelphia-200-g",
   "hind": [
    {
     "hind": "2,29 €"
    }
   ]
  },
  {
   "product": "Mo Saaremaa või küüslaugu ja soolakristallidega, SAAREMAA, 150 g",
   "url": "https://www.selver.ee/saaremaa-voi-kuuslaugu-ja-soolakristallidega-saaremaa-150-g",
   "hind": [
    {
     "hind": "1,99 €"
    }
   ]
  },
  {
   "product": "Laktoosivaba kohupiimakreem vaarikatega, EMMA, 150g",
   "url": "https://www.selver.ee/vaarika-kohupiimakreem-laktoosivaba-emma-150g",
   "hind": [
    {
     "hind": "0,85 €"
    }
   ]
  },
  {
   "product": "Piimatäidisega biskviitkook piimašokolaadis, kookose, VALIO DELISH, 34 g",
   "url": "https://www.selver.ee/piimataidisega-biskviitkook-piimasokolaadis-kookose-valio-delish-34-g",
   "hind": [
    {
     "hind": "0,59 €"
    }
   ]
  },
  {
   "product": "Taimne rasvavõie Keiju 50%, 400 g KEIU",
   "url": "https://www.selver.ee/taimne-rasvavoie-50-keiju-400-g",
   "hind": [
    {
     "hind": "1,49 €"
    }
   ]
  },
  {
   "product": "Jogurtijook metsamarja, VALIO GEFILUS, 4x100g",
   "url": "https://www.selver.ee/jogurtijook-metsamarja-valio-gefilus-4x100g",
   "hind": [
    {
     "hind": "1,49 €"
    }
   ]
  },
  {
   "product": "Šokolaadi maitseline dessert kaltsiumiga, ALPRO, 125 g",
   "url": "https://www.selver.ee/sokolaadi-maitseline-dessert-kaltsiumiga-alpro-125-g",
   "hind": [
    {
     "hind": "0,79 €"
    }
   ]
  },
  {
   "product": "Jogurtijook banaani-maasika, VALIO GEFILUS, 4x100g",
   "url": "https://www.selver.ee/jogurtijook-banaani-maasika-valio-gefilus-4x100g",
   "hind": [
    {
     "hind": "1,49 €"
    }
   ]
  },
  {
   "product": "Petimaius maasika-vanilje, FARMI, 150 g",
   "url": "https://www.selver.ee/petimaius-maasika-vanilje-farmi-150-g",
   "hind": [
    {
     "hind": "0,69 €"
    }
   ]
  },
  {
   "product": "Täispiimajogurt murel, ALMA, 350 g",
   "url": "https://www.selver.ee/taispiimajogurt-murel-alma-350-g",
   "hind": [
    {
     "hind": "1,19 €"
    }
   ]
  },
  {
   "product": "AB-skyri joogijogurt vaarika-granaatõuna, FARMI, 1 kg",
   "url": "https://www.selver.ee/ab-skyri-joogijogurt-vaarika-granaatouna-farmi",
   "hind": [
    {
     "hind": "1,89 €"
    }
   ]
  },
  {
   "product": "Hapukoor Smetana 30%, SAARE, 150 g",
   "url": "https://www.selver.ee/hapukoor-smetana-30-saare-150-g",
   "hind": [
    {
     "hind": "0,99 €"
    }
   ]
  },
  {
   "product": "Koorene jogurt mustikatega, FARMI, 1 kg",
   "url": "https://www.selver.ee/koorene-jogurt-mustikatega-farmi-1-kg",
   "hind": [
    {
     "hind": "2,39 €"
    }
   ]
  },
  {
   "product": "Täispiim šokolaadiga, MO SAAREMAA, 500ml",
   "url": "https://www.selver.ee/taispiim-sokolaadiga-mo-saaremaa-500ml",
   "hind": [
    {
     "hind": "0,99 €"
    }
   ]
  },
  {
   "product": "Ahjuõuna jogurtikreem 5%, SAARE, 400 g",
   "url": "https://www.selver.ee/ahjuouna-jogurtikreem-5-saare-400-g",
   "hind": [
    {
     "hind": "1,19 €"
    }
   ]
  },
  {
   "product": "Kreeka jogurt punase apelsini, PARADIIS, 350 g",
   "url": "https://www.selver.ee/kreeka-jogurt-punase-apelsini-paradiis-350-g",
   "hind": [
    {
     "hind": "1,39 €"
    }
   ]
  },
  {
   "product": "Mandlijook, ALPRO, 1 l",
   "url": "https://www.selver.ee/mandlijook-alpro-1-l",
   "hind": [
    {
     "hind": "2,99 €"
    }
   ]
  },
  {
   "product": "Sulatatud juust maitserohelisega, HIIRTE JUUST, 200 g",
   "url": "https://www.selver.ee/sulatatud-juust-maitserohelisega-hiirte-juust-200-g",
   "hind": [
    {
     "hind": "1,19 €"
    }
   ]
  },
  {
   "product": "Kohupiimakreem mustikatega 4%, Emma, 150 g",
   "url": "https://www.selver.ee/kohupiimakreem-emma-mustika-4-tere-150-g",
   "hind": [
    {
     "hind": "0,85 €"
    }
   ]
  },
  {
   "product": "Jogurt pohla-mustika müsliga, HELLUS, 350 g",
   "url": "https://www.selver.ee/jogurt-hellus-pohla-mustika-musliga-tere-350-g",
   "hind": [
    {
     "hind": "0,99 €"
    }
   ]
  },
  {
   "product": "Vanilli maitseline dessert kaltsiumiga, ALPRO, 125 g",
   "url": "https://www.selver.ee/vanilli-maitseline-dessert-kaltsiumiga-alpro-125-g",
   "hind": [
    {
     "hind": "0,79 €"
    }
   ]
  },
  {
   "product": "Mahe kanamuna L, KIKERIKII ÖKOMUNAD, 10 tk",
   "url": "https://www.selver.ee/mahe-kanamuna-l-kikerikii-okomunad-10-tk",
   "hind": [
    {
     "hind": "3,99 €"
    }
   ]
  },
  {
   "product": "Või Eesti 82%, ALMA, 200 g",
   "url": "https://www.selver.ee/voi-eesti-82-alma-200-g",
   "hind": [
    {
     "hind": "1,99 €"
    }
   ]
  },
  {
   "product": "Kakao kohupiim, SAIDA FARM, 200 g",
   "url": "https://www.selver.ee/kakao-kohupiim-saida-farm-200-g",
   "hind": [
    {
     "hind": "0,99 €"
    }
   ]
  },
  {
   "product": "Sojajook kaltsiumiga, ALPRO, 1 l",
   "url": "https://www.selver.ee/sojajook-kaltsiumiga-alpro-1-l",
   "hind": [
    {
     "hind": "2,49 €"
    }
   ]
  },
  {
   "product": "Hapupiimajook Haps marja, HELLUS, 1 kg",
   "url": "https://www.selver.ee/hapupiimajook-haps-marja-hellus-1-kg",
   "hind": [
    {
     "hind": "1,39 €"
    }
   ]
  },
  {
   "product": "Jogurt maitsestamata, kiudainetega. Laktoosivaba, HI!FIBER, 150 g",
   "url": "https://www.selver.ee/maitsestamata-jogurt-kiudainetega-laktoosivaba-hi-fiber-150-g",
   "hind": [
    {
     "hind": "0,75 €"
    }
   ]
  },
  {
   "product": "Proteiinijogurtijook metsamarja, VALIO PROFEEL, 275 g",
   "url": "https://www.selver.ee/proteiinijogurtijook-metsamarja-valio-profeel-275-g",
   "hind": [
    {
     "hind": "1,49 €"
    }
   ]
  },
  {
   "product": "Hapukoorega kodujuust kurgi ja tilliga, PIIMAMEISTER OTTO, 200 g",
   "url": "https://www.selver.ee/hapukoorega-kodujuust-kurgi-ja-tilliga-piimameister-otto-200-g",
   "hind": [
    {
     "hind": "0,99 €"
    }
   ]
  },
  {
   "product": "Jogurt Polka Maasikatega vitamiinidega, FARMI, 1 kg",
   "url": "https://www.selver.ee/jogurt-polka-maasikatega-vitamiinidega-farmi-1-kg",
   "hind": [
    {
     "hind": "1,89 €"
    }
   ]
  },
  {
   "product": "Õrrekanamunad L, ÕNNELIKE ÕRREKANADE MUNAD, 10 tk",
   "url": "https://www.selver.ee/orrekanamunad-l-onnelike-orrekanade-munad-10-tk",
   "hind": [
    {
     "hind": "2,29 €"
    }
   ]
  },
  {
   "product": "Munavalgemass, EVA, 500g",
   "url": "https://www.selver.ee/munavalgemass-eva-500g",
   "hind": [
    {
     "hind": "1,49 €"
    }
   ]
  },
  {
   "product": "Keefir metsmaasika, VALIO GEFILUS, 1 kg",
   "url": "https://www.selver.ee/keefir-metsmaasika-valio-gefilus-1-kg",
   "hind": [
    {
     "hind": "1,59 €"
    }
   ]
  },
  {
   "product": "AB-joogiskyr, FARMI, 750 g",
   "url": "https://www.selver.ee/ab-joogiskyr-farmi-750-g",
   "hind": [
    {
     "hind": "1,35 €"
    }
   ]
  },
  {
   "product": "Koorene jogurt kirssidega, FARMI, 1 kg",
   "url": "https://www.selver.ee/koorene-jogurt-kirssidega-farmi-1-kg",
   "hind": [
    {
     "hind": "2,39 €"
    }
   ]
  },
  {
   "product": "Kreeka jogurt metsmaasika, ALMA, 370 g",
   "url": "https://www.selver.ee/kreeka-jogurt-metsmaasika-alma-370-g",
   "hind": [
    {
     "hind": "1,39 €"
    }
   ]
  },
  {
   "product": "Toorjuust Light murulauguga, PHILADELPHIA, 200 g",
   "url": "https://www.selver.ee/toorjuust-light-murulauguga-philadelphia-200-g",
   "hind": [
    {
     "hind": "2,29 €"
    }
   ]
  },
  {
   "product": "Kodujuust väherasvane, TERE, 300 g",
   "url": "https://www.selver.ee/kodujuust-jogurtiga-1-tere-300-g",
   "hind": [
    {
     "hind": "1,49 €"
    }
   ]
  },
  {
   "product": "Kohupiimakreem kreeka maasika-passionivilja, 380g, ALMA",
   "url": "https://www.selver.ee/kohupiimakreem-kreeka-maasika-passionivilja-380g-alma",
   "hind": [
    {
     "hind": "1,49 €"
    }
   ]
  },
  {
   "product": "Või koduaia ürtidega, SAAREMAA, 150 g",
   "url": "https://www.selver.ee/saaremaa-voi-koduaia-urtidega-saaremaa-150-g",
   "hind": [
    {
     "hind": "1,99 €"
    }
   ]
  },
  {
   "product": "Joogijogurt metsmaasika, TERE, 900 g",
   "url": "https://www.selver.ee/joogijogurt-metsmaasika-tere-900-g",
   "hind": [
    {
     "hind": "1,49 €"
    }
   ]
  },
  {
   "product": "AB Skyr mango-passion, FARMI, 1 kg",
   "url": "https://www.selver.ee/ab-skyr-mango-passion-farmi-1-kg",
   "hind": [
    {
     "hind": "1,89 €"
    }
   ]
  },
  {
   "product": "Kaeravahepala maasika ja põldmarja, VALIO ODDLYGOOD, 150 g",
   "url": "https://www.selver.ee/kaeravahepala-maasika-ja-poldmarja-valio-oddlygood-150-g",
   "hind": [
    {
     "hind": "0,79 €"
    }
   ]
  },
  {
   "product": "Šokolaadi sojajook, ALPRO, 250 ml",
   "url": "https://www.selver.ee/sokolaadi-sojajook-alpro-250-ml",
   "hind": [
    {
     "hind": "0,99 €"
    }
   ]
  },
  {
   "product": "Maitsestamata jogurt laktoosivaba, TERE, 380 g",
   "url": "https://www.selver.ee/maitsestamata-jogurt-laktoosivaba-tere-380-g",
   "hind": [
    {
     "hind": "1,19 €"
    }
   ]
  },
  {
   "product": "Mascarpone puding karamelli ja meresoolaga, GOURMET CLUB, 175 g",
   "url": "https://www.selver.ee/mascarpone-puding-karamelli-ja-meresoolaga-gourmet-club-175-g",
   "hind": [
    {
     "hind": "1,79 €"
    }
   ]
  },
  {
   "product": "Muraka jogurt 2% vitamiinidega, FARMI, 1 kg",
   "url": "https://www.selver.ee/muraka-jogurt-2-vitamiinidega-farmi-1-kg",
   "hind": [
    {
     "hind": "2,09 €"
    }
   ]
  },
  {
   "product": "Jogurtijook Vita+ troopiline laktoosivaba 4x100g, ALMA, 400g",
   "url": "https://www.selver.ee/jogurtijook-vita-troopiline-laktoosivaba-4x100g-alma-400g",
   "hind": [
    {
     "hind": "1,49 €"
    }
   ]
  },
  {
   "product": "Keefir metsmaasika, VALIO GEFILUS, 300 g",
   "url": "https://www.selver.ee/keefir-metsmaasika-valio-gefilus-330-g",
   "hind": [
    {
     "hind": "0,89 €"
    }
   ]
  },
  {
   "product": "Mandlijook, magustamata, röstimata mandlitega, ALPRO, 1 l",
   "url": "https://www.selver.ee/mandlijook-magustamata-rostimata-mandlitega-alpro-1-l",
   "hind": [
    {
     "hind": "2,99 €"
    }
   ]
  },
  {
   "product": "Maitsestamata jogurt, FARMI, 1 kg",
   "url": "https://www.selver.ee/maitsestamata-jogurt-farmi-1-kg",
   "hind": [
    {
     "hind": "1,79 €"
    }
   ]
  },
  {
   "product": "Sojajook ilma suhkru ja soolata, ALPRO, 1 l",
   "url": "https://www.selver.ee/sojajook-ilma-suhkru-ja-soolata-alpro-1-l",
   "hind": [
    {
     "hind": "2,49 €"
    }
   ]
  },
  {
   "product": "Kaeravahepala vaarika ja mustika, VALIO ODDLYGOOD, 150 g",
   "url": "https://www.selver.ee/kaeravahepala-vaarika-ja-mustika-valio-oddlygood-150-g",
   "hind": [
    {
     "hind": "0,79 €"
    }
   ]
  },
  {
   "product": "Kreeka jogurt mustika, ALMA, 370 g",
   "url": "https://www.selver.ee/kreeka-jogurt-mustika-alma-370-g",
   "hind": [
    {
     "hind": "1,39 €"
    }
   ]
  },
  {
   "product": "Kohupiimakreem kreeka õunte ja kaneeliga, ALMA, 380g",
   "url": "https://www.selver.ee/kohupiimakreem-kreeka-ounte-ja-kaneeliga-alma-380g",
   "hind": [
    {
     "hind": "1,49 €"
    }
   ]
  },
  {
   "product": "Kreeka jogurt papaia-passioni, PARADIIS, 350 g",
   "url": "https://www.selver.ee/kreeka-jogurt-papaia-passioni-paradiis-350-g",
   "hind": [
    {
     "hind": "1,39 €"
    }
   ]
  },
  {
   "product": "Jogurtine toorpuder kookose ja chia seemnetega, FARMI, 175 g",
   "url": "https://www.selver.ee/jogurtine-toorpuder-kookose-ja-chia-seemnetega-farmi-175-g",
   "hind": [
    {
     "hind": "0,95 €"
    }
   ]
  },
  {
   "product": "Maasikamaitseline jogurt, SELVER, 1 kg",
   "url": "https://www.selver.ee/maasikamaitseline-jogurt-selver-1-kg",
   "hind": [
    {
     "hind": "1,09 €"
    }
   ]
  },
  {
   "product": "Joogijogurt Energia apelsini-porgandi laktoosivaba, GEFILUS, 1l",
   "url": "https://www.selver.ee/joogijogurt-energia-apelsini-porgandi-laktoosivaba-gefilus-1l",
   "hind": [
    {
     "hind": "1,49 €"
    }
   ]
  },
  {
   "product": "Rasvasegu võie Võideks, MUMUU, 400 g",
   "url": "https://www.selver.ee/rasvasegu-voie-voideks-mumuu-400-g",
   "hind": [
    {
     "hind": "3,79 €"
    }
   ]
  },
  {
   "product": "Voimix Soolane 60%, VOIMIX, 400 g",
   "url": "https://www.selver.ee/voimix-soolane-60-voimix-400-g",
   "hind": [
    {
     "hind": "1,39 €"
    }
   ]
  },
  {
   "product": "Täispiimajogurt põldmarja, ALMA, 350 g",
   "url": "https://www.selver.ee/taispiimajogurt-poldmarja-alma-350-g",
   "hind": [
    {
     "hind": "1,19 €"
    }
   ]
  },
  {
   "product": "Köögi toorjuust, FARMI, 400 g",
   "url": "https://www.selver.ee/koogi-toorjuust-farmi-400-g",
   "hind": [
    {
     "hind": "2,99 €"
    }
   ]
  },
  {
   "product": "Proteiinijogurtijook troopiline, VALIO PROFEEL, 275 g",
   "url": "https://www.selver.ee/proteiinijogurtijook-troopiline-valio-profeel-275-g",
   "hind": [
    {
     "hind": "1,49 €"
    }
   ]
  },
  {
   "product": "Köögikohupiimapasta rasvata, FARMI, 400 g",
   "url": "https://www.selver.ee/koogikohupiimapasta-rasvata-farmi-400-g",
   "hind": [
    {
     "hind": "1,59 €"
    }
   ]
  },
  {
   "product": "Hapupiimajook Haps vaarika, HELLUS, 1 kg",
   "url": "https://www.selver.ee/hapupiimajook-haps-vaarika-hellus-1-kg",
   "hind": [
    {
     "hind": "1,39 €"
    }
   ]
  },
  {
   "product": "Sulatatud juust, HIIRTE JUUST, 200 g",
   "url": "https://www.selver.ee/sulatatud-juust-hiirte-juust-200-g",
   "hind": [
    {
     "hind": "1,19 €"
    }
   ]
  },
  {
   "product": "Toorpuder kirsi ja odrahelvestega, MO SAAREMAA, 170 g",
   "url": "https://www.selver.ee/toorpuder-kirsi-ja-odrahelvestega-mo-saaremaa-170-g",
   "hind": [
    {
     "hind": "0,89 €"
    }
   ]
  },
  {
   "product": "Sojajook banaanimaitseline, ALPRO, 250 ml",
   "url": "https://www.selver.ee/sojajook-banaanimaitseline-alpro-250-ml",
   "hind": [
    {
     "hind": "0,99 €"
    }
   ]
  },
  {
   "product": "Mascarpone puding Morello kirsilisandiga, GOURMET CLUB, 175 g",
   "url": "https://www.selver.ee/mascarpone-puding-morello-kirsilisandiga-gourmet-club-175-g",
   "hind": [
    {
     "hind": "1,79 €"
    }
   ]
  },
  {
   "product": "India pähkli jook, ALPRO, 1 l",
   "url": "https://www.selver.ee/india-pahkli-jook-alpro-1-l",
   "hind": [
    {
     "hind": "2,99 €"
    }
   ]
  },
  {
   "product": "Proteiinikohupiimakreem vaarika, VALIO PROFEEL, 200 g",
   "url": "https://www.selver.ee/proteiinikohupiimakreem-vaarika-valio-profeel-200-g",
   "hind": [
    {
     "hind": "0,99 €"
    }
   ]
  },
  {
   "product": "Toorpuder pirni ja odrahelvestega, MO SAAREMAA, 170 g",
   "url": "https://www.selver.ee/toorpuder-pirni-ja-odrahelvestega-mo-saaremaa-170-g",
   "hind": [
    {
     "hind": "0,89 €"
    }
   ]
  },
  {
   "product": "Jogurt Jogobella light, ZOTT, 150 g",
   "url": "https://www.selver.ee/jogurt-jogobella-light-zott-150-g",
   "hind": [
    {
     "hind": "0,45 €"
    }
   ]
  },
  {
   "product": "Kondenspiim karamelliga, JAANI, 190 g",
   "url": "https://www.selver.ee/keedetud-kondenspiim-jaani-190-g",
   "hind": [
    {
     "hind": "0,99 €"
    }
   ]
  },
  {
   "product": "Vanilli sojajook, ALPRO, 1 l",
   "url": "https://www.selver.ee/vanilli-sojajook-alpro-1-l",
   "hind": [
    {
     "hind": "2,49 €"
    }
   ]
  },
  {
   "product": "Kookosejook riisiga, ALPRO, 1 l",
   "url": "https://www.selver.ee/kookosejook-riisiga-alpro-1-l",
   "hind": [
    {
     "hind": "2,99 €"
    }
   ]
  },
  {
   "product": "Almighurt jogurt, erinevad maitsed, EHRMANN, 100 g",
   "url": "https://www.selver.ee/almighurt-jogurt-erinevad-maitsed-ehrmann-100-g",
   "hind": [
    {
     "hind": "0,59 €"
    }
   ]
  },
  {
   "product": "Piim kõrgpastöriseeritud, MLEKOVITA, 500 g",
   "url": "https://www.selver.ee/piim-korgpastoriseeritud-mlekovita-500-g",
   "hind": [
    {
     "hind": "0,89 €"
    }
   ]
  },
  {
   "product": "Määrdejuust Lepasuitsu, E-PIIM, 180 g",
   "url": "https://www.selver.ee/maardejuust-lepasuitsu-e-piim-180-g",
   "hind": [
    {
     "hind": "1,29 €"
    }
   ]
  },
  {
   "product": "Jogurtijook kreeka mango-maasika, ALMA, 275 g",
   "url": "https://www.selver.ee/jogurtijook-kreeka-mango-maasika-alma-275-g",
   "hind": [
    {
     "hind": "0,89 €"
    }
   ]
  },
  {
   "product": "Harilik kohupiim, SAIDA FARM, 500 g",
   "url": "https://www.selver.ee/harilik-kohupiim-saida-farm-500-g",
   "hind": [
    {
     "hind": "1,99 €"
    }
   ]
  },
  {
   "product": "Rasvasegu võie Võideks light, MUMUU, 200 g",
   "url": "https://www.selver.ee/rasvasegu-voie-voideks-light-mumuu-200-g",
   "hind": [
    {
     "hind": "0,99 €"
    }
   ]
  },
  {
   "product": "Toorjuustukreem šokolaadiga, PHILADELPHIA, 175 g",
   "url": "https://www.selver.ee/toorjuustukreem-sokolaadiga-philadelphia-175-g",
   "hind": [
    {
     "hind": "2,29 €"
    }
   ]
  },
  {
   "product": "Toorjuust mädarõikaga, MIREE, 150 g",
   "url": "https://www.selver.ee/toorjuust-madaroikaga-miree-150-g",
   "hind": [
    {
     "hind": "1,59 €"
    }
   ]
  },
  {
   "product": "Toorjuust murulauguga, FARMI, 150 g",
   "url": "https://www.selver.ee/toorjuust-murulauguga-farmi-150-g",
   "hind": [
    {
     "hind": "1,69 €"
    }
   ]
  },
  {
   "product": "AB hapupiim D-vitamiiniga 1%, TERE, 1 kg",
   "url": "https://www.selver.ee/ab-hapupiim-d-vitamiiniga-1-tere-1-kg",
   "hind": [
    {
     "hind": "0,99 €"
    }
   ]
  },
  {
   "product": "Joogijogurt mango-ananassi-linaseemnetega, ACTIVIA, 280 g",
   "url": "https://www.selver.ee/joogijogurt-mango-ananassi-linaseemnetega-activia-280-g",
   "hind": [
    {
     "hind": "0,99 €"
    }
   ]
  },
  {
   "product": "Margariin Camelina vähendatud rasvasisaldusega 60%, KEIJU, 400 g",
   "url": "https://www.selver.ee/margariin-camelina-vahendatud-rasvasisaldusega-60-keiju-400-g",
   "hind": [
    {
     "hind": "1,69 €"
    }
   ]
  },
  {
   "product": "Kookospiimast hapendatud vegantoode mango-passioni, COCODELI, 150g",
   "url": "https://www.selver.ee/kookospiimast-hapendatud-vegantoode-mango-passioni-cocodeli-150g",
   "hind": [
    {
     "hind": "1,29 €"
    }
   ]
  },
  {
   "product": "Kreemjogurt kirsilisandiga, FANTASIA, 122 g",
   "url": "https://www.selver.ee/kreemjogurt-kirsilisandiga-fantasia-122-g",
   "hind": [
    {
     "hind": "0,59 €"
    }
   ]
  },
  {
   "product": "Võimaitseline margariin 80%, DELMA, 500 g",
   "url": "https://www.selver.ee/voimaitseline-margariin-80-delma-500-g",
   "hind": [
    {
     "hind": "1,39 €"
    }
   ]
  },
  {
   "product": "Hapukooreasendaja kaerast, FRIENDLY VIKING'S, 200g",
   "url": "https://www.selver.ee/hapukooreasendaja-kaerast-friendly-viking-200g",
   "hind": [
    {
     "hind": "1,89 €"
    }
   ]
  },
  {
   "product": "Magustoit kodujuustu ja jogurtiga, erinevad maitsed, EHRMANN, 150g",
   "url": "https://www.selver.ee/magustoit-kodujuustu-ja-jogurtiga-erinevad-maitsed-ehrmann-150g",
   "hind": [
    {
     "hind": "0,69 €"
    }
   ]
  },
  {
   "product": "Toorpiim pastöriseerimata, NOPRI, 1 l",
   "url": "https://www.selver.ee/toorpiim-pastoriseerimata-nopri-1-l",
   "hind": [
    {
     "hind": "1,39 €"
    }
   ]
  },
  {
   "product": "Rosina kohupiim, SAIDA FARM, 200 g",
   "url": "https://www.selver.ee/rosina-kohupiim-saida-farm-200-g",
   "hind": [
    {
     "hind": "0,99 €"
    }
   ]
  },
  {
   "product": "Koorejogurt Muah rukkileiva, ALMA, 380 g",
   "url": "https://www.selver.ee/koorejogurt-muah-rukkileiva-alma-380-g",
   "hind": [
    {
     "hind": "1,29 €"
    }
   ]
  },
  {
   "product": "Jogurt, erinevad maitsed, EHRMANN, 150g",
   "url": "https://www.selver.ee/jogurt-erinevad-maitsed-ehrmann-150g",
   "hind": [
    {
     "hind": "0,59 €"
    }
   ]
  },
  {
   "product": "Taimne puding šokolaadi, TERE , 125g",
   "url": "https://www.selver.ee/taimne-puding-sokolaadi-125g",
   "hind": [
    {
     "hind": "0,75 €"
    }
   ]
  },
  {
   "product": "Rosina kohupiim, SAIDA FARM, 500 g",
   "url": "https://www.selver.ee/rosina-kohupiim-saida-farm-500-g",
   "hind": [
    {
     "hind": "2,29 €"
    }
   ]
  },
  {
   "product": "Õrrekanade munad valged, 10tk",
   "url": "https://www.selver.ee/orrekanade-munad-valged-10tk",
   "hind": [
    {
     "hind": "2,29 €"
    }
   ]
  },
  {
   "product": "Kaerajook Barista, FRIENDLY VIKING´S, 1 l",
   "url": "https://www.selver.ee/kaerajook-barista-friendly-viking-s-1-l",
   "hind": [
    {
     "hind": "2,59 €"
    }
   ]
  },
  {
   "product": "Toorjuust küüslauguga, FARMI, 150 g",
   "url": "https://www.selver.ee/toorjuust-kuuslauguga-farmi-150-g",
   "hind": [
    {
     "hind": "1,69 €"
    }
   ]
  },
  {
   "product": "Jogurtijook banaanimaitseline maasika 8-pakk, VALIO GEFILUS, 800 g",
   "url": "https://www.selver.ee/jogurtijook-banaanimaitseline-maasika-8-pakk-valio-gefilus-800-g",
   "hind": [
    {
     "hind": "2,79 €"
    }
   ]
  },
  {
   "product": "Prantsuse stiilis maitsestamata jogurt, FARMI, 150g",
   "url": "https://www.selver.ee/prantsuse-stiilis-maitsestamata-jogurt-farmi-150g",
   "hind": [
    {
     "hind": "0,69 €"
    }
   ]
  },
  {
   "product": "Mandlijook, ALPRO, 250 ml",
   "url": "https://www.selver.ee/mandlijook-alpro-250-ml",
   "hind": [
    {
     "hind": "0,99 €"
    }
   ]
  },
  {
   "product": "Kaerajook kaltsiumi ja vitamiinidega, magustamata, ALPRO, 1 l",
   "url": "https://www.selver.ee/kaerajook-kaltsiumi-ja-vitamiinidega-magustamata-alpro-1-l",
   "hind": [
    {
     "hind": "2,49 €"
    }
   ]
  },
  {
   "product": "Jogurt maasikalisandiga, FANTASIA, 122 g",
   "url": "https://www.selver.ee/jogurt-maasikalisandiga-fantasia-122-g",
   "hind": [
    {
     "hind": "0,59 €"
    }
   ]
  },
  {
   "product": "Paulig Frezza Mint, PAULIG, 250 ml",
   "url": "https://www.selver.ee/paulig-frezza-mint-paulig-250-ml-1",
   "hind": [
    {
     "hind": "1,99 €"
    }
   ]
  },
  {
   "product": "Piimakissell 2,2%, TERE, 1 kg",
   "url": "https://www.selver.ee/piimakissell-2-2-tere-1-kg",
   "hind": [
    {
     "hind": "1,59 €"
    }
   ]
  },
  {
   "product": "Barista sojajook, ALPRO, 1 l",
   "url": "https://www.selver.ee/barista-sojajook-alpro-1-l",
   "hind": [
    {
     "hind": "2,49 €"
    }
   ]
  },
  {
   "product": "Koorejogurt Muah kirsi-panna cotta maitseline, 380g, ALMA",
   "url": "https://www.selver.ee/koorejogurt-muah-kirsi-panna-cotta-maitseline-380g-alma",
   "hind": [
    {
     "hind": "1,29 €"
    }
   ]
  },
  {
   "product": "Kreekapärane vanilli kaerasuupiste, FRIENDLY VIKING'S, 150g",
   "url": "https://www.selver.ee/kreekaparane-vanilli-kaerasuupiste-friendly-viking-150g",
   "hind": [
    {
     "hind": "1,59 €"
    }
   ]
  },
  {
   "product": "Joogijogurt greibi-füüsali, TERE, 900 g",
   "url": "https://www.selver.ee/joogijogurt-greibi-fuusali-tere-900-g",
   "hind": [
    {
     "hind": "1,49 €"
    }
   ]
  },
  {
   "product": "Jogurtine magustoit koogitükkidega, erinevad maitsed, EHRMANN, 150 g",
   "url": "https://www.selver.ee/jogurtine-magustoit-koogitukkidega-ehrmann-150-g",
   "hind": [
    {
     "hind": "0,59 €"
    }
   ]
  },
  {
   "product": "Kreekapärane mango kaerasuupiste, FRIENDLY VIKING'S, 150g",
   "url": "https://www.selver.ee/kreekaparane-mango-kaerasuupiste-friendly-viking-150g",
   "hind": [
    {
     "hind": "1,59 €"
    }
   ]
  },
  {
   "product": "Kookospiimast hapendatud vegantoode maitsestamata, COCODELI, 150g",
   "url": "https://www.selver.ee/kookospiimast-hapendatud-vegantoode-maitsestamata-cocodeli-150g",
   "hind": [
    {
     "hind": "1,29 €"
    }
   ]
  },
  {
   "product": "Kaerajook mandliga, ALPRO, 1 l",
   "url": "https://www.selver.ee/kaerajook-mandliga-alpro-1-l",
   "hind": [
    {
     "hind": "2,99 €"
    }
   ]
  },
  {
   "product": "Sojajook šokolaadimaitseline, ALPRO, 1 l",
   "url": "https://www.selver.ee/sojajook-sokolaadimaitseline-alpro-1-l",
   "hind": [
    {
     "hind": "2,49 €"
    }
   ]
  },
  {
   "product": "Margariin Voimix soolane 60%, VOIMIX, 250 g",
   "url": "https://www.selver.ee/margariin-voimix-soolane-60-voimix-250-g",
   "hind": [
    {
     "hind": "0,99 €"
    }
   ]
  },
  {
   "product": "Laktoosivaba vahukoor UHT 38%, VALIO, 1 l",
   "url": "https://www.selver.ee/laktoosivaba-vahukoor-uht-38-valio-1-l",
   "hind": [
    {
     "hind": "4,99 €"
    }
   ]
  },
  {
   "product": "Kohupiimakreem kreeka mustika, ALMA, 150 g",
   "url": "https://www.selver.ee/kohupiimakreem-kreeka-mustika-alma-150-g",
   "hind": [
    {
     "hind": "0,79 €"
    }
   ]
  },
  {
   "product": "Kookospiimast hapendatud vegantoode mustika, COCODELI, 150g",
   "url": "https://www.selver.ee/kookospiimast-hapendatud-vegantoode-mustika-cocodeli-150g",
   "hind": [
    {
     "hind": "1,29 €"
    }
   ]
  },
  {
   "product": "Margariin 60%, OPTIMA CARDIO, 225 g",
   "url": "https://www.selver.ee/margariin-60-optima-cardio-225-g",
   "hind": [
    {
     "hind": "2,89 €"
    }
   ]
  },
  {
   "product": "Mahe kaerajook, OATLY, 1 l",
   "url": "https://www.selver.ee/mahe-kaerajook-oatly-1-l",
   "hind": [
    {
     "hind": "2,99 €"
    }
   ]
  },
  {
   "product": "Kondenspiim suhkru ja kakaoga, JAANI, 250 g",
   "url": "https://www.selver.ee/kondenspiim-suhkru-ja-kakaoga-jaani-250-g",
   "hind": [
    {
     "hind": "1,79 €"
    }
   ]
  },
  {
   "product": "Kohupiimakreem astelpajumoosiga, SAIDA FARM, 200 g",
   "url": "https://www.selver.ee/kohupiimakreem-astelpajumoosiga-saida-farm-200-g",
   "hind": [
    {
     "hind": "1,19 €"
    }
   ]
  },
  {
   "product": "Joogijogurt pistaatsia, TERE, 900 g",
   "url": "https://www.selver.ee/joogijogurt-pistaatsia-tere-900-g",
   "hind": [
    {
     "hind": "1,49 €"
    }
   ]
  },
  {
   "product": "Puding karamellimaitseline proteiiniga, EHRMANN, 200g",
   "url": "https://www.selver.ee/puding-karamellimaitseline-proteiiniga-ehrmann-200g",
   "hind": [
    {
     "hind": "1,59 €"
    }
   ]
  },
  {
   "product": "Creme Brulee Klassikaline, JOEL OSTRAT, 125 g",
   "url": "https://www.selver.ee/creme-brulee-klassikaline-joel-ostrat-125-g",
   "hind": [
    {
     "hind": "2,19 €"
    }
   ]
  },
  {
   "product": "Vanilli sojajook, ALPRO, 250 ml",
   "url": "https://www.selver.ee/vanilli-sojajook-alpro-250-ml",
   "hind": [
    {
     "hind": "0,99 €"
    }
   ]
  },
  {
   "product": "Kreemjogurt kookospallidega, FANTASIA, 98 g",
   "url": "https://www.selver.ee/kreemjogurt-kookospallidega-fantasia-98-g",
   "hind": [
    {
     "hind": "0,69 €"
    }
   ]
  },
  {
   "product": "Puding shokolaadimaitseline proteiiniga, EHRMANN, 200g",
   "url": "https://www.selver.ee/puding-shokolaadimaitseline-proteiiniga-ehrmann-200g",
   "hind": [
    {
     "hind": "1,59 €"
    }
   ]
  },
  {
   "product": "Almighurt jogurt mooni-martsipani, EHRMANN, 500g",
   "url": "https://www.selver.ee/almighurt-jogurt-mooni-martsipani-ehrmann-500g",
   "hind": [
    {
     "hind": "2,29 €"
    }
   ]
  },
  {
   "product": "Maitsestamata mahejogurt täispiimast maasikalisandiga, SAARE ÖKO, 150g",
   "url": "https://www.selver.ee/maitsestamata-mahejogurt-taispiimast-maasikalisandiga-saare-oko-150g",
   "hind": [
    {
     "hind": "0,89 €"
    }
   ]
  },
  {
   "product": "Rasvasegu võie Võideks, TERE, 200 g",
   "url": "https://www.selver.ee/rasvasegu-voie-voideks-tere-200-g",
   "hind": [
    {
     "hind": "1,99 €"
    }
   ]
  },
  {
   "product": "Karamellikissell, TERE, 1 kg",
   "url": "https://www.selver.ee/karamellikissell-tere-1-kg",
   "hind": [
    {
     "hind": "1,59 €"
    }
   ]
  },
  {
   "product": "HULGI Vanillimaitseline kohupiim 5tk, SELVER, 5 x 200 g",
   "url": "https://www.selver.ee/hulgi-vanillimaitseline-kohupiim-5tk-selver-200-g",
   "hind": [
    {
     "hind": "3,00 €"
    }
   ]
  },
  {
   "product": "HULGI Jõhvika glasuurkohukese multipakk 3tk, KOHUKE CLASSIC, 3 x (5x43g)",
   "url": "https://www.selver.ee/hulgi-johvika-glasuurkohukese-multipakk-3tk-kohuke-classic-3-x-5x43g",
   "hind": [
    {
     "hind": "4,00 €"
    }
   ]
  },
  {
   "product": "Koorejogurt Muah aedmaasikas õhulise biskviidiga, ALMA, 380 g",
   "url": "https://www.selver.ee/koorejogurt-muah-aedmaasikas-ohulise-biskviidiga-alma-380-g",
   "hind": [
    {
     "hind": "1,29 €"
    }
   ]
  },
  {
   "product": "Kohvijook Frezza Vanilla, PAULIG, 250 ml",
   "url": "https://www.selver.ee/kohvijook-frezza-vanilla-paulig-250-ml-1",
   "hind": [
    {
     "hind": "1,99 €"
    }
   ]
  },
  {
   "product": "Mustika-maasikasmuuti, NOPRI & JOEL OSTRAT, 300 g",
   "url": "https://www.selver.ee/mustika-maasikasmuuti-nopri-joel-ostrat-300-g",
   "hind": [
    {
     "hind": "1,19 €"
    }
   ]
  },
  {
   "product": "Maitsestamata mahejogurt täispiimast mustikalisandiga, SAARE ÖKO, 150g",
   "url": "https://www.selver.ee/maitsestamata-mahejogurt-taispiimast-mustikalisandiga-saare-oko-150g",
   "hind": [
    {
     "hind": "0,89 €"
    }
   ]
  },
  {
   "product": "Maitsestamata mahejogurt täispiimast rabarberilisandiga, SAARE ÖKO, 150g",
   "url": "https://www.selver.ee/maitsestamata-mahejogurt-taispiimast-rabarberilisandiga-saare-oko-150g",
   "hind": [
    {
     "hind": "0,89 €"
    }
   ]
  },
  {
   "product": "Kitsepiim 2,5% UHT, DANMIS, 500 ml",
   "url": "https://www.selver.ee/kitsepiim-2-5-uht-danmis-500-ml",
   "hind": [
    {
     "hind": "1,59 €"
    }
   ]
  },
  {
   "product": "Puding šokolaadi kakao-kreemiga, EHRMANN, 190g",
   "url": "https://www.selver.ee/puding-sokolaadi-kakao-kreemiga-ehrmann-190g",
   "hind": [
    {
     "hind": "0,79 €"
    }
   ]
  },
  {
   "product": "Kaerajook, OATLY, 1 l",
   "url": "https://www.selver.ee/kaerajook-oatly-1-l",
   "hind": [
    {
     "hind": "2,99 €"
    }
   ]
  },
  {
   "product": "Hapukoor 20% tops, FARMI,",
   "url": "https://www.selver.ee/hapukoor-20-tops-farmi",
   "hind": [
    {
     "hind": "0,79 €"
    }
   ]
  },
  {
   "product": "Küpsetusmargariin 72%, EVESOL, 500 g",
   "url": "https://www.selver.ee/kupsetusmargariin-70-evesol-500-g",
   "hind": [
    {
     "hind": "1,69 €"
    }
   ]
  },
  {
   "product": "Searasv, LEMMIK, 200 g",
   "url": "https://www.selver.ee/searasv-lemmik-200-g",
   "hind": [
    {
     "hind": "0,99 €"
    }
   ]
  },
  {
   "product": "Kohupiimakreem mustsõstramoosiga, SAIDA FARM, 200 g",
   "url": "https://www.selver.ee/kohupiimakreem-mustsostramoosiga-saida-farm-200-g",
   "hind": [
    {
     "hind": "1,19 €"
    }
   ]
  },
  {
   "product": "Toorjuust Gorgonzola, MIREE, 150 g",
   "url": "https://www.selver.ee/toorjuust-gorgonzola-miree-150-g",
   "hind": [
    {
     "hind": "1,59 €"
    }
   ]
  },
  {
   "product": "Kaerajook, FRIENDLY VIKING´S, 1 l",
   "url": "https://www.selver.ee/kaerajook-friendly-viking-s-1-l",
   "hind": [
    {
     "hind": "2,49 €"
    }
   ]
  },
  {
   "product": "Soolane poolrasvane margariin 39%, DELMA, 500 g",
   "url": "https://www.selver.ee/soolane-poolrasvane-margariin-39-delma-500-g",
   "hind": [
    {
     "hind": "1,39 €"
    }
   ]
  },
  {
   "product": "Puding toffee, EHRMANN, 190g",
   "url": "https://www.selver.ee/puding-toffee-ehrmann-190g",
   "hind": [
    {
     "hind": "0,79 €"
    }
   ]
  },
  {
   "product": "Margariin küpsetamiseks 80%, VILMA, 500 g",
   "url": "https://www.selver.ee/margariin-kupsetamiseks-80-vilma-500-g",
   "hind": [
    {
     "hind": "1,59 €"
    }
   ]
  },
  {
   "product": "Kohvijook Frezza Caramel Popcorn, PAULIG, 250 ml",
   "url": "https://www.selver.ee/kohvijook-frezza-caramel-popcorn-paulig-250-ml",
   "hind": [
    {
     "hind": "1,99 €"
    }
   ]
  },
  {
   "product": "Rama Margariin Classic 75% 450g, RAMA, 450g",
   "url": "https://www.selver.ee/rama-margariin-classic-75-450g-rama-450g",
   "hind": [
    {
     "hind": "1,69 €"
    }
   ]
  },
  {
   "product": "Kookoskreem, PLANTON, 200 g",
   "url": "https://www.selver.ee/kookoskreem-planton-200-g",
   "hind": [
    {
     "hind": "1,99 €"
    }
   ]
  },
  {
   "product": "HULGI Või 82% 6tk, SELVER, 6 x 200g",
   "url": "https://www.selver.ee/voi-82-6tk",
   "hind": [
    {
     "hind": "8,40 €"
    }
   ]
  },
  {
   "product": "Munavalged õrrekanade munadest, WHITEPRO, 1 kg",
   "url": "https://www.selver.ee/munavalged-orrekanade-munadest-whitepro-1-kg",
   "hind": [
    {
     "hind": "4,79 €"
    }
   ]
  },
  {
   "product": "Ürdivõie, ALMA, 100 g",
   "url": "https://www.selver.ee/urdivoie-alma-100-g",
   "hind": [
    {
     "hind": "1,29 €"
    }
   ]
  },
  {
   "product": "Kookosjogurt mango alphonso BIO, VEGUP, 140 g",
   "url": "https://www.selver.ee/kookosjogurt-mango-alphonso-bio-vegup-140-g",
   "hind": [
    {
     "hind": "1,69 €"
    }
   ]
  },
  {
   "product": "Kookosjook šokolaadimaitseline, ALPRO, 1 l",
   "url": "https://www.selver.ee/kookosjook-sokolaadimaitseline-alpro-1-l",
   "hind": [
    {
     "hind": "2,99 €"
    }
   ]
  },
  {
   "product": "Pannkoogitaigen, EVA, 1kg",
   "url": "https://www.selver.ee/pannkoogitaigen-eva-1kg",
   "hind": [
    {
     "hind": "2,99 €"
    }
   ]
  },
  {
   "product": "Kreekapärane maitsestamata kaerasuupiste, FRIENDLY VIKING'S, 150g",
   "url": "https://www.selver.ee/kreekaparane-maitsestamata-kaerasuupiste-friendly-viking-150g",
   "hind": [
    {
     "hind": "1,59 €"
    }
   ]
  },
  {
   "product": "Piim UHT 3,8%, MINUS L, 1 l",
   "url": "https://www.selver.ee/piim-uht-3-8-minus-l-1-l",
   "hind": [
    {
     "hind": "1,99 €"
    }
   ]
  },
  {
   "product": "Kitsepiim pastöriseerimata, ANDRI-PEEDO, 1 l",
   "url": "https://www.selver.ee/kitsepiim-pastoriseerimata-andri-peedo-1-l",
   "hind": [
    {
     "hind": "2,99 €"
    }
   ]
  },
  {
   "product": "Proteiinijogurtijook kirsi, VALIO PROFEEL, 275g",
   "url": "https://www.selver.ee/proteiinijogurtijook-kirsi-valio-profeel-275g",
   "hind": [
    {
     "hind": "1,49 €"
    }
   ]
  },
  {
   "product": "HULGI Meiereivõi soolata 2tk, VALIO, 2 x 500 g",
   "url": "https://www.selver.ee/hulgi-meiereivoi-soolata-2tk-valio-500-g",
   "hind": [
    {
     "hind": "7,00 €"
    }
   ]
  },
  {
   "product": "Sulatatud juust suitsujuustuga, HIIRTE JUUST, 200 g",
   "url": "https://www.selver.ee/sulatatud-juust-suitsujuustuga-hiirte-juust-200-g",
   "hind": [
    {
     "hind": "1,19 €"
    }
   ]
  },
  {
   "product": "Talukissell Mustikas, NOPRI, 180g",
   "url": "https://www.selver.ee/talukissell-mustikas-nopri-180g",
   "hind": [
    {
     "hind": "1,09 €"
    }
   ]
  },
  {
   "product": "HULGI Kodujuust 4tk, SELVER, 4 x 380 g",
   "url": "https://www.selver.ee/hulgi-kodujuust-4tk-selver-380-g",
   "hind": [
    {
     "hind": "4,00 €"
    }
   ]
  },
  {
   "product": "Saaremaa vöi karulauguga, GOURMET CLUB, 150 g",
   "url": "https://www.selver.ee/saaremaa-voi-karulauguga-gourmet-club-150-g",
   "hind": [
    {
     "hind": "2,59 €"
    }
   ]
  },
  {
   "product": "Sulatatud juust suitsusingiga, HIIRTE JUUST, 200 g",
   "url": "https://www.selver.ee/sulatatud-juust-suitsusingiga-hiirte-juust-200-g",
   "hind": [
    {
     "hind": "1,19 €"
    }
   ]
  },
  {
   "product": "HULGI, Tervisemunad M10 3tk, EGGO, 3 x 10tk",
   "url": "https://www.selver.ee/hulgi-tervisemunad-m10-3tk-eggo-3-x-10tk",
   "hind": [
    {
     "hind": "5,00 €"
    }
   ]
  },
  {
   "product": "Talukissell Ploom, NOPRI, 180g",
   "url": "https://www.selver.ee/talukissell-ploom-nopri-180g",
   "hind": [
    {
     "hind": "1,09 €"
    }
   ]
  },
  {
   "product": "Toorjuust Mascarpone, EUROSER, 500 g",
   "url": "https://www.selver.ee/toorjuust-mascarpone-euroser-500-g",
   "hind": [
    {
     "hind": "4,99 €"
    }
   ]
  },
  {
   "product": "Talupudding Tikri-kiivi, NOPRI, 200g",
   "url": "https://www.selver.ee/talupudding-tikri-kiivi-nopri-200g",
   "hind": [
    {
     "hind": "1,19 €"
    }
   ]
  },
  {
   "product": "Jogurtijook kreeka vaarika-virsiku, ALMA, 275g",
   "url": "https://www.selver.ee/jogurtijook-kreeka-vaarika-virsiku-alma-275g",
   "hind": [
    {
     "hind": "0,89 €"
    }
   ]
  },
  {
   "product": "Skyr õuna-kaneeli, FARMI, 150 g",
   "url": "https://www.selver.ee/skyr-ouna-kaneeli-farmi",
   "hind": [
    {
     "hind": "0,89 €"
    }
   ]
  },
  {
   "product": "Mahetäispiim 3,8-4,2% laktoosivaba, SAARE ÖKO, 2l",
   "url": "https://www.selver.ee/mahetaispiim-3-8-4-2-laktoosivaba-saare-oko-2l",
   "hind": [
    {
     "hind": "2,39 €"
    }
   ]
  },
  {
   "product": "DELMA Extra margariin 39% 500g, DELMA, 500g",
   "url": "https://www.selver.ee/delma-extra-margariin-39-500g-delma-500g",
   "hind": [
    {
     "hind": "1,39 €"
    }
   ]
  },
  {
   "product": "Jogurtijook mustika-granaatõuna, vitamiin C-ga 4x100g, ACTIMEL,",
   "url": "https://www.selver.ee/jogurtijook-mustika-granaatouna-vitamiin-c-ga-4x100g-actimel",
   "hind": [
    {
     "hind": "1,89 €"
    }
   ]
  },
  {
   "product": "HULGI Lahja kohupiim 0,5% 5tk, SELVER, 5 x 200 g",
   "url": "https://www.selver.ee/hulgi-lahja-kohupiim-0-5-5tk-selver-5-x-200-g",
   "hind": [
    {
     "hind": "3,00 €"
    }
   ]
  },
  {
   "product": "Kookosjogurt mustika ja mustsõstra BIO, VEGUP, 140 g",
   "url": "https://www.selver.ee/kookosjogurt-mustika-ja-mustsostra-bio-vegup-140-g",
   "hind": [
    {
     "hind": "1,69 €"
    }
   ]
  },
  {
   "product": "Keefir virsiku-papaia, GEFILUS, 300g",
   "url": "https://www.selver.ee/keefir-virsiku-papaia-gefilus-300g",
   "hind": [
    {
     "hind": "0,89 €"
    }
   ]
  },
  {
   "product": "Rama Margariin Soolaga 75% 400g, RAMA, 400g",
   "url": "https://www.selver.ee/rama-margariin-soolaga-75-400g-rama-400g",
   "hind": [
    {
     "hind": "1,69 €"
    }
   ]
  },
  {
   "product": "Kakaojook, SAARE, 220 ml",
   "url": "https://www.selver.ee/kakaojook-saare-220-ml",
   "hind": [
    {
     "hind": "1,29 €"
    }
   ]
  },
  {
   "product": "Šokolaadi kaerajook, OATLY, 1 l",
   "url": "https://www.selver.ee/sokolaadi-kaerajook-oatly-1-l",
   "hind": [
    {
     "hind": "2,99 €"
    }
   ]
  },
  {
   "product": "Kohvijook cappuccino, SAARE, 220 ml",
   "url": "https://www.selver.ee/kohvijook-cappuccino-saare-220-ml",
   "hind": [
    {
     "hind": "1,29 €"
    }
   ]
  },
  {
   "product": "Talupudding vanilje, NOPRI, 200g",
   "url": "https://www.selver.ee/talupudding-vanilje-nopri-200g",
   "hind": [
    {
     "hind": "1,19 €"
    }
   ]
  },
  {
   "product": "HULGI Kondenspiim suhkruga 3tk, JAANI, 3 x 250 g",
   "url": "https://www.selver.ee/hulgi-kondenspiim-suhkruga-3tk-jaani-3-x-250-g",
   "hind": [
    {
     "hind": "3,45 €"
    }
   ]
  },
  {
   "product": "Jogurtijook õuna-kiivimaitseline 4x100g, ACTIMEL, 400g",
   "url": "https://www.selver.ee/jogurtijook-ouna-kiivimaitseline-4x100g-actimel-400g",
   "hind": [
    {
     "hind": "1,89 €"
    }
   ]
  },
  {
   "product": "Küpsetusmargariin 72%, EVESOL, 250 g",
   "url": "https://www.selver.ee/kupsetusmargariin-75-evesol-250-g",
   "hind": [
    {
     "hind": "0,99 €"
    }
   ]
  },
  {
   "product": "Taimne võileivamääre kaerast, OATLY, 150 g",
   "url": "https://www.selver.ee/taimne-voileivamaare-kaerast-oatly-150-g",
   "hind": [
    {
     "hind": "2,99 €"
    }
   ]
  },
  {
   "product": "Mahe köögikreem kaerast 13%, OATLY, 250 ml",
   "url": "https://www.selver.ee/mahe-koogikreem-kaerast-13-oatly-250-ml",
   "hind": [
    {
     "hind": "1,89 €"
    }
   ]
  },
  {
   "product": "Kookose talumaius, NOPRI, 100g",
   "url": "https://www.selver.ee/kookose-talumaius-nopri-100g",
   "hind": [
    {
     "hind": "1,39 €"
    }
   ]
  },
  {
   "product": "Kookosjogurt Ananass- Mango, PLANTON, 160 g",
   "url": "https://www.selver.ee/kookosjogurt-ananass-mango-planton-160-g",
   "hind": [
    {
     "hind": "1,59 €"
    }
   ]
  },
  {
   "product": "Köögikreem kaerast 13%, OATLY, 250 ml",
   "url": "https://www.selver.ee/koogikreem-kaerast-13-oatly-250-ml",
   "hind": [
    {
     "hind": "1,79 €"
    }
   ]
  },
  {
   "product": "Toorjuust kitsepiimast, MERCI CHEF, 140 g",
   "url": "https://www.selver.ee/toorjuust-kitsepiimast-merci-chef-140-g",
   "hind": [
    {
     "hind": "2,49 €"
    }
   ]
  },
  {
   "product": "HULGI Kaerajook 6tk, TERE, 6 x 1 l",
   "url": "https://www.selver.ee/hulgi-kaerajook-6tk-tere-6-x-1-l",
   "hind": [
    {
     "hind": "9,00 €"
    }
   ]
  },
  {
   "product": "Kookosrasv, COCOS, 500 g",
   "url": "https://www.selver.ee/kookosrasv-cocos-500-g",
   "hind": [
    {
     "hind": "4,99 €"
    }
   ]
  },
  {
   "product": "Kaerajook rasvasusega 12%, NEMOLOKO, 250ml",
   "url": "https://www.selver.ee/kaerajook-rasvasusega-12-nemoloko-250ml",
   "hind": [
    {
     "hind": "1,19 €"
    }
   ]
  },
  {
   "product": "Kaerajook matcha teega, NEMOLOKO, 250ml",
   "url": "https://www.selver.ee/kaerajook-matcha-teega-nemoloko-250ml",
   "hind": [
    {
     "hind": "1,19 €"
    }
   ]
  },
  {
   "product": "Kaeramagustoit mustsõstra ja vaarikaga, NEMOLOKO, 250ml",
   "url": "https://www.selver.ee/kaeramagustoit-musta-sostra-ja-vaarikaga-nemoloko-250ml",
   "hind": [
    {
     "hind": "1,19 €"
    }
   ]
  },
  {
   "product": "Tatrajook, klassikaline, NEMOLOKO, 1l",
   "url": "https://www.selver.ee/tatrajook-klassikaline-nemoloko-1l",
   "hind": [
    {
     "hind": "2,29 €"
    }
   ]
  },
  {
   "product": "HULGI Kaerajook 8tk, ALPRO, 8 x 1 l",
   "url": "https://www.selver.ee/kaerajook-8tk",
   "hind": [
    {
     "hind": "14,00 €"
    }
   ]
  },
  {
   "product": "Või pühvlipiimast, FATTORIE GAROFALO, 125 g",
   "url": "https://www.selver.ee/voi-puhvlipiimast-fattorie-garofalo-125-g",
   "hind": [
    {
     "hind": "1,59 €"
    }
   ]
  },
  {
   "product": "Talukodujuust tilliga, NOPRI, 300g",
   "url": "https://www.selver.ee/talukodujuust-tilliga-nopri-300g",
   "hind": [
    {
     "hind": "1,79 €"
    }
   ]
  },
  {
   "product": "Kaeramagustoit banaaniga, NEMOLOKO, 250ml",
   "url": "https://www.selver.ee/kaera-banaani-magustoit-nemoloko-250ml",
   "hind": [
    {
     "hind": "1,19 €"
    }
   ]
  },
  {
   "product": "Talukoduust koorega, NOPRI, 300g",
   "url": "https://www.selver.ee/talukoduust-koorega-nopri-300g",
   "hind": [
    {
     "hind": "1,79 €"
    }
   ]
  },
  {
   "product": "Kaera-vanilli magustoit, NEMOLOKO, 250ml",
   "url": "https://www.selver.ee/kaera-vanilli-magustoit-nemoloko-250ml",
   "hind": [
    {
     "hind": "1,19 €"
    }
   ]
  },
  {
   "product": "Kaerajook kohvimaitseline, NEMOLOKO, 250ml",
   "url": "https://www.selver.ee/kaerajook-kohvimaitseline-nemoloko-250ml",
   "hind": [
    {
     "hind": "1,19 €"
    }
   ]
  },
  {
   "product": "Kaera-puuviljajook “Eksootika”, NEMOLOKO, 250ml",
   "url": "https://www.selver.ee/kaera-puuviljajook-eksootika-nemoloko-250ml",
   "hind": [
    {
     "hind": "1,19 €"
    }
   ]
  },
  {
   "product": "Vormiõli sprei, laktoosivaba, KEIJU, 400 ml",
   "url": "https://www.selver.ee/vormirasv-kultasula-laktoosivaba-keiju-400-ml",
   "hind": [
    {
     "hind": "3,49 €"
    }
   ]
  },
  {
   "product": "Pannkoogitaigen, BALTICOVO PREMIUM, 500 g",
   "url": "https://www.selver.ee/pannkoogitaigen-balticovo-premium-500-g",
   "hind": [
    {
     "hind": "1,79 €"
    }
   ]
  },
  {
   "product": "Taimne jook herneproteiiniga, barista, VLY, 1l",
   "url": "https://www.selver.ee/taimne-jook-herneproteiiniga-barista-vly-1l",
   "hind": [
    {
     "hind": "3,99 €"
    }
   ]
  },
  {
   "product": "Taimse hapendatud joogi juuretis, NORDWISE®, 10g",
   "url": "https://www.selver.ee/taimse-hapendatud-joogi-juuretis-nordwiser-10g",
   "hind": [
    {
     "hind": "4,49 €"
    }
   ]
  },
  {
   "product": "Juuretis jogurti valmistamiseks, NORDWISE®, 10g",
   "url": "https://www.selver.ee/juuretis-jogurti-valmistamiseks-nordwiser-10g",
   "hind": [
    {
     "hind": "4,29 €"
    }
   ]
  }
 ]
}