{
 "name": "Valmistoidud",
 "info": [
  {
   "product": "Mannavaht, SELVERI KÖÖK, 200 g",
   "url": "https://www.selver.ee/mannavaht-selveri-kook-200-g",
   "hind": [
    {
     "hind": "0,59 €"
    }
   ]
  },
  {
   "product": "Peedi-küüslaugu-majoneesisalat, SELVERI KÖÖK, 200 g",
   "url": "https://www.selver.ee/peedi-kuuslaugu-majoneesisalat-selveri-kook-200-g",
   "hind": [
    {
     "hind": "0,89 €"
    }
   ]
  },
  {
   "product": "Kapsa-porgandisalat, SELVERI KÖÖK, 200 g",
   "url": "https://www.selver.ee/kapsa-porgandisalat-selveri-kook-200-g",
   "hind": [
    {
     "hind": "0,99 €"
    }
   ]
  },
  {
   "product": "Vitamiinisalat, SELVERI KÖÖK, 200 g",
   "url": "https://www.selver.ee/vitamiinisalat-selveri-kook-200-g",
   "hind": [
    {
     "hind": "1,19 €"
    }
   ]
  },
  {
   "product": "Kapsa-porgandisalat, SELVERI KÖÖK, 500 g",
   "url": "https://www.selver.ee/kapsa-porgandisalat-selveri-kook-500-g",
   "hind": [
    {
     "hind": "1,79 €"
    }
   ]
  },
  {
   "product": "Porgandi-ananassisalat, SELVERI KÖÖK, 200 g",
   "url": "https://www.selver.ee/porgandi-ananassisalat-selveri-kook-200-g",
   "hind": [
    {
     "hind": "0,99 €"
    }
   ]
  },
  {
   "product": "Vinegrett, SELVERI KÖÖK, 200 g",
   "url": "https://www.selver.ee/vinegrett-selveri-kook-200-g",
   "hind": [
    {
     "hind": "1,19 €"
    }
   ]
  },
  {
   "product": "Vitamiinisalat, SELVERI KÖÖK, 500 g",
   "url": "https://www.selver.ee/vitamiinisalat-selveri-kook-500-g",
   "hind": [
    {
     "hind": "2,59 €"
    }
   ]
  },
  {
   "product": "Munavõie, SELVERI KÖÖK, 130 g",
   "url": "https://www.selver.ee/munavoie-selveri-kook-130-g",
   "hind": [
    {
     "hind": "1,39 €"
    }
   ]
  },
  {
   "product": "Kakaopuding kirsikastmega, SELVERI KÖÖK, 160 g",
   "url": "https://www.selver.ee/kakaopuding-kirsikastmega-selveri-kook-160-g",
   "hind": [
    {
     "hind": "0,69 €"
    }
   ]
  },
  {
   "product": "Teryaki kana-nuudliroog, SELVERI KÖÖK, 350 g",
   "url": "https://www.selver.ee/teryaki-kana-nuudliroog-selveri-kook-350-g",
   "hind": [
    {
     "hind": "2,99 €"
    }
   ]
  },
  {
   "product": "Vaarikatarretis, SELVERI KÖÖK, 160 g",
   "url": "https://www.selver.ee/vaarikatarretis-selveri-kook-160-g",
   "hind": [
    {
     "hind": "0,99 €"
    }
   ]
  },
  {
   "product": "Plov, SELVERI KÖÖK, 350 g",
   "url": "https://www.selver.ee/plov-selveri-kook-350-g",
   "hind": [
    {
     "hind": "1,59 €"
    }
   ]
  },
  {
   "product": "Mustikadessert, SELVERI KÖÖK, 150 g",
   "url": "https://www.selver.ee/mustikadessert-selveri-kook-150-g",
   "hind": [
    {
     "hind": "0,59 €"
    }
   ]
  },
  {
   "product": "Kohupiimapannkoogid, MAMMA, 200 g",
   "url": "https://www.selver.ee/kohupiimapannkoogid-mamma-200-g",
   "hind": [
    {
     "hind": "2,29 €"
    }
   ]
  },
  {
   "product": "Kohvikreem, SELVERI KÖÖK, 130 g",
   "url": "https://www.selver.ee/kohvikreem-selveri-kook-130-g",
   "hind": [
    {
     "hind": "0,99 €"
    }
   ]
  },
  {
   "product": "Küpsisemagustoit, SELVERI KÖÖK, 130 g",
   "url": "https://www.selver.ee/kupsisemagustoit-selveri-kook-130-g",
   "hind": [
    {
     "hind": "0,99 €"
    }
   ]
  },
  {
   "product": "Suvemarja tarretis, SELVERI KÖÖK, 120 g",
   "url": "https://www.selver.ee/suvemarja-tarretis-selver-120-g",
   "hind": [
    {
     "hind": "0,49 €"
    }
   ]
  },
  {
   "product": "Kartuli-singisalat, SELVERI KÖÖK, 700 g",
   "url": "https://www.selver.ee/kartuli-singisalat-selveri-kook-700-g",
   "hind": [
    {
     "hind": "3,99 €"
    }
   ]
  },
  {
   "product": "Karamellipuding pohlakastmega, SELVERI KÖÖK, 160 g",
   "url": "https://www.selver.ee/karamellipuding-pohlakastmega-selveri-kook-160-g",
   "hind": [
    {
     "hind": "0,99 €"
    }
   ]
  },
  {
   "product": "Sünnipäevasalat, SELVERI KÖÖK, 700 g",
   "url": "https://www.selver.ee/sunnipaevasalat-selveri-kook-700-g",
   "hind": [
    {
     "hind": "4,49 €"
    }
   ]
  },
  {
   "product": "Riisipuding maasikakastmega, SELVERI KÖÖK, 160 g",
   "url": "https://www.selver.ee/riisipuding-maasikakastmega-selveri-kook-160-g",
   "hind": [
    {
     "hind": "0,69 €"
    }
   ]
  },
  {
   "product": "Makaroni-singisalat, SELVERI KÖÖK, 200 g",
   "url": "https://www.selver.ee/makaroni-singisalat-selveri-kook-200-g",
   "hind": [
    {
     "hind": "0,99 €"
    }
   ]
  },
  {
   "product": "Sünnipäevasalat, SELVERI KÖÖK, 200 g",
   "url": "https://www.selver.ee/sunnipaevasalat-selveri-kook-200-g",
   "hind": [
    {
     "hind": "1,49 €"
    }
   ]
  },
  {
   "product": "Oa-singisalat, SELVERI KÖÖK, 200 g",
   "url": "https://www.selver.ee/oa-singisalat-selveri-kook-200-g",
   "hind": [
    {
     "hind": "1,49 €"
    }
   ]
  },
  {
   "product": "Leivasupp vahukoorekreemiga, SELVERI KÖÖK, 140 g",
   "url": "https://www.selver.ee/leivasupp-vahukoorekreemiga-selveri-kook-140-g",
   "hind": [
    {
     "hind": "0,79 €"
    }
   ]
  },
  {
   "product": "Kohupiima-maasikatarretis, SELVERI KÖÖK, 160 g",
   "url": "https://www.selver.ee/kohupiima-maasikatarretis-selveri-kook-160-g",
   "hind": [
    {
     "hind": "0,99 €"
    }
   ]
  },
  {
   "product": "Moussaka kanaga Fitlap, SELVERI KÖÖK, 350 g",
   "url": "https://www.selver.ee/moussaka-kanaga-fitlap-selveri-kook-350-g",
   "hind": [
    {
     "hind": "2,19 €"
    }
   ]
  },
  {
   "product": "Pannkoogid merevaigu ja suitsukanaga, MAMMA, 200 g",
   "url": "https://www.selver.ee/pannkoogid-merevaigu-ja-suitsukanaga-mamma-200-g",
   "hind": [
    {
     "hind": "1,79 €"
    }
   ]
  },
  {
   "product": "Ahjukartul värskete ürtidega, SELVERI KÖÖK, 350 g",
   "url": "https://www.selver.ee/ahjukartul-varskete-urtidega-selveri-kook-350-g",
   "hind": [
    {
     "hind": "1,49 €"
    }
   ]
  },
  {
   "product": "Caesari salat kanaga, SELVERI KÖÖK, 290 g",
   "url": "https://www.selver.ee/caesari-salat-kanaga-selveri-kook-290-g",
   "hind": [
    {
     "hind": "4,49 €"
    }
   ]
  },
  {
   "product": "Kodune rosolje, SELVERI KÖÖK, 200 g",
   "url": "https://www.selver.ee/kodune-rosolje-selveri-kook-200-g",
   "hind": [
    {
     "hind": "1,19 €"
    }
   ]
  },
  {
   "product": "Pasta-suitsukanasalat, SELVERI KÖÖK, 700 g",
   "url": "https://www.selver.ee/pasta-suitsukanasalat-selveri-kook-700-g",
   "hind": [
    {
     "hind": "3,99 €"
    }
   ]
  },
  {
   "product": "Pannkoogid singi ja juustuga, MAMMA, 200 g",
   "url": "https://www.selver.ee/pannkook-singi-ja-juustuga-mamma-200-g",
   "hind": [
    {
     "hind": "1,79 €"
    }
   ]
  },
  {
   "product": "Kartulipuder, SELVERI KÖÖK, 500 g",
   "url": "https://www.selver.ee/kartulipuree-selveri-kook-500-g",
   "hind": [
    {
     "hind": "2,49 €"
    }
   ]
  },
  {
   "product": "Panna cotta vaarikakastmega, SELVERI KÖÖK, 130 g",
   "url": "https://www.selver.ee/panna-cotta-vaarikakastmega-selveri-kook-130-g",
   "hind": [
    {
     "hind": "0,99 €"
    }
   ]
  },
  {
   "product": "Coleslaw salat, SELVERI KÖÖK, 200 g",
   "url": "https://www.selver.ee/coleslaw-salat-selveri-kook-200-g",
   "hind": [
    {
     "hind": "1,19 €"
    }
   ]
  },
  {
   "product": "Brüleekreem banaani-mangokastmega, SELVERI KÖÖK, 130 g",
   "url": "https://www.selver.ee/bruleekreem-banaani-mangokastmega-selveri-kook-130-g",
   "hind": [
    {
     "hind": "1,19 €"
    }
   ]
  },
  {
   "product": "Kana-karrisalat, SELVERI KÖÖK, 200 g",
   "url": "https://www.selver.ee/kana-karrisalat-selveri-kook-200-g",
   "hind": [
    {
     "hind": "1,99 €"
    }
   ]
  },
  {
   "product": "Mangomaius chia seemnetega Fitlap, SELVERI KÖÖK, 130g",
   "url": "https://www.selver.ee/mangomaius-chia-seemnetega-selveri-kook-130g",
   "hind": [
    {
     "hind": "1,39 €"
    }
   ]
  },
  {
   "product": "Kartuli-lihasalat, SELVERI KÖÖK, 700 g",
   "url": "https://www.selver.ee/kartuli-lihasalat-selveri-kook-700-g",
   "hind": [
    {
     "hind": "4,49 €"
    }
   ]
  },
  {
   "product": "Kaera-õuna pannkoogid, MAMMA, 200 g",
   "url": "https://www.selver.ee/kaera-ouna-pannkoogid-let-s-go-200-g",
   "hind": [
    {
     "hind": "2,49 €"
    }
   ]
  },
  {
   "product": "Singirullid küüslauguga, SELVERI KÖÖK, 200 g",
   "url": "https://www.selver.ee/singirullid-kuuslauguga-selveri-kook-200-g",
   "hind": [
    {
     "hind": "2,99 €"
    }
   ]
  },
  {
   "product": "Kohupiimavaht maasikakastmega, SELVERI KÖÖK, 120 g",
   "url": "https://www.selver.ee/kohupiimavaht-maasikakastmega-selveri-kook-120-g",
   "hind": [
    {
     "hind": "0,99 €"
    }
   ]
  },
  {
   "product": "Hummus päiksekuivatatud tomatiga, MARTA KULINAARIA, 150 g",
   "url": "https://www.selver.ee/hummus-paiksekuivatatud-tomatiga-marta-kulinaaria-150-g",
   "hind": [
    {
     "hind": "1,49 €"
    }
   ]
  },
  {
   "product": "Pasta-suitsukanasalat, SELVERI KÖÖK, 200 g",
   "url": "https://www.selver.ee/pasta-suitsukanasalat-selveri-kook-200-g",
   "hind": [
    {
     "hind": "1,39 €"
    }
   ]
  },
  {
   "product": "Ühepajatoit lihaga, SELVERI KÖÖK, 500 g",
   "url": "https://www.selver.ee/uhepajatoit-lihaga-selveri-kook-500-g",
   "hind": [
    {
     "hind": "2,99 €"
    }
   ]
  },
  {
   "product": "Kodune kartulisalat maasuitsusingiga, SELVERI KÖÖK, 700 g",
   "url": "https://www.selver.ee/kodune-kartulisalat-maasuitsusingiga-selver-700-g",
   "hind": [
    {
     "hind": "4,79 €"
    }
   ]
  },
  {
   "product": "Peedi-küüslaugu-majoneesisalat, SELVERI KÖÖK, 700 g",
   "url": "https://www.selver.ee/peedi-kuuslaugu-majoneesisalat-selveri-kook-700-g",
   "hind": [
    {
     "hind": "2,99 €"
    }
   ]
  },
  {
   "product": "Kõrvitsa-kohupiimapannkoogid, MAMMA, 200 g",
   "url": "https://www.selver.ee/korvitsa-kohupiimapannkoogid-let-s-go-200-g",
   "hind": [
    {
     "hind": "2,39 €"
    }
   ]
  },
  {
   "product": "Kartulivorm maasuitsusingiga, SELVERI KÖÖK, 350 g",
   "url": "https://www.selver.ee/kartulivorm-maasuitsusingiga-selveri-kook-350-g",
   "hind": [
    {
     "hind": "2,29 €"
    }
   ]
  },
  {
   "product": "Krabimaitseline riisisalat, SELVERI KÖÖK, 200 g",
   "url": "https://www.selver.ee/krabimaitseline-riisisalat-selveri-kook-200-g",
   "hind": [
    {
     "hind": "1,29 €"
    }
   ]
  },
  {
   "product": "Lasanje bolognese kastmega, SELVERI KÖÖK, 350 g",
   "url": "https://www.selver.ee/lasanje-bolognese-kastmega-selveri-kook-290-g",
   "hind": [
    {
     "hind": "2,79 €"
    }
   ]
  },
  {
   "product": "Hummus klassikaline, MARTA KULINAARIA, 150 g",
   "url": "https://www.selver.ee/hummus-klassikaline-marta-kulinaaria-150-g",
   "hind": [
    {
     "hind": "1,79 €"
    }
   ]
  },
  {
   "product": "Ahjukartul, SELVERI KÖÖK, 350 g",
   "url": "https://www.selver.ee/ahjukartul-selveri-kook-350-g",
   "hind": [
    {
     "hind": "1,49 €"
    }
   ]
  },
  {
   "product": "Kodune rosolje, SELVERI KÖÖK, 700 g",
   "url": "https://www.selver.ee/kodune-rosolje-selveri-kook-700-g",
   "hind": [
    {
     "hind": "3,69 €"
    }
   ]
  },
  {
   "product": "Pannkoogid hakklihatäidisega, MAMMA, 200 g",
   "url": "https://www.selver.ee/pannkook-hakklihataidisega-mamma-200-g",
   "hind": [
    {
     "hind": "1,79 €"
    }
   ]
  },
  {
   "product": "Frikadellisupp, MAMMA, 300 g",
   "url": "https://www.selver.ee/frikadellisupp-mamma-300-g",
   "hind": [
    {
     "hind": "1,99 €"
    }
   ]
  },
  {
   "product": "Peedi-lihasalat, SELVERI KÖÖK, 200 g",
   "url": "https://www.selver.ee/peedi-lihasalat-selveri-kook-200-g",
   "hind": [
    {
     "hind": "1,49 €"
    }
   ]
  },
  {
   "product": "Banaani-kohupiimapannkoogid, MAMMA, 200 g",
   "url": "https://www.selver.ee/banaani-kohupiimapannkook-let-s-go-200-g",
   "hind": [
    {
     "hind": "2,19 €"
    }
   ]
  },
  {
   "product": "Kodune kartulisalat, SELVERI KÖÖK, 700 g",
   "url": "https://www.selver.ee/kodune-kartulisalat-selver-700-g",
   "hind": [
    {
     "hind": "3,99 €"
    }
   ]
  },
  {
   "product": "Peedi-lihasalat, SELVERI KÖÖK, 700 g",
   "url": "https://www.selver.ee/peedi-lihasalat-selveri-kook-700-g",
   "hind": [
    {
     "hind": "3,99 €"
    }
   ]
  },
  {
   "product": "Rukkileivakesed kiluga, SELVERI KÖÖK, 280 g",
   "url": "https://www.selver.ee/rukkileivakesed-kiluga-selveri-kook-280-g",
   "hind": [
    {
     "hind": "3,99 €"
    }
   ]
  },
  {
   "product": "Poke'-kauss kanaga, SELVERI KÖÖK, 350 g",
   "url": "https://www.selver.ee/poke-kauss-kanaga-selveri-kook-350-g",
   "hind": [
    {
     "hind": "4,99 €"
    }
   ]
  },
  {
   "product": "Seljanka, SELVERI KÖÖK, 400g",
   "url": "https://www.selver.ee/seljanka-selveri-kook",
   "hind": [
    {
     "hind": "2,19 €"
    }
   ]
  },
  {
   "product": "Hakklihapitsa, SAARIOINEN, 200 g",
   "url": "https://www.selver.ee/hakklihapitsa-saarioinen-200-g",
   "hind": [
    {
     "hind": "1,79 €"
    }
   ]
  },
  {
   "product": "Pasta Bolognese, SELVERI KÖÖK, 350 g",
   "url": "https://www.selver.ee/pasta-bolognese-selveri-kook-350-g",
   "hind": [
    {
     "hind": "2,49 €"
    }
   ]
  },
  {
   "product": "Kreveti-munasalat, SELVERI KÖÖK, 360 g",
   "url": "https://www.selver.ee/kreveti-munasalat-selveri-kook-360-g",
   "hind": [
    {
     "hind": "4,79 €"
    }
   ]
  },
  {
   "product": "Köögiviljapüree, SELVERI KÖÖK, 500 g",
   "url": "https://www.selver.ee/koogiviljapuree-selveri-kook-500-g",
   "hind": [
    {
     "hind": "2,39 €"
    }
   ]
  },
  {
   "product": "Pasta Carbonara, SELVERI KÖÖK, 350 g",
   "url": "https://www.selver.ee/pasta-carbonara-selveri-kook-350-g",
   "hind": [
    {
     "hind": "2,99 €"
    }
   ]
  },
  {
   "product": "Singirulli-muna-lihavalik, SELVERI KÖÖK, 500 g",
   "url": "https://www.selver.ee/singirulli-muna-lihavalik-selveri-kook-500-g",
   "hind": [
    {
     "hind": "6,99 €"
    }
   ]
  },
  {
   "product": "Türgi oad küüslauguga, SELVERI KÖÖK, 200g",
   "url": "https://www.selver.ee/turgi-oad-kuuslauguga-selveri-kook-200g",
   "hind": [
    {
     "hind": "1,29 €"
    }
   ]
  },
  {
   "product": "Vanilli kohupiimavorm, FARMI, 250 g",
   "url": "https://www.selver.ee/vanilli-kohupiimavorm-ekstra-250-g",
   "hind": [
    {
     "hind": "2,19 €"
    }
   ]
  },
  {
   "product": "Pannkoogid kanatäidisega, MAMMA, 200 g",
   "url": "https://www.selver.ee/pannkoogid-kanataidisega-mamma-200-g",
   "hind": [
    {
     "hind": "1,79 €"
    }
   ]
  },
  {
   "product": "Philadelphia ja tuunikala uramakid, SELVERI KÖÖK, 440 g",
   "url": "https://www.selver.ee/philadelphia-ja-tuunikala-uramakid-440g-selveri-kook",
   "hind": [
    {
     "hind": "6,99 €"
    }
   ]
  },
  {
   "product": "Glasuuritud tofu dessert kookoslaastudega, 41g, BALTAIS",
   "url": "https://www.selver.ee/glasuuritud-tofu-dessert-kookoslaastudega-41g-baltais",
   "hind": [
    {
     "hind": "0,59 €"
    }
   ]
  },
  {
   "product": "Borš sealiha ja hapukapsaga, SELVERI KÖÖK, 400g",
   "url": "https://www.selver.ee/bors-sealiha-ja-hapukapsaga-selveri-kook",
   "hind": [
    {
     "hind": "2,19 €"
    }
   ]
  },
  {
   "product": "Singirullid maitserohelisega, SELVERI KÖÖK, 200 g",
   "url": "https://www.selver.ee/singirullid-maitserohelisega-selveri-kook-200-g",
   "hind": [
    {
     "hind": "2,99 €"
    }
   ]
  },
  {
   "product": "California ja kuumsuitsuforelli uramakid, SELVERI KÖÖK, 440 g",
   "url": "https://www.selver.ee/california-ja-kuumsuitsuforelli-uramakid-440g-selveri-kook",
   "hind": [
    {
     "hind": "6,99 €"
    }
   ]
  },
  {
   "product": "Singipitsa, SAARIOINEN, 200 g",
   "url": "https://www.selver.ee/singipitsa-saarioinen-200-g",
   "hind": [
    {
     "hind": "1,79 €"
    }
   ]
  },
  {
   "product": "Tofu tilliga, BON, 250 g",
   "url": "https://www.selver.ee/tofu-tilli-ja-peterselliga-bon-250-g",
   "hind": [
    {
     "hind": "1,99 €"
    }
   ]
  },
  {
   "product": "Kikerherne-kapsa kotletid, MARTA KULINAARIA, 240 g",
   "url": "https://www.selver.ee/kikerherne-kapsa-kotletid-marta-kulinaaria-240-g",
   "hind": [
    {
     "hind": "1,79 €"
    }
   ]
  },
  {
   "product": "Philadelphia ja California Norimakid, SELVERI KÖÖK, 420 g",
   "url": "https://www.selver.ee/philadelphia-ja-california-norimakid-selveri-kook-420-g",
   "hind": [
    {
     "hind": "7,49 €"
    }
   ]
  },
  {
   "product": "Glasuuritud tofu dessert šokolaadi, 41g, BALTAIS",
   "url": "https://www.selver.ee/glasuuritud-tofu-desserst-sokolaadi-41g-baltais",
   "hind": [
    {
     "hind": "0,59 €"
    }
   ]
  },
  {
   "product": "Kana-köögivilja püreesupp, MAMMA, 300 g",
   "url": "https://www.selver.ee/kana-koogivilja-pureesupp-mamma-300-g",
   "hind": [
    {
     "hind": "2,49 €"
    }
   ]
  },
  {
   "product": "Mulgipuder, SELVERI KÖÖK, 500 g",
   "url": "https://www.selver.ee/mulgipuder-selveri-kook-500-g",
   "hind": [
    {
     "hind": "1,99 €"
    }
   ]
  },
  {
   "product": "Leivakesed BBQ-lihaga, SELVERI KÖÖK, 270 g",
   "url": "https://www.selver.ee/leivakesed-bbq-lihaga-selveri-kook-270-g",
   "hind": [
    {
     "hind": "4,99 €"
    }
   ]
  },
  {
   "product": "Heeringasuupiste, SELVERI KÖÖK, 380 g",
   "url": "https://www.selver.ee/heeringasuupiste-selveri-kook-380-g",
   "hind": [
    {
     "hind": "4,99 €"
    }
   ]
  },
  {
   "product": "Lihapallid kartulipudruga, SELVERI KÖÖK, 450 g",
   "url": "https://www.selver.ee/lihapallid-kartulipureega-selveri-kook-450-g",
   "hind": [
    {
     "hind": "3,29 €"
    }
   ]
  },
  {
   "product": "Pannkoogid maasikalisandiga, MAMMA, 200 g",
   "url": "https://www.selver.ee/pannkoogid-maasikalisandiga-mamma-200-g",
   "hind": [
    {
     "hind": "1,79 €"
    }
   ]
  },
  {
   "product": "Kasukas, SELVERI KÖÖK, 440 g",
   "url": "https://www.selver.ee/kasukas-selveri-kook-440-g",
   "hind": [
    {
     "hind": "2,59 €"
    }
   ]
  },
  {
   "product": "Caesari-kanawrap, MAMMA, 220g",
   "url": "https://www.selver.ee/caesari-kanawrap-let-s-go-190g",
   "hind": [
    {
     "hind": "2,99 €"
    }
   ]
  },
  {
   "product": "Kalkuniguljašš kartuliga, SELVERI KÖÖK, 400 g",
   "url": "https://www.selver.ee/kalkuniguljass-kartuliga-selveri-kook-400-g",
   "hind": [
    {
     "hind": "2,99 €"
    }
   ]
  },
  {
   "product": "Kikerherne-porgandi kotlet, MARTA KULINAARIA, 240 g",
   "url": "https://www.selver.ee/kikerherne-porgandi-kotlet-marta-kulinaaria-240-g",
   "hind": [
    {
     "hind": "2,19 €"
    }
   ]
  },
  {
   "product": "Kana-kinoasalat ürdi-hapukoorekastmega Fitlap, SELVERI KÖÖK, 360g",
   "url": "https://www.selver.ee/kana-kinoasalat-urdi-hapukoorekastmega-selveri-kook-360g",
   "hind": [
    {
     "hind": "4,49 €"
    }
   ]
  },
  {
   "product": "Vürtsikas kanasalat päikesekuivatatud tomatiga Fitlap, SELVERI KÖÖK, 310 g",
   "url": "https://www.selver.ee/vurtsikas-kanasalat-paikesekuivatatud-tomatiga-fitlap-selveri-kook-310-g",
   "hind": [
    {
     "hind": "3,79 €"
    }
   ]
  },
  {
   "product": "Täidetud munad, SELVERI KÖÖK, 165 g",
   "url": "https://www.selver.ee/taidetud-munad-selveri-kook-165-g",
   "hind": [
    {
     "hind": "2,79 €"
    }
   ]
  },
  {
   "product": "Vanilli kohupiimavorm rosinatega, FARMI, 250 g",
   "url": "https://www.selver.ee/vanilli-kohupiimavorm-rosinatega-ekstra-250-g",
   "hind": [
    {
     "hind": "2,19 €"
    }
   ]
  },
  {
   "product": "Hernesupp maasuitsusingiga, SELVERI KÖÖK, 400g",
   "url": "https://www.selver.ee/hernesupp-maasuitsusingiga-selveri-kook-400g",
   "hind": [
    {
     "hind": "2,19 €"
    }
   ]
  },
  {
   "product": "Leivakesed metsaseentega, SELVERI KÖÖK, 300 g",
   "url": "https://www.selver.ee/leivakesed-metsaseentega-selveri-kook-300-g",
   "hind": [
    {
     "hind": "4,29 €"
    }
   ]
  },
  {
   "product": "Minivõileivad lõhega, SELVERI KÖÖK, 260 g",
   "url": "https://www.selver.ee/minivoileivad-lohega-selveri-kook-260-g",
   "hind": [
    {
     "hind": "5,99 €"
    }
   ]
  },
  {
   "product": "Kana ranch võileib kaerasaiaga, MAMMA, 165 g",
   "url": "https://www.selver.ee/kana-ranch-voileib-kaerasaiaga-mamma-165-g",
   "hind": [
    {
     "hind": "2,69 €"
    }
   ]
  },
  {
   "product": "Grillburger, MAMMA, 200 g",
   "url": "https://www.selver.ee/grillburger-mamma-200-g",
   "hind": [
    {
     "hind": "2,39 €"
    }
   ]
  },
  {
   "product": "Forellisupp, MAMMA, 300 g",
   "url": "https://www.selver.ee/forellisupp-mamma-300-g",
   "hind": [
    {
     "hind": "2,79 €"
    }
   ]
  },
  {
   "product": "Oa-peedikotlet, MARTA KULINAARIA, 240g",
   "url": "https://www.selver.ee/oa-peedikotlet-marta-kulinaaria-240g",
   "hind": [
    {
     "hind": "1,79 €"
    }
   ]
  },
  {
   "product": "Rukkileib omleti ja singiga, MAMMA, 150 g",
   "url": "https://www.selver.ee/rukkileib-omleti-ja-singiga-mamma-150-g",
   "hind": [
    {
     "hind": "2,19 €"
    }
   ]
  },
  {
   "product": "Poke'-kauss krevetiga, SELVERI KÖÖK, 350 g",
   "url": "https://www.selver.ee/poke-kauss-krevetiga-selveri-kook-350-g",
   "hind": [
    {
     "hind": "4,99 €"
    }
   ]
  },
  {
   "product": "Sõrnik, SELVERI KÖÖK, 240 g",
   "url": "https://www.selver.ee/sornik-selveri-kook-240-g",
   "hind": [
    {
     "hind": "2,79 €"
    }
   ]
  },
  {
   "product": "Juustupannkoogid, MAMMA, 200 g",
   "url": "https://www.selver.ee/juustupannkoogid-let-s-go-200-g",
   "hind": [
    {
     "hind": "2,19 €"
    }
   ]
  },
  {
   "product": "Kõrvitsapüreesupp kikerhernestega, SELVERI KÖÖK, 400g",
   "url": "https://www.selver.ee/korvitsapureesupp-kikerhernestega-selveri-kook-400g",
   "hind": [
    {
     "hind": "2,99 €"
    }
   ]
  },
  {
   "product": "Pannkoogid vaarikalisandiga, MAMMA, 200 g",
   "url": "https://www.selver.ee/pannkoogid-vaarikalisandiga-mamma-200-g",
   "hind": [
    {
     "hind": "1,79 €"
    }
   ]
  },
  {
   "product": "Maksastroganov, SELVERI KÖÖK, 400 g",
   "url": "https://www.selver.ee/maksastroganov-selveri-kook-400-g",
   "hind": [
    {
     "hind": "1,59 €"
    }
   ]
  },
  {
   "product": "Krevetisalat ürdi-hapukoorekastmega Fitlap, SELVERI KÖÖK, 310 g",
   "url": "https://www.selver.ee/krevetisalat-urdi-hapukoorekastmega-fitlap-selveri-kook-310-g",
   "hind": [
    {
     "hind": "4,79 €"
    }
   ]
  },
  {
   "product": "Hummus seesamiseemnete ja ürtidega, NOA, 175 g",
   "url": "https://www.selver.ee/hummus-seesamiseemnete-ja-urtidega-noa-175-g",
   "hind": [
    {
     "hind": "2,69 €"
    }
   ]
  },
  {
   "product": "Kurzeme strooganov koduse kartuliga, SELVERI KÖÖK, 400g",
   "url": "https://www.selver.ee/kurzeme-strooganov-koduse-kartuliga-selveri-kook-400g",
   "hind": [
    {
     "hind": "2,99 €"
    }
   ]
  },
  {
   "product": "Praetud pelmeenid, UVIC, 350 g",
   "url": "https://www.selver.ee/praetud-pelmeenid-uvic-350-g",
   "hind": [
    {
     "hind": "2,19 €"
    }
   ]
  },
  {
   "product": "Hapukapsasupp maasuitsusingiga, SELVERI KÖÖK, 400g",
   "url": "https://www.selver.ee/hapukapsasupp-maasuitsusingiga-selveri-kook-400g",
   "hind": [
    {
     "hind": "2,19 €"
    }
   ]
  },
  {
   "product": "Kevadrullid tšillikastmega, SELVERI KÖÖK, 200 g",
   "url": "https://www.selver.ee/kevadrullid-tsillikastmega-selveri-kook-200-g",
   "hind": [
    {
     "hind": "3,19 €"
    }
   ]
  },
  {
   "product": "Kanafilee kotlet riisi ja köögiviljadega, SELVERI KÖÖK, 450g",
   "url": "https://www.selver.ee/kanafilee-kotlet-riisi-ja-koogiviljadega-selveri-kook-450g",
   "hind": [
    {
     "hind": "2,99 €"
    }
   ]
  },
  {
   "product": "Kapsa-hakklihahautis, SELVERI KÖÖK, 500 g",
   "url": "https://www.selver.ee/kapsa-hakklihahautis-selveri-kook-500-g",
   "hind": [
    {
     "hind": "2,99 €"
    }
   ]
  },
  {
   "product": "Omletirullid singi ja juustuga, MAMMA, 160 g",
   "url": "https://www.selver.ee/omletirullid-singi-ja-juustuga-mamma-160-g",
   "hind": [
    {
     "hind": "1,99 €"
    }
   ]
  },
  {
   "product": "Tomati basiiliku hummus, GOURMET CLUB, 200 g",
   "url": "https://www.selver.ee/tomati-basiiliku-hummus-gourmet-club-200-g",
   "hind": [
    {
     "hind": "2,89 €"
    }
   ]
  },
  {
   "product": "Hakklihakaste, SELVERI KÖÖK, 400 g",
   "url": "https://www.selver.ee/hakklihakaste-selveri-kook-400-g",
   "hind": [
    {
     "hind": "2,99 €"
    }
   ]
  },
  {
   "product": "Tseburekid praetud, UVIC, 250 g",
   "url": "https://www.selver.ee/tseburekid-praetud-uvic-250-g",
   "hind": [
    {
     "hind": "1,99 €"
    }
   ]
  },
  {
   "product": "Tofu küüslauguga, BON, 250 g",
   "url": "https://www.selver.ee/tofu-kuuslauguga-bon-250-g",
   "hind": [
    {
     "hind": "2,39 €"
    }
   ]
  },
  {
   "product": "Praetud kodune kotlet, SELVERI KÖÖK, 230 g",
   "url": "https://www.selver.ee/praetud-kodune-kotlet-selveri-kook-260-g",
   "hind": [
    {
     "hind": "2,79 €"
    }
   ]
  },
  {
   "product": "Brokolipüreesupp kookospiimaga, SELVERI KÖÖK, 400g",
   "url": "https://www.selver.ee/brokolipureesupp-kookospiimaga-selveri-kook",
   "hind": [
    {
     "hind": "2,99 €"
    }
   ]
  },
  {
   "product": "Võileivatort maasuitsusingiga, SELVERI KÖÖK, 500 g",
   "url": "https://www.selver.ee/voileivatort-maasuitsusingiga-selveri-kook-500-g",
   "hind": [
    {
     "hind": "9,99 €"
    }
   ]
  },
  {
   "product": "Omletirullid suitsukana ja sulajuustuga, MAMMA, 160 g",
   "url": "https://www.selver.ee/omletirullid-suitsukana-ja-sulajuustuga-mamma-160-g",
   "hind": [
    {
     "hind": "2,19 €"
    }
   ]
  },
  {
   "product": "Vegan peedi kotletid, UVIC, 300 g",
   "url": "https://www.selver.ee/vegan-peedi-kotletid-uvic-300-g",
   "hind": [
    {
     "hind": "2,59 €"
    }
   ]
  },
  {
   "product": "Karulaugu hummus, GOURMET CLUB, 200 g",
   "url": "https://www.selver.ee/hummus-herne-wasabi-gourmet-club-200",
   "hind": [
    {
     "hind": "2,89 €"
    }
   ]
  },
  {
   "product": "Hummus, NOA, 175 g",
   "url": "https://www.selver.ee/hummus-noa-175-g",
   "hind": [
    {
     "hind": "2,69 €"
    }
   ]
  },
  {
   "product": "Taimne suitsuvorst, BON, 100 g",
   "url": "https://www.selver.ee/taimne-suitsuvorst-bon-100-g",
   "hind": [
    {
     "hind": "1,29 €"
    }
   ]
  },
  {
   "product": "Tofu köömnetega, BON, 250 g",
   "url": "https://www.selver.ee/tofu-koomnetega-bon-250-g",
   "hind": [
    {
     "hind": "1,99 €"
    }
   ]
  },
  {
   "product": "Juustupikuke singiga, MAMMA, 135 g",
   "url": "https://www.selver.ee/juustupikuke-singiga-mamma-135-g",
   "hind": [
    {
     "hind": "1,99 €"
    }
   ]
  },
  {
   "product": "Kalkuniguljašš, SELVERI KÖÖK, 400 g",
   "url": "https://www.selver.ee/kalkuniguljass-selveri-kook-400-g",
   "hind": [
    {
     "hind": "3,99 €"
    }
   ]
  },
  {
   "product": "Kaera süda, MARTA KULINAARIA, 220 g",
   "url": "https://www.selver.ee/kaera-suda-marta-kulinaaria-220-g",
   "hind": [
    {
     "hind": "2,19 €"
    }
   ]
  },
  {
   "product": "Aedpeedi hummus, GOURMET CLUB, 200 g",
   "url": "https://www.selver.ee/rostitud-peedihummus-gourmet-club-200-g",
   "hind": [
    {
     "hind": "2,89 €"
    }
   ]
  },
  {
   "product": "Tomati-kikerherne püreesupp, MAMMA, 300 g",
   "url": "https://www.selver.ee/tomati-kikerherne-pureesupp-mamma-300-g",
   "hind": [
    {
     "hind": "2,49 €"
    }
   ]
  },
  {
   "product": "Ravioolid spinati ja ricotaga, FINEDINE, 300 g",
   "url": "https://www.selver.ee/ravioolid-spinati-ja-ricotaga-finedine-300-g",
   "hind": [
    {
     "hind": "2,99 €"
    }
   ]
  },
  {
   "product": "Vöner, viilutatud, VÖNER, 200 g",
   "url": "https://www.selver.ee/voner-viilutatud-voner-200-g",
   "hind": [
    {
     "hind": "4,19 €"
    }
   ]
  },
  {
   "product": "Rukkileivatort kalaga, SELVERI KÖÖK, 650 g",
   "url": "https://www.selver.ee/rukkileivatort-kalaga-selveri-kook-0-65-kg",
   "hind": [
    {
     "hind": "6,99 €"
    }
   ]
  },
  {
   "product": "Ravioolid metsaseene ja ricotaga, FINEDINE, 300 g",
   "url": "https://www.selver.ee/ravioolid-metsa-seentega-finedine-300-g",
   "hind": [
    {
     "hind": "2,99 €"
    }
   ]
  },
  {
   "product": "Rassolnik kalkunilihaga, SELVERI KÖÖK, 400 g",
   "url": "https://www.selver.ee/rassolnik-kalkunilihaga-selveri-kook-400-g",
   "hind": [
    {
     "hind": "2,19 €"
    }
   ]
  },
  {
   "product": "Tofu kroket ürtidega, BON SOYA, 200 g",
   "url": "https://www.selver.ee/tofu-kroket-urtidega-bon-soya-200-g",
   "hind": [
    {
     "hind": "1,89 €"
    }
   ]
  },
  {
   "product": "Määre läätse ja karriga, NOA, 175 g",
   "url": "https://www.selver.ee/maare-laatse-ja-karriga-noa-175-g",
   "hind": [
    {
     "hind": "2,69 €"
    }
   ]
  },
  {
   "product": "Hummus musta küüslauguga, MARTA KULINAARIA, 150 g",
   "url": "https://www.selver.ee/hummus-musta-kuuslauguga-marta-kulinaaria-150-g",
   "hind": [
    {
     "hind": "2,69 €"
    }
   ]
  },
  {
   "product": "Ravioolid päikesekuivatatud tomati ja riccotaga, FINEDINE, 300 g",
   "url": "https://www.selver.ee/ravioolid-paikesekuivatatud-tomati-ja-grillitud-zukiiniga-finedine-300-g",
   "hind": [
    {
     "hind": "2,99 €"
    }
   ]
  },
  {
   "product": "Taimne viiner, BON, 250 g",
   "url": "https://www.selver.ee/taimne-viiner-bon-250-g",
   "hind": [
    {
     "hind": "2,19 €"
    }
   ]
  },
  {
   "product": "Jogurtijuuretisega sojatoode maitsestamata, ALPRO, 500 g",
   "url": "https://www.selver.ee/jogurtijuuretisega-sojatoode-maitsestamata-alpro-500-g",
   "hind": [
    {
     "hind": "2,89 €"
    }
   ]
  },
  {
   "product": "India mango ja karri hummus, GOURMET CLUB, 200 g",
   "url": "https://www.selver.ee/india-mango-ja-karri-hummus-gourmet-club-200-g",
   "hind": [
    {
     "hind": "2,89 €"
    }
   ]
  },
  {
   "product": "Minivõileivad ahjufileega, SELVERI KÖÖK, 320 g",
   "url": "https://www.selver.ee/minivoileivad-ahjufileega-selveri-kook-320-g",
   "hind": [
    {
     "hind": "6,79 €"
    }
   ]
  },
  {
   "product": "Praetud Vegan Tseburekid 2tk, UVIC, 170 g",
   "url": "https://www.selver.ee/praetud-vegan-tseburekid-2tk-uvic-170-g",
   "hind": [
    {
     "hind": "1,99 €"
    }
   ]
  },
  {
   "product": "Kikerherne-porgandi pallid, MARTA KULINAARIA, 200 g",
   "url": "https://www.selver.ee/kikerherne-porgandi-pallid-marta-kulinaaria-200-g",
   "hind": [
    {
     "hind": "1,89 €"
    }
   ]
  },
  {
   "product": "Maroko läätse ja harissa hummus, GOURMET CLUB, 200 g",
   "url": "https://www.selver.ee/maroko-laatse-ja-harissa-hummus-gourmet-club-200-g",
   "hind": [
    {
     "hind": "2,89 €"
    }
   ]
  },
  {
   "product": "Taimne grillvorst paprikaga, BON, 250 g",
   "url": "https://www.selver.ee/taimne-grillvorst-paprikaga-bon-250-g",
   "hind": [
    {
     "hind": "1,99 €"
    }
   ]
  },
  {
   "product": "Mannavaht, SELVERI KÖÖK,",
   "url": "https://www.selver.ee/mannavaht-selveri-kook",
   "hind": [
    {
     "hind": "1,29 €"
    }
   ]
  },
  {
   "product": "Gazpacho, SELVERI KÖÖK, 400g",
   "url": "https://www.selver.ee/gazpacho-selveri-kook",
   "hind": [
    {
     "hind": "3,49 €"
    }
   ]
  },
  {
   "product": "Kalasupp tomatiga, SELVERI KÖÖK, 400 g",
   "url": "https://www.selver.ee/kalasupp-tomatiga-selveri-kook-400-g",
   "hind": [
    {
     "hind": "2,79 €"
    }
   ]
  },
  {
   "product": "Õuna-rukkivaht, SELVERI KÖÖK,",
   "url": "https://www.selver.ee/ouna-rukkivaht-selveri-kook",
   "hind": [
    {
     "hind": "1,29 €"
    }
   ]
  },
  {
   "product": "HULGI Hummus päiksekuivatatud tomatiga 2tk, MARTA KULINAARIA, 2 x 150 g",
   "url": "https://www.selver.ee/hulgi-hummus-paiksekuivatatud-tomatiga-2tk-marta-kuliaaria-2-x-150-g",
   "hind": [
    {
     "hind": "2,50 €"
    }
   ]
  },
  {
   "product": "HULGI Vaarikatarretis 3tk, SELVERI KÖÖK, 3 x 160 g",
   "url": "https://www.selver.ee/hulgi-vaarikatarretis-3tk-selveri-kook-3-x-160-g",
   "hind": [
    {
     "hind": "2,49 €"
    }
   ]
  },
  {
   "product": "HULGI Mangomaius chia seemnetega 2tk, SELVERI KÖÖK, 2 x 130 g",
   "url": "https://www.selver.ee/hulgi-mangomaius-chia-seemnetega-2tk-selveri-kook-2-x-130-g",
   "hind": [
    {
     "hind": "2,49 €"
    }
   ]
  },
  {
   "product": "Plov, SELVERI KÖÖK, 1kg",
   "url": "https://www.selver.ee/plov-selveri-kook-1kg",
   "hind": [
    {
     "hind": "3,99 €"
    }
   ]
  },
  {
   "product": "HULGI Kohupiimavaht maasikakastmega 3tk, SELVERI KÖÖK, 3 x 120 g",
   "url": "https://www.selver.ee/hulgi-kohupiimavaht-maasikakastmega-3tk-selveri-kook-3-x-120-g",
   "hind": [
    {
     "hind": "2,69 €"
    }
   ]
  },
  {
   "product": "HULGI Moussaka kanaga Fitlap 3tk, SELVERI KÖÖK, 3 x 350g",
   "url": "https://www.selver.ee/hulgi-moussaka-kanaga-fitlap-3tk-selveri-kook-3-x-350g",
   "hind": [
    {
     "hind": "5,69 €"
    }
   ]
  },
  {
   "product": "HULGI Lasanje bolognese kastmega 3tk, SELVERI KÖÖK, 3 x 350 g",
   "url": "https://www.selver.ee/hulgi-lasanje-bolognese-kastmega-3tk-selveri-kook-3-x-350-g",
   "hind": [
    {
     "hind": "5,99 €"
    }
   ]
  },
  {
   "product": "Teriyaki kana-nuudliroog, SELVERI KÖÖK, 700g",
   "url": "https://www.selver.ee/teriyaki-kana-nuudliroog-selveri-kook-1kg",
   "hind": [
    {
     "hind": "5,99 €"
    }
   ]
  },
  {
   "product": "Kartulipuder, SELVERI KÖÖK, 1kg",
   "url": "https://www.selver.ee/kartulipuder-selveri-kook-1kg",
   "hind": [
    {
     "hind": "4,29 €"
    }
   ]
  },
  {
   "product": "HULGI Banaanimaius mandlilaastudega 2tk, SELVERI KÖÖK, 2 X 130 g",
   "url": "https://www.selver.ee/hulgi-banaanimaius-mandlilaastudega-2tk-selveri-kook-2-x-130-g",
   "hind": [
    {
     "hind": "2,49 €"
    }
   ]
  },
  {
   "product": "Pasta Bolognese, SELVERI KÖÖK, 1kg",
   "url": "https://www.selver.ee/pasta-bolognese-selveri-kook-1kg",
   "hind": [
    {
     "hind": "4,99 €"
    }
   ]
  },
  {
   "product": "HULGI Seljanka 3tk, SELVERI KÖÖK, 3 x 400g",
   "url": "https://www.selver.ee/hulgi-seljanka-3tk-selveri-kook-3-x-400g",
   "hind": [
    {
     "hind": "5,89 €"
    }
   ]
  },
  {
   "product": "HULGI Borš sealiha ja hapukapsaga 3tk, SELVERI KÖÖK, 3 x 400 g",
   "url": "https://www.selver.ee/hulgi-bors-sealiha-ja-hapukapsaga-3tk-selveri-kook-3-x-400-g",
   "hind": [
    {
     "hind": "5,89 €"
    }
   ]
  },
  {
   "product": "HULGI Kartulivorm maasuitsusingiga 3tk, SELVERI KÖÖK, 3 x 350 g",
   "url": "https://www.selver.ee/hulgi-kartulivorm-maasuitsusingiga-3tk-selveri-kook-3-x-350-g",
   "hind": [
    {
     "hind": "6,19 €"
    }
   ]
  },
  {
   "product": "HULGI Rassolnik kalkunilihaga 3tk, SELVERI KÖÖK, 3 x 400G",
   "url": "https://www.selver.ee/hulgi-rassolnik-kalkunilihaga-3tk-selveri-kook-3-x-400g",
   "hind": [
    {
     "hind": "5,89 €"
    }
   ]
  },
  {
   "product": "Kalkuniguljašš, SELVERI KÖÖK, 1kg",
   "url": "https://www.selver.ee/kalkuniguljass-selveri-kook-1kg",
   "hind": [
    {
     "hind": "8,49 €"
    }
   ]
  },
  {
   "product": "Hakklihakaste, SELVERI KÖÖK, 1kg",
   "url": "https://www.selver.ee/hakklihakaste-selveri-kook-1kg",
   "hind": [
    {
     "hind": "6,49 €"
    }
   ]
  },
  {
   "product": "HULGI Brokolipüreesupp kookospiimaga 3tk, SELVERI KÖÖK, 3 x 400g",
   "url": "https://www.selver.ee/hulgi-brokolipureesupp-kookospiimaga-3tk-selveri-kook-3-x-400g",
   "hind": [
    {
     "hind": "7,69 €"
    }
   ]
  },
  {
   "product": "HULGI Pasta Carbonara 3tk, SELVERI KÖÖK, 3 x 350 g",
   "url": "https://www.selver.ee/hulgi-pasta-carbonara-3tk-selveri-kook-3-x-350-g",
   "hind": [
    {
     "hind": "8,19 €"
    }
   ]
  },
  {
   "product": "HULGI Lihapallid kartulipudruga 3tk, SELVERI KÖÖK, 3 x 450 g",
   "url": "https://www.selver.ee/hulgi-lihapallid-kartulipudruga-3tk-selveri-kook-3-x-450-g",
   "hind": [
    {
     "hind": "8,59 €"
    }
   ]
  },
  {
   "product": "Vegan porgandi-kapsa šnitsel, UVIC, 310 g",
   "url": "https://www.selver.ee/vegan-porgandi-kapsa-snitsel-uvic-310-g",
   "hind": [
    {
     "hind": "2,39 €"
    }
   ]
  },
  {
   "product": "Kõrvitsa-kohupiimapannkoogid, MAMMA, 400 g",
   "url": "https://www.selver.ee/korvitsa-kohupiimapannkoogid-mamma-400-g",
   "hind": [
    {
     "hind": "3,69 €"
    }
   ]
  }
 ]
}