{
 "name": "Külmutatud toidukaubad",
 "info": [
  {
   "product": "Vanilliplombiir glasuuris, VÄIKE TOM, 60 g",
   "url": "https://www.selver.ee/vanilliplombiir-glasuuris-vaike-tom-60-g",
   "hind": [
    {
     "hind": "0,69 €"
    }
   ]
  },
  {
   "product": "Vanilliplombiir pähklitäidise ja pähkliglasuuriga, VÄIKE TOM, 60 g",
   "url": "https://www.selver.ee/vanilliplombiir-pahklitaidise-ja-pahkliglasuuriga-vaike-tom-60-g",
   "hind": [
    {
     "hind": "0,69 €"
    }
   ]
  },
  {
   "product": "Vanillijäätis šokolaadiglasuuris, VANILLA NINJA, 80 g",
   "url": "https://www.selver.ee/vanillijaatis-shokolaadiglasuuris-vanilla-ninja-80-g",
   "hind": [
    {
     "hind": "0,79 €"
    }
   ]
  },
  {
   "product": "Kalapulgad, ESVA, 250 g",
   "url": "https://www.selver.ee/kalapulgad-esva-250-g",
   "hind": [
    {
     "hind": "1,09 €"
    }
   ]
  },
  {
   "product": "Limonaadi-ja guanabamaitseline jäätis, LIMPA, 70 g",
   "url": "https://www.selver.ee/limonaadi-ja-guanabamaitseline-jaatis-limpa-70-g",
   "hind": [
    {
     "hind": "0,45 €"
    }
   ]
  },
  {
   "product": "Küpsisejäätis Hele, VÄIKE TOM, 75 g",
   "url": "https://www.selver.ee/kupsisejaatis-hele-vaike-tom-75-g",
   "hind": [
    {
     "hind": "0,95 €"
    }
   ]
  },
  {
   "product": "Regatt vanilli koorejäätis vahvlitopsis, PREMIA, 65 g",
   "url": "https://www.selver.ee/regatt-vanilli-koorejaatis-vahvlitopsis-premia-65-g",
   "hind": [
    {
     "hind": "0,79 €"
    }
   ]
  },
  {
   "product": "Apelsini-maasika-pirni-mango-mahlajää, MAHLAPURIKAS, 65 g",
   "url": "https://www.selver.ee/apelsini-maasika-pirni-mango-mahlajaa-mahlapurikas-65-g",
   "hind": [
    {
     "hind": "0,49 €"
    }
   ]
  },
  {
   "product": "Pikksai küüslaugu võidega, EESTI PAGAR, 175 g",
   "url": "https://www.selver.ee/pikksai-kuuslaugu-voidega-eesti-pagar-175-g",
   "hind": [
    {
     "hind": "0,99 €"
    }
   ]
  },
  {
   "product": "RAKS Koorejäätis küpsistega, RAKS, 56 g",
   "url": "https://www.selver.ee/raks-koorejaatis-kupsistega-raks-56-g",
   "hind": [
    {
     "hind": "0,89 €"
    }
   ]
  },
  {
   "product": "Kaneelisaiake, EESTI PAGAR, 320 g",
   "url": "https://www.selver.ee/kaneelisaiake-eesti-pagar-320-g",
   "hind": [
    {
     "hind": "1,99 €"
    }
   ]
  },
  {
   "product": "Karamelli-koorejäätis küpsistega, RAKS, 56 g",
   "url": "https://www.selver.ee/karamelli-koorejaatis-kupsistega-raks-56-g",
   "hind": [
    {
     "hind": "0,65 €"
    }
   ]
  },
  {
   "product": "Pelmeenid Pealinna, PREMIA, 350 g",
   "url": "https://www.selver.ee/pelmeenid-pealinna-premia-350-g",
   "hind": [
    {
     "hind": "1,49 €"
    }
   ]
  },
  {
   "product": "Jäätis brikett, REGATT, 90 g",
   "url": "https://www.selver.ee/jaatis-brikett-regatt-90-g",
   "hind": [
    {
     "hind": "0,79 €"
    }
   ]
  },
  {
   "product": "Vanilliplombiir šolaadiglasuuriga, VANA TOOMAS, 90 g",
   "url": "https://www.selver.ee/vanilliplombiir-sholaadiglasuuriga-vana-toomas-90-g",
   "hind": [
    {
     "hind": "1,09 €"
    }
   ]
  },
  {
   "product": "Vaarikad, mustikad, HÄRMAVILI, 300 g",
   "url": "https://www.selver.ee/vaarikad-mustikad-harmavili-300-g",
   "hind": [
    {
     "hind": "2,29 €"
    }
   ]
  },
  {
   "product": "Brokoli, lillkapsas, porgand, HÄRMAVILI, 400 g",
   "url": "https://www.selver.ee/brokkoli-lillkapsas-porgand-harmavili-400-g",
   "hind": [
    {
     "hind": "1,29 €"
    }
   ]
  },
  {
   "product": "Piparmündi-koorejäätis šokolaaditükkidega, VAU, 245 g",
   "url": "https://www.selver.ee/piparmundi-koorejaatis-sokolaaditukkidega-vau-245-g",
   "hind": [
    {
     "hind": "1,59 €"
    }
   ]
  },
  {
   "product": "Roheline hernes, HÄRMAVILI, 400 g",
   "url": "https://www.selver.ee/roheline-hernes-harmavili-400-g",
   "hind": [
    {
     "hind": "1,29 €"
    }
   ]
  },
  {
   "product": "Külmutatud pikk uba, DUJARDIN, 450 g",
   "url": "https://www.selver.ee/kulmutatud-pikk-uba-dujardin-450-g",
   "hind": [
    {
     "hind": "1,09 €"
    }
   ]
  },
  {
   "product": "Croissant võiga, EESTI PAGAR, 360 g",
   "url": "https://www.selver.ee/croissant-voiga-eesti-pagar-360-g",
   "hind": [
    {
     "hind": "2,69 €"
    }
   ]
  },
  {
   "product": "Külmutatud EHE pelmeenid, RANNAROOTSI, 350 g",
   "url": "https://www.selver.ee/kulmutatud-ehe-pelmeenid-rannarootsi-350-g",
   "hind": [
    {
     "hind": "1,59 €"
    }
   ]
  },
  {
   "product": "Maasikad, HÄRMAVILI, 400 g",
   "url": "https://www.selver.ee/maasikad-harmavili-400-g",
   "hind": [
    {
     "hind": "2,29 €"
    }
   ]
  },
  {
   "product": "Vanillimaitseline koorejäätis vahvlitorus, RAKS, 68 g",
   "url": "https://www.selver.ee/vanillimaitseline-koorejaatis-vahvlitorus-raks-68-g",
   "hind": [
    {
     "hind": "0,89 €"
    }
   ]
  },
  {
   "product": "Bataadi friikartulid, kuldselt krõbe, MAAHÄRRA, 500 g",
   "url": "https://www.selver.ee/bataadi-friikartulid-kuldselt-krobe-maaharra-500-g",
   "hind": [
    {
     "hind": "2,59 €"
    }
   ]
  },
  {
   "product": "Hernes, mais, porgand, HÄRMAVILI, 400 g",
   "url": "https://www.selver.ee/hernes-mais-porgand-harmavili-400-g",
   "hind": [
    {
     "hind": "0,95 €"
    }
   ]
  },
  {
   "product": "Pikksai maitserohelisega, EESTI PAGAR, 175 g",
   "url": "https://www.selver.ee/pikksai-maitserohelisega-eesti-pagar-175-g",
   "hind": [
    {
     "hind": "0,99 €"
    }
   ]
  },
  {
   "product": "Šokolaadijäätis glasuuris, VÄIKE TOM, 60 g",
   "url": "https://www.selver.ee/sokolaadijaatis-glasuuris-vaike-tom-60-g",
   "hind": [
    {
     "hind": "0,69 €"
    }
   ]
  },
  {
   "product": "Pelmeenid Hiina, UVIC, 400 g",
   "url": "https://www.selver.ee/pelmeenid-hiina-uvic-400-g",
   "hind": [
    {
     "hind": "2,49 €"
    }
   ]
  },
  {
   "product": "Jääkuubikud (kokteilijää) 1 kg",
   "url": "https://www.selver.ee/jaakuubikud-kokteilijaa-1-kg",
   "hind": [
    {
     "hind": "1,09 €"
    }
   ]
  },
  {
   "product": "Koorejäätis koonusvahvlis, PREMIA, 100 g",
   "url": "https://www.selver.ee/koorejaatis-koonusvahvlis-premia-100-g",
   "hind": [
    {
     "hind": "1,29 €"
    }
   ]
  },
  {
   "product": "Jäätis mandli, MAGNUM, 86 g",
   "url": "https://www.selver.ee/jaatis-mandli-magnum-86-g",
   "hind": [
    {
     "hind": "1,39 €"
    }
   ]
  },
  {
   "product": "Koolijäätis, PREMIA, 60 g",
   "url": "https://www.selver.ee/vanilliplombiir-kooli-premia-60-g",
   "hind": [
    {
     "hind": "0,75 €"
    }
   ]
  },
  {
   "product": "Köögiviljasegu Tervist!, HÄRMAVILI, 400 g",
   "url": "https://www.selver.ee/koogiviljasegu-tervist-harmavili-400-g",
   "hind": [
    {
     "hind": "1,49 €"
    }
   ]
  },
  {
   "product": "Külmutatud EHE mini-frikadellid, RANNAROOTSI EHE, 350 g",
   "url": "https://www.selver.ee/kulmutatud-ehe-mini-frikadellid-rannarootsi-ehe-370-g",
   "hind": [
    {
     "hind": "1,59 €"
    }
   ]
  },
  {
   "product": "Köögiviljad praadimiseks Aasia maitseainetega, MAAHÄRRA, 400 g",
   "url": "https://www.selver.ee/koogiviljad-praadimiseks-aasia-maitseainetega-maaharra-400-g",
   "hind": [
    {
     "hind": "1,59 €"
    }
   ]
  },
  {
   "product": "Külmutatud friikartul sakiline, HÄRMAVILI, 750 g",
   "url": "https://www.selver.ee/kulmutatud-friikartul-sakiline-harmavili-750-g",
   "hind": [
    {
     "hind": "2,19 €"
    }
   ]
  },
  {
   "product": "Brokoli, HÄRMAVILI, 400 g",
   "url": "https://www.selver.ee/brokkoli-harmavili-400-g",
   "hind": [
    {
     "hind": "1,39 €"
    }
   ]
  },
  {
   "product": "Suvine supisegu, HÄRMAVILI, 400 g",
   "url": "https://www.selver.ee/suvine-supisegu-harmavili-400-g",
   "hind": [
    {
     "hind": "1,29 €"
    }
   ]
  },
  {
   "product": "Friikartul sakiline, MAAHÄRRA, 750 g",
   "url": "https://www.selver.ee/friikartul-sakiline-maaharra-750-g",
   "hind": [
    {
     "hind": "1,99 €"
    }
   ]
  },
  {
   "product": "Vanilli- ja mustikajäätis vahvlitopsis, SIPSIK, 70 g",
   "url": "https://www.selver.ee/vanilli-ja-mustikajaatis-vahvlitopsis-sipsik-70-g",
   "hind": [
    {
     "hind": "0,59 €"
    }
   ]
  },
  {
   "product": "Kirsid kivideta, HÄRMAVILI, 400 g",
   "url": "https://www.selver.ee/kirsid-kivideta-harmavili-400-g",
   "hind": [
    {
     "hind": "2,19 €"
    }
   ]
  },
  {
   "product": "Eriti Rammus šokolaadi tükkidega vanilli koorejäätis, PREMIA, 110 g",
   "url": "https://www.selver.ee/eriti-rammus-sokolaadi-tukkidega-vanilli-koorejaatis-premia-110-g",
   "hind": [
    {
     "hind": "1,29 €"
    }
   ]
  },
  {
   "product": "Frikadellid, RAKVERE LK, 400 g",
   "url": "https://www.selver.ee/frikadellid-rakvere-lk-400-g",
   "hind": [
    {
     "hind": "1,99 €"
    }
   ]
  },
  {
   "product": "Mangosorbett, SMUUTIKE, 55 g",
   "url": "https://www.selver.ee/mangosorbett-smuutike-55-g",
   "hind": [
    {
     "hind": "0,69 €"
    }
   ]
  },
  {
   "product": "Odrajahust pelmeenid kanakintsulihaga Fitlap, UVIC, 400 g",
   "url": "https://www.selver.ee/odrajahust-pelmeenid-kanakintsulihaga-fitlap-uvic-400-g",
   "hind": [
    {
     "hind": "2,59 €"
    }
   ]
  },
  {
   "product": "Vaniljesaiake, EESTI PAGAR, 400 g",
   "url": "https://www.selver.ee/vaniljesaiake-eesti-pagar-400-g",
   "hind": [
    {
     "hind": "1,99 €"
    }
   ]
  },
  {
   "product": "Šokolaadijäätis šokolaadiglasuuris, VANILLA NINJA, 80 g",
   "url": "https://www.selver.ee/shokolaadijaatis-shokolaadiglasuuris-vanilla-ninja-80-g",
   "hind": [
    {
     "hind": "0,79 €"
    }
   ]
  },
  {
   "product": "Koorejäätis, REGATT, 480 g",
   "url": "https://www.selver.ee/koorejaatis-regatt-480-g",
   "hind": [
    {
     "hind": "2,89 €"
    }
   ]
  },
  {
   "product": "Koorejäätis koonusvahvlis šokolaadiga, PREMIA, 100 g",
   "url": "https://www.selver.ee/koorejaatis-koonusvahvlis-sokolaadiga-premia-100-g",
   "hind": [
    {
     "hind": "1,29 €"
    }
   ]
  },
  {
   "product": "Mustika-vaarikasorbett, SMUUTIKE, 55 g",
   "url": "https://www.selver.ee/mustika-vaarikasorbett-smuutike-55-g",
   "hind": [
    {
     "hind": "0,69 €"
    }
   ]
  },
  {
   "product": "Saaremaa pelmeenid, SAAREMAA LT, 600 g",
   "url": "https://www.selver.ee/saaremaa-pelmeenid-saaremaa-lt-600-g",
   "hind": [
    {
     "hind": "3,39 €"
    }
   ]
  },
  {
   "product": "Mooni-martsipanirull, EESTI PAGAR, 320 g",
   "url": "https://www.selver.ee/mooni-martsipanirull-eesti-pagar-320-g",
   "hind": [
    {
     "hind": "1,69 €"
    }
   ]
  },
  {
   "product": "Jäätis Vurr arbuusi-meloni-ananassi 80ml, VÄIKE TOM, 75 g",
   "url": "https://www.selver.ee/jaatis-vurr-arbuusi-meloni-ananassi-80ml-vaike-tom-75-g",
   "hind": [
    {
     "hind": "0,55 €"
    }
   ]
  },
  {
   "product": "Šokolaadijäätis, VANA TOOMAS, 90 g",
   "url": "https://www.selver.ee/sokolaadijaatis-vana-toomas-90-g",
   "hind": [
    {
     "hind": "1,09 €"
    }
   ]
  },
  {
   "product": "Sirge ja krõbe friikartul Kullakesed, HÄRMAVILI, 600 g",
   "url": "https://www.selver.ee/sirge-ja-krobe-friikartul-kullakesed-harmavili-600-g",
   "hind": [
    {
     "hind": "2,09 €"
    }
   ]
  },
  {
   "product": "Mini-frikadellid Pealinna, PREMIA, 350 g",
   "url": "https://www.selver.ee/mini-frikadellid-balti-premia-350-g",
   "hind": [
    {
     "hind": "1,89 €"
    }
   ]
  },
  {
   "product": "Maahärra lillkapsas ja brokoli, MAAHÄRRA, 400 g",
   "url": "https://www.selver.ee/maaharra-lillkapsas-ja-brokoli-maaharra-400-g",
   "hind": [
    {
     "hind": "1,19 €"
    }
   ]
  },
  {
   "product": "Võiga pärmi-lehttaigen, EESTI PAGAR, 400 g",
   "url": "https://www.selver.ee/voiga-parmi-lehttaigen-eesti-pagar-400-g",
   "hind": [
    {
     "hind": "2,39 €"
    }
   ]
  },
  {
   "product": "Friikartul ahjus küpsetamiseks, FARM FRITES, 750 g",
   "url": "https://www.selver.ee/friikartul-ahjus-kupsetamiseks-farm-frites-750-g",
   "hind": [
    {
     "hind": "2,49 €"
    }
   ]
  },
  {
   "product": "Lillkapsas, HÄRMAVILI, 400 g",
   "url": "https://www.selver.ee/lillkapsas-harmavili-400-g",
   "hind": [
    {
     "hind": "1,29 €"
    }
   ]
  },
  {
   "product": "Tutti-Frutti puuviljamaitseline jäätis, BALBIINO, 48 g",
   "url": "https://www.selver.ee/tutti-frutti-puuviljamaitseline-jaatis-balbiino-48-g",
   "hind": [
    {
     "hind": "0,69 €"
    }
   ]
  },
  {
   "product": "Krõbedate šokolaadipallidega jäätis suhkruvahvlis, RAKS, 73 g",
   "url": "https://www.selver.ee/krobedate-sokolaadipallidega-jaatis-suhkruvahvlis-raks-73-g",
   "hind": [
    {
     "hind": "0,79 €"
    }
   ]
  },
  {
   "product": "Paneeritud krevetid, VICI, 170 g",
   "url": "https://www.selver.ee/paneeritud-krevetid-vici-170-g",
   "hind": [
    {
     "hind": "1,39 €"
    }
   ]
  },
  {
   "product": "Pelmeenid, RAKVERE LK, 900 g",
   "url": "https://www.selver.ee/pelmeenid-rakvere-lk-900-g",
   "hind": [
    {
     "hind": "3,39 €"
    }
   ]
  },
  {
   "product": "Vanilli koorejäätis glasuuris, SELVER, 50 g",
   "url": "https://www.selver.ee/vanilli-koorejaatis-glasuuris-selver-50-g",
   "hind": [
    {
     "hind": "0,45 €"
    }
   ]
  },
  {
   "product": "Mangosorbett, PREMIA, 73g",
   "url": "https://www.selver.ee/mangosorbett-premia-73g",
   "hind": [
    {
     "hind": "0,69 €"
    }
   ]
  },
  {
   "product": "Ühepajatoit, HÄRMAVILI, 400 g",
   "url": "https://www.selver.ee/uhepajatoit-harmavili-400-g",
   "hind": [
    {
     "hind": "1,19 €"
    }
   ]
  },
  {
   "product": "Hakitud spinati portsjonid, HÄRMAVILI, 300 g",
   "url": "https://www.selver.ee/hakitud-spinati-portsjonid-harmavili-300-g",
   "hind": [
    {
     "hind": "0,89 €"
    }
   ]
  },
  {
   "product": "Panniroog, HÄRMAVILI, 400 g",
   "url": "https://www.selver.ee/panniroog-harmavili-400-g",
   "hind": [
    {
     "hind": "1,39 €"
    }
   ]
  },
  {
   "product": "Vaarikad, MARJAMAA TALU, 300 g",
   "url": "https://www.selver.ee/vaarikad-marjamaa-talu-300-g",
   "hind": [
    {
     "hind": "4,49 €"
    }
   ]
  },
  {
   "product": "Friikartul sirge 10 mm, FANTASY, 1 kg",
   "url": "https://www.selver.ee/friikartul-sirge-10-mm-fantasy-1-kg",
   "hind": [
    {
     "hind": "1,39 €"
    }
   ]
  },
  {
   "product": "Praadimissegu, HÄRMAVILI, 400 g",
   "url": "https://www.selver.ee/praadimissegu-harmavili-400-g",
   "hind": [
    {
     "hind": "1,39 €"
    }
   ]
  },
  {
   "product": "Vanilliplombiir, ONU ESKIMO, 480 g",
   "url": "https://www.selver.ee/vanilliplombiir-onu-eskimo-480-g",
   "hind": [
    {
     "hind": "3,79 €"
    }
   ]
  },
  {
   "product": "FIT köögiviljasegu, MAAHÄRRA, 400 g",
   "url": "https://www.selver.ee/fit-koogiviljasegu-maaharra-400-g",
   "hind": [
    {
     "hind": "0,99 €"
    }
   ]
  },
  {
   "product": "Aeduba, HÄRMAVILI, 400 g",
   "url": "https://www.selver.ee/aeduba-harmavili-400-g",
   "hind": [
    {
     "hind": "1,29 €"
    }
   ]
  },
  {
   "product": "Soolakaramellijäätis karamellikastmega, MAGNUM, 74 g",
   "url": "https://www.selver.ee/soolakaramellijaatis-karamellikastmega-magnum-74-g",
   "hind": [
    {
     "hind": "1,39 €"
    }
   ]
  },
  {
   "product": "Eriti Rammus mustikatäidisega koorejäätis, PREMIA, 110 g",
   "url": "https://www.selver.ee/eriti-rammus-mustikataidisega-koorejaatis-premia-110-g",
   "hind": [
    {
     "hind": "1,29 €"
    }
   ]
  },
  {
   "product": "Kalapulgad Muumi, VICI, 250 g",
   "url": "https://www.selver.ee/kalapulgad-muumi-vici-250-g",
   "hind": [
    {
     "hind": "0,99 €"
    }
   ]
  },
  {
   "product": "Nublik vanilli-koorejäätis karamellitäidisega, PREMIA, 64 g",
   "url": "https://www.selver.ee/nublik-karamellijaatis-premia-64-g",
   "hind": [
    {
     "hind": "0,75 €"
    }
   ]
  },
  {
   "product": "Kanafileepelmeenid, RAKVERE, 400 g",
   "url": "https://www.selver.ee/kanafileepelmeenid-tallegg-400-g",
   "hind": [
    {
     "hind": "1,89 €"
    }
   ]
  },
  {
   "product": "Odrajahuga pelmeenid Veise-,sea- ja kanalihaga 80%liha, FITLAP, 400 g",
   "url": "https://www.selver.ee/odrajahuga-pelmeenid-veise-sea-ja-kanalihaga-80-liha-fitlap-400-g",
   "hind": [
    {
     "hind": "2,89 €"
    }
   ]
  },
  {
   "product": "Karamellimaitseline koorejäätis pähklitäidisega, kakaoglasuuriga kaetud vahvlitops, SUPER VIVA, 113 g",
   "url": "https://www.selver.ee/karamellimaitseline-koorejaatis-pahklitaidisega-kakaoglasuuriga-kaetud-vahvlitops-super-viva-113-g",
   "hind": [
    {
     "hind": "0,99 €"
    }
   ]
  },
  {
   "product": "Jääkuubikud (kokteilijää), BALBIINO, 500 g",
   "url": "https://www.selver.ee/jaakuubikud-kokteilijaa-balbiino-500-g",
   "hind": [
    {
     "hind": "0,79 €"
    }
   ]
  },
  {
   "product": "Kalapulgad, ESVA, 400 g",
   "url": "https://www.selver.ee/kalapulgad-esva-400-g",
   "hind": [
    {
     "hind": "1,99 €"
    }
   ]
  },
  {
   "product": "Vanilli-koorejäätis šokolaaditükkidega vahvlitopsis, ONU ESKIMO, 65 g",
   "url": "https://www.selver.ee/vanilli-koorejaatis-sokolaaditukkidega-vahvlitopsis-onu-eskimo-65-g",
   "hind": [
    {
     "hind": "0,79 €"
    }
   ]
  },
  {
   "product": "Kookose pulgajäätis, VÄIKE TOM, 64 g",
   "url": "https://www.selver.ee/kookose-pulgajaatis-vaike-tom-64-g",
   "hind": [
    {
     "hind": "0,69 €"
    }
   ]
  },
  {
   "product": "Iirisetäidisega jäätis suhkruvahvlis, RAKS, 73 g",
   "url": "https://www.selver.ee/iirisetaidisega-jaatis-suhkruvahvlis-raks-73-g",
   "hind": [
    {
     "hind": "0,79 €"
    }
   ]
  },
  {
   "product": "Smuutisegu Artemise vibu, HÄRMAVILI, 300 g",
   "url": "https://www.selver.ee/smuutisegu-artemise-vibu-harmavili-300-g",
   "hind": [
    {
     "hind": "1,99 €"
    }
   ]
  },
  {
   "product": "Minipelmeenid Pealinna, PREMIA, 350 g",
   "url": "https://www.selver.ee/minipelmeenid-pealinna-premia-350-g",
   "hind": [
    {
     "hind": "1,69 €"
    }
   ]
  },
  {
   "product": "Pärmi-lehttaigen (rullis), HÄRMAVILI, 500 g",
   "url": "https://www.selver.ee/parmi-lehttaigen-rullis-harmavili-500-g",
   "hind": [
    {
     "hind": "1,49 €"
    }
   ]
  },
  {
   "product": "Vanillijäätis piimašokolaadiga, MAGNUM, 86 g",
   "url": "https://www.selver.ee/vanillijaatis-piimasokolaadiga-magnum-86-g",
   "hind": [
    {
     "hind": "1,39 €"
    }
   ]
  },
  {
   "product": "Pelmeenid kanaliha ja seentega Gyoza, Vici, 400 g",
   "url": "https://www.selver.ee/pelmeenid-kanaliha-ja-seentega-gyoza-400-g",
   "hind": [
    {
     "hind": "2,49 €"
    }
   ]
  },
  {
   "product": "Külmutatud mini-pelmeenid, RANNAROOTSI, 700 g",
   "url": "https://www.selver.ee/kulmutatud-mini-pelmeenid-rannarootsi-700-g",
   "hind": [
    {
     "hind": "2,89 €"
    }
   ]
  },
  {
   "product": "Viineripirukas, EESTI PAGAR, 360 g",
   "url": "https://www.selver.ee/viineripirukas-eesti-pagar-360-g",
   "hind": [
    {
     "hind": "2,69 €"
    }
   ]
  },
  {
   "product": "Hiina pelmeenid, UVIC, 1 kg",
   "url": "https://www.selver.ee/hiina-pelmeenid-uvic-1-kg",
   "hind": [
    {
     "hind": "5,99 €"
    }
   ]
  },
  {
   "product": "Vanilli- ja šokolaadi-koorejäätis, NURR, 90 g",
   "url": "https://www.selver.ee/vanilli-ja-sokolaadi-koorejaatis-nurr-90-g",
   "hind": [
    {
     "hind": "1,29 €"
    }
   ]
  },
  {
   "product": "Pärmi-lehttaigen, SELVER, 500 g",
   "url": "https://www.selver.ee/parmi-lehttaigen-selver-500-g",
   "hind": [
    {
     "hind": "1,59 €"
    }
   ]
  },
  {
   "product": "Premia vaarika-brownie koorejäätis, PREMIA, 270 g",
   "url": "https://www.selver.ee/premia-vaarika-brownie-koorejaatis-premia-270-g",
   "hind": [
    {
     "hind": "2,59 €"
    }
   ]
  },
  {
   "product": "Kalapulgad Silver, ESVA, 250 g",
   "url": "https://www.selver.ee/kalapulgad-silver-esva-250-g",
   "hind": [
    {
     "hind": "1,59 €"
    }
   ]
  },
  {
   "product": "Jäätis Strawberry-White, MAGNUM, 90 g",
   "url": "https://www.selver.ee/jaatis-strawberry-white-magnum-90-g",
   "hind": [
    {
     "hind": "1,39 €"
    }
   ]
  },
  {
   "product": "Praekartul, MAAHÄRRA, 500 g",
   "url": "https://www.selver.ee/praekartul-maaharra-500-g",
   "hind": [
    {
     "hind": "1,39 €"
    }
   ]
  },
  {
   "product": "Pärmi-lehttaigen (lapik), HÄRMAVILI, 500 g",
   "url": "https://www.selver.ee/parmi-lehttaigen-lapik-harmavili-500-g",
   "hind": [
    {
     "hind": "1,49 €"
    }
   ]
  },
  {
   "product": "Vanilli-koorejäätis šokolaaditükkidega, VAU, 245 g",
   "url": "https://www.selver.ee/vanilli-koorejaatis-sokolaaditukkidega-vau-245-g",
   "hind": [
    {
     "hind": "2,09 €"
    }
   ]
  },
  {
   "product": "Kalafileepulgad Panko paneeringus, VICI, 285 g",
   "url": "https://www.selver.ee/kalafileepulgad-panko-paneeringus-vici-285-g",
   "hind": [
    {
     "hind": "2,79 €"
    }
   ]
  },
  {
   "product": "Õuna-pohlasaiake, EESTI PAGAR, 360 g",
   "url": "https://www.selver.ee/ouna-pohlasaiake-eesti-pagar-360-g",
   "hind": [
    {
     "hind": "2,69 €"
    }
   ]
  },
  {
   "product": "Külmutatud hinkaalid, VICI, 400 g",
   "url": "https://www.selver.ee/kulmutatud-hinkaalid-vici-400-g",
   "hind": [
    {
     "hind": "2,49 €"
    }
   ]
  },
  {
   "product": "White Chocolate&Cookies, MAGNUM, 74 g",
   "url": "https://www.selver.ee/white-chocolate-cookies-magnum-74-g",
   "hind": [
    {
     "hind": "1,39 €"
    }
   ]
  },
  {
   "product": "Külmutatud pelmeenid, SELVER, 350 g",
   "url": "https://www.selver.ee/kulmutatud-pelmeenid-selver-350-g",
   "hind": [
    {
     "hind": "0,99 €"
    }
   ]
  },
  {
   "product": "Pelmeenid lihaga Gyoza, VICI 400 g",
   "url": "https://www.selver.ee/pelmeenid-lihaga-gyoza-400-g",
   "hind": [
    {
     "hind": "2,19 €"
    }
   ]
  },
  {
   "product": "Saiake õuna-iirise, EESTI PAGAR, 360 g",
   "url": "https://www.selver.ee/saiake-ouna-iirise-eesti-pagar-360-g",
   "hind": [
    {
     "hind": "2,39 €"
    }
   ]
  },
  {
   "product": "Vaarikasaiake võiga, EESTI PAGAR, 320 g",
   "url": "https://www.selver.ee/vaarikasaiake-voiga-eesti-pagar-320-g",
   "hind": [
    {
     "hind": "2,79 €"
    }
   ]
  },
  {
   "product": "Broilerikael, TALLEGG, 400 g",
   "url": "https://www.selver.ee/broilerikael-tallegg-400-g",
   "hind": [
    {
     "hind": "0,69 €"
    }
   ]
  },
  {
   "product": "Kooritud krevetid 500+, MARINE, 160 g",
   "url": "https://www.selver.ee/kooritud-krevetid-500-marine-200-g",
   "hind": [
    {
     "hind": "4,69 €"
    }
   ]
  },
  {
   "product": "Ciabatta tume, EESTI PAGAR, 300 g",
   "url": "https://www.selver.ee/ciabatta-tume-eesti-pagar-300-g",
   "hind": [
    {
     "hind": "0,89 €"
    }
   ]
  },
  {
   "product": "Koorejäätis vahvlitopsis Lumehelbeke, PREMIA, 70 g",
   "url": "https://www.selver.ee/koorejaatis-vahvlitopsis-lumehelbeke-premia-70-g",
   "hind": [
    {
     "hind": "0,79 €"
    }
   ]
  },
  {
   "product": "Ristorante Prosciutto, DR.OETKER, 330 g",
   "url": "https://www.selver.ee/ristorante-prosciutto-dr-oetker-330-g",
   "hind": [
    {
     "hind": "2,99 €"
    }
   ]
  },
  {
   "product": "Kartulisektor küüslauguga, AVIKO, 600 g",
   "url": "https://www.selver.ee/kartulisektor-kuuslauguga-aviko-600-g",
   "hind": [
    {
     "hind": "1,79 €"
    }
   ]
  },
  {
   "product": "Koorejäätis vanilli, SELVER, 500 g",
   "url": "https://www.selver.ee/koorejaatis-vanilli-selver-500-g",
   "hind": [
    {
     "hind": "2,19 €"
    }
   ]
  },
  {
   "product": "Rikkalik köögiviljasegu läätsedega, HÄRMAVILI, 400 g",
   "url": "https://www.selver.ee/rikkalik-koogiviljasegu-laatsedega-harmavili-400-g",
   "hind": [
    {
     "hind": "1,79 €"
    }
   ]
  },
  {
   "product": "Viineripirukas sinepi-kurgitäidisega, EESTI PAGAR, 390 g",
   "url": "https://www.selver.ee/viineripirukas-sinepi-kurgitaidisega-eesti-pagar-390-g",
   "hind": [
    {
     "hind": "2,79 €"
    }
   ]
  },
  {
   "product": "Suur singi-juustu pitsa tomatikastm., PREMIA, 330 g",
   "url": "https://www.selver.ee/suur-singi-juustu-pitsa-tomatikastm-premia-330-g",
   "hind": [
    {
     "hind": "2,59 €"
    }
   ]
  },
  {
   "product": "Tume Itaalia leib Ciabatta, MANTINGA, 250 g",
   "url": "https://www.selver.ee/tume-itaalia-leib-ciabatta-mantinga-250-g",
   "hind": [
    {
     "hind": "0,89 €"
    }
   ]
  },
  {
   "product": "Glasuuritud tofu dessert šokolaadi, 41g, BALTAIS",
   "url": "https://www.selver.ee/glasuuritud-tofu-desserst-sokolaadi-41g-baltais",
   "hind": [
    {
     "hind": "0,59 €"
    }
   ]
  },
  {
   "product": "Kohvi-koorejäätis „Vana Tallinn“ likööriga tumedas Belgia šokolaadis, VANA TALLINN, 64 g",
   "url": "https://www.selver.ee/kohvi-koorejaatis-vana-tallinn-likooriga-tumedas-belgia-sokolaadis-vana-tallinn-64-g",
   "hind": [
    {
     "hind": "1,39 €"
    }
   ]
  },
  {
   "product": "Pelmeen suitsulihaga täisterajahust, RAKVERE LK, 400 g",
   "url": "https://www.selver.ee/pelmeen-suitsulihaga-taisterajahust-rakvere-lk-400-g",
   "hind": [
    {
     "hind": "1,79 €"
    }
   ]
  },
  {
   "product": "Mehhiko segu, MAAHÄRRA, 400 g",
   "url": "https://www.selver.ee/mehhiko-segu-maaharra-400-g",
   "hind": [
    {
     "hind": "1,49 €"
    }
   ]
  },
  {
   "product": "Hortex mexico segu, HORTEX, 400 g",
   "url": "https://www.selver.ee/hortex-mexico-segu-hortex-400-g",
   "hind": [
    {
     "hind": "1,19 €"
    }
   ]
  },
  {
   "product": "Peekoni-munapirukas, EESTI PAGAR, 390 g",
   "url": "https://www.selver.ee/peekoni-munapirukas-eesti-pagar-390-g",
   "hind": [
    {
     "hind": "2,79 €"
    }
   ]
  },
  {
   "product": "Itaaliapäraste vürtsidega köögiviljad praadimiseks, MAAHÄRRA, 400 g",
   "url": "https://www.selver.ee/koogiviljad-praadimiseks-itaalia-maitseainetega-maaharra-400-g",
   "hind": [
    {
     "hind": "1,59 €"
    }
   ]
  },
  {
   "product": "Smuutisegu Aphrodite pisarad, HÄRMAVILI, 300 g",
   "url": "https://www.selver.ee/smuutisegu-aphrodite-pisarad-harmavili-300-g",
   "hind": [
    {
     "hind": "2,39 €"
    }
   ]
  },
  {
   "product": "Tiigrijäätis, PREMIA, 75 g",
   "url": "https://www.selver.ee/tiigrijaatis-premia-75-g",
   "hind": [
    {
     "hind": "0,55 €"
    }
   ]
  },
  {
   "product": "Paneeritud kalafileepalad, ESVA, 285 g",
   "url": "https://www.selver.ee/paneeritud-kalafileepalad-esva-285-g",
   "hind": [
    {
     "hind": "2,39 €"
    }
   ]
  },
  {
   "product": "Mustikasorbett, PREMIA, 73 g",
   "url": "https://www.selver.ee/mustikasorbett-premia-73-g",
   "hind": [
    {
     "hind": "0,69 €"
    }
   ]
  },
  {
   "product": "Kalkuni-seene pelmeenid, PEALINNA, 350 g",
   "url": "https://www.selver.ee/pealinna-kalkuni-seene-pelmeenid-pealinna-350-g",
   "hind": [
    {
     "hind": "1,69 €"
    }
   ]
  },
  {
   "product": "Mandli-koorejäätis šokolaadikreemi ja india pähklitega, MAIUSPALA, 60 g",
   "url": "https://www.selver.ee/mandli-koorejaatis-sokolaadikreemi-ja-india-pahklitega-maiuspala-60-g",
   "hind": [
    {
     "hind": "1,39 €"
    }
   ]
  },
  {
   "product": "Koorejäätis glasuuris 6x60ml, BALBIINO, 210 g",
   "url": "https://www.selver.ee/koorejaatis-glasuuris-6x60ml-balbiino-210-g",
   "hind": [
    {
     "hind": "2,99 €"
    }
   ]
  },
  {
   "product": "Minipelmeenid Pealinna, PREMIA, 700 g",
   "url": "https://www.selver.ee/minipelmeeni-pealinna-premia-700-g",
   "hind": [
    {
     "hind": "3,19 €"
    }
   ]
  },
  {
   "product": "Lihapirukas 8x50g, SELVER, 400 g",
   "url": "https://www.selver.ee/lihapirukas-8x50g-selver-400-g",
   "hind": [
    {
     "hind": "2,39 €"
    }
   ]
  },
  {
   "product": "Kalafileepalad tempura taignas, VICI, 300 g",
   "url": "https://www.selver.ee/kalafileepalad-tempura-taignas-vici-300-g",
   "hind": [
    {
     "hind": "3,19 €"
    }
   ]
  },
  {
   "product": "Toffee jäätis, CHOICE, 100 g",
   "url": "https://www.selver.ee/toffee-jaatis-choice-100-g",
   "hind": [
    {
     "hind": "1,39 €"
    }
   ]
  },
  {
   "product": "Smuutisegu Heraklese vägi, HÄRMAVILI, 300 g",
   "url": "https://www.selver.ee/smuutisegu-heraklese-vagi-harmavili-300-g",
   "hind": [
    {
     "hind": "2,49 €"
    }
   ]
  },
  {
   "product": "Pistaatsiajäätis mandlilaastudega, CLASSIC, 64 g",
   "url": "https://www.selver.ee/pistaatsiajaatis-mandlilaastudega-classic-64-g",
   "hind": [
    {
     "hind": "1,39 €"
    }
   ]
  },
  {
   "product": "Juusturull, EESTI PAGAR, 400 g",
   "url": "https://www.selver.ee/juusturull-eesti-pagar-400-g",
   "hind": [
    {
     "hind": "2,69 €"
    }
   ]
  },
  {
   "product": "Brüsselikapsas, DUJARDIN, 450 g",
   "url": "https://www.selver.ee/brusselikapsas-dujardin-450-g",
   "hind": [
    {
     "hind": "0,99 €"
    }
   ]
  },
  {
   "product": "Vanillikoorejäätis 15%, PREMIA, 480 g",
   "url": "https://www.selver.ee/vanillikoorejaatis-15-premia-480-g",
   "hind": [
    {
     "hind": "3,39 €"
    }
   ]
  },
  {
   "product": "Daim jäätise pulk, NESTLE, 71 g",
   "url": "https://www.selver.ee/daim-jaatise-pulk-nestle-71-g",
   "hind": [
    {
     "hind": "1,69 €"
    }
   ]
  },
  {
   "product": "Ristorante Mozzarella, DR.OETKER, 335 g",
   "url": "https://www.selver.ee/ristorante-mozzarella-dr-oetker-335-g",
   "hind": [
    {
     "hind": "2,99 €"
    }
   ]
  },
  {
   "product": "Suur hakkliha-juustu pitsa tomatikastm., PREMIA, 375 g",
   "url": "https://www.selver.ee/suur-hakkliha-juustu-pitsa-tomatikastm-premia-375-g",
   "hind": [
    {
     "hind": "2,59 €"
    }
   ]
  },
  {
   "product": "Metsamustikad, MARJAMAA TALU, 400 g",
   "url": "https://www.selver.ee/metsamustikad-marjamaa-talu-400-g",
   "hind": [
    {
     "hind": "6,29 €"
    }
   ]
  },
  {
   "product": "Suur nelja-juustu pitsa tomatikastm., PREMIA, 340 g",
   "url": "https://www.selver.ee/suur-nelja-juustu-pitsa-tomatikastm-premia-340-g",
   "hind": [
    {
     "hind": "2,59 €"
    }
   ]
  },
  {
   "product": "Köögiviljad praadimiseks, MAAHÄRRA, 400 g",
   "url": "https://www.selver.ee/koogiviljad-praadimiseks-maaharra-400-g",
   "hind": [
    {
     "hind": "1,59 €"
    }
   ]
  },
  {
   "product": "Lehttaigen, SELVER, 500 g",
   "url": "https://www.selver.ee/lehttaigen-selver-500-g",
   "hind": [
    {
     "hind": "1,59 €"
    }
   ]
  },
  {
   "product": "Pistaatsia-koorejäätis vahvlikoonuses, ONU ESKIMO, 80 g",
   "url": "https://www.selver.ee/pistaatsia-koorejaatis-vahvlikoonuses-onu-eskimo-80-g",
   "hind": [
    {
     "hind": "1,19 €"
    }
   ]
  },
  {
   "product": "Ristorante 4 Juustu pitsa, DR.OETKER, 340 g",
   "url": "https://www.selver.ee/ristorante-4-juustu-pitsa-dr-oetker-340-g",
   "hind": [
    {
     "hind": "2,99 €"
    }
   ]
  },
  {
   "product": "Barbarissi kommi maitselise lisandiga koorejäätis vahvlikoonuses, ONU ESKIMO, 84 g",
   "url": "https://www.selver.ee/barbarissi-kommi-maitselise-lisandiga-koorejaatis-vahvlikoonuses-onu-eskimo-84-g",
   "hind": [
    {
     "hind": "1,09 €"
    }
   ]
  },
  {
   "product": "Jäätis Creme brülee, SUPER VIVA, 104g",
   "url": "https://www.selver.ee/jaatis-creme-brulee-super-viva-104g",
   "hind": [
    {
     "hind": "1,19 €"
    }
   ]
  },
  {
   "product": "Mandli-koorejäätis šokolaadikreemi ja india pähklitega, MAIUSPALA, 270 g",
   "url": "https://www.selver.ee/mandli-koorejaatis-sokolaadikreemi-ja-india-pahklitega-maiuspala-270-g",
   "hind": [
    {
     "hind": "2,39 €"
    }
   ]
  },
  {
   "product": "Suitsukanapirukas murulauguga, EESTI PAGAR, 360 g",
   "url": "https://www.selver.ee/suitsukanapirukas-murulauguga-eesti-pagar-360-g",
   "hind": [
    {
     "hind": "2,09 €"
    }
   ]
  },
  {
   "product": "Stracciatella koorejäätis, PREMIA, 480 g",
   "url": "https://www.selver.ee/stracciatella-koorejaatis-premia-480-g",
   "hind": [
    {
     "hind": "2,99 €"
    }
   ]
  },
  {
   "product": "Frikadellid, PREMIA, 350 g",
   "url": "https://www.selver.ee/frikadellid-balti-premia-350-g",
   "hind": [
    {
     "hind": "1,89 €"
    }
   ]
  },
  {
   "product": "Paneeritud juust Pealinna, PREMIA, 200 g",
   "url": "https://www.selver.ee/paneeritud-juust-pealinna-premia-200-g",
   "hind": [
    {
     "hind": "1,79 €"
    }
   ]
  },
  {
   "product": "Šokolaadi-koorejäätis, VAU, 240 g",
   "url": "https://www.selver.ee/sokolaadi-koorejaatis-vau-240-g",
   "hind": [
    {
     "hind": "2,09 €"
    }
   ]
  },
  {
   "product": "Kalapulgad Smart Choice, VICI, 250 g",
   "url": "https://www.selver.ee/kalapulgad-smart-choice-vici-250-g",
   "hind": [
    {
     "hind": "0,69 €"
    }
   ]
  },
  {
   "product": "Vanilli-koorejäätis vähend. suhkr.,47%, PREMIA, 240 g",
   "url": "https://www.selver.ee/vanilli-koorejaatis-vahend-suhkr-47-premia-240-g",
   "hind": [
    {
     "hind": "2,09 €"
    }
   ]
  },
  {
   "product": "Kohvijäätis „Vana Tallinna“ likööri ja šokolaaditükkidega, VANA TALLINN, 380 g",
   "url": "https://www.selver.ee/kohvijaatis-vana-tallinna-likoori-ja-sokolaaditukkidega-vana-tallinn-380-g",
   "hind": [
    {
     "hind": "5,19 €"
    }
   ]
  },
  {
   "product": "Šokolaadi-koorejäätis šokolaaditükkidega, ONU ESKIMO, 480 g",
   "url": "https://www.selver.ee/sokolaadi-koorejaatis-sokolaaditukkidega-onu-eskimo-480-g",
   "hind": [
    {
     "hind": "3,79 €"
    }
   ]
  },
  {
   "product": "Rannarootsi hinkaalid, RANNAROOTSI, 420 g",
   "url": "https://www.selver.ee/rannarootsi-hinkaalid-rannarootsi-420-g",
   "hind": [
    {
     "hind": "2,29 €"
    }
   ]
  },
  {
   "product": "Singi-juustupirukas, EESTI PAGAR, 360 g",
   "url": "https://www.selver.ee/singi-juustupirukas-eesti-pagar-360-g",
   "hind": [
    {
     "hind": "2,79 €"
    }
   ]
  },
  {
   "product": "Suur kana-juustu pitsa tomatikastm., PREMIA, 355 g",
   "url": "https://www.selver.ee/suur-kana-juustu-pitsa-tomatikastm-premia-355-g",
   "hind": [
    {
     "hind": "2,59 €"
    }
   ]
  },
  {
   "product": "Vanilli pulgajäätis vahvlitükkidega, ERITI RAMMUS, 85 g",
   "url": "https://www.selver.ee/vanilli-pulgajaatis-vahvlitukkidega-eriti-rammus-85-g",
   "hind": [
    {
     "hind": "1,19 €"
    }
   ]
  },
  {
   "product": "Marja-ja puuviljasegu, IGLOTEX, 450 g",
   "url": "https://www.selver.ee/marja-ja-puuviljasegu-iglotex-450-g",
   "hind": [
    {
     "hind": "1,89 €"
    }
   ]
  },
  {
   "product": "Pitsarull, EESTI PAGAR, 400 g",
   "url": "https://www.selver.ee/pitsarull-eesti-pagar-400-g",
   "hind": [
    {
     "hind": "2,59 €"
    }
   ]
  },
  {
   "product": "Milka mini koonus jäätis, NESTLE, 141 g",
   "url": "https://www.selver.ee/milka-mini-koonus-jaatis-nestle-141-g",
   "hind": [
    {
     "hind": "3,49 €"
    }
   ]
  },
  {
   "product": "Maahärra paprikalõigud (kolm värvi), MAAHÄRRA, 400 g",
   "url": "https://www.selver.ee/maaharra-paprikaloigud-kolm-varvi-maaharra-400-g",
   "hind": [
    {
     "hind": "1,29 €"
    }
   ]
  },
  {
   "product": "Broileri lihasmagu, TALLEGG, 500g",
   "url": "https://www.selver.ee/broileri-lihasmagu-tallegg-500g",
   "hind": [
    {
     "hind": "1,59 €"
    }
   ]
  },
  {
   "product": "Delikatess broilerisüda, TALLEGG, 400 g",
   "url": "https://www.selver.ee/delikatess-broilerisuda-tallegg-400-g",
   "hind": [
    {
     "hind": "2,29 €"
    }
   ]
  },
  {
   "product": "HULGI Piparmündi-koorejäätis šokolaaditükkidega 2 tk, VAU, 2 x 245 g",
   "url": "https://www.selver.ee/piparmundi-koorejaatis-sokolaaditukkidega-2tk",
   "hind": [
    {
     "hind": "2,90 €"
    }
   ]
  },
  {
   "product": "Ristorante Hawaii, DR.OETKER, 355 g",
   "url": "https://www.selver.ee/ristorante-hawaii-dr-oetker-355-g",
   "hind": [
    {
     "hind": "2,99 €"
    }
   ]
  },
  {
   "product": "Martsipani koorejäätis, PREMIA, 270 g",
   "url": "https://www.selver.ee/martsipani-koorejaatis-premia-270-g",
   "hind": [
    {
     "hind": "2,59 €"
    }
   ]
  },
  {
   "product": "Pelmeenid kana, juustu ja puravikega Modern style, VICI, 400 g",
   "url": "https://www.selver.ee/pelmeenid-kana-juustu-ja-puravikega-modern-style-vici-400-g",
   "hind": [
    {
     "hind": "2,89 €"
    }
   ]
  },
  {
   "product": "Mustsõstar, MARJAMAA TALU, 400 g",
   "url": "https://www.selver.ee/mustsostar-marjamaa-talu-400-g",
   "hind": [
    {
     "hind": "2,79 €"
    }
   ]
  },
  {
   "product": "Praekartul sibulaga, HÄRMAVILI, 400 g",
   "url": "https://www.selver.ee/praekartul-sibulaga-harmavili-400-g",
   "hind": [
    {
     "hind": "1,09 €"
    }
   ]
  },
  {
   "product": "Pajaroog, HÄRMAVILI, 400 g",
   "url": "https://www.selver.ee/pajaroog-harmavili-400-g",
   "hind": [
    {
     "hind": "1,29 €"
    }
   ]
  },
  {
   "product": "Pelmeenid vürtsikate köögiviljadega Gyoza, VICI, 400 g",
   "url": "https://www.selver.ee/pelmeenid-vurtsikate-koogiviljadega-asian-style-vici-400-g",
   "hind": [
    {
     "hind": "2,19 €"
    }
   ]
  },
  {
   "product": "Soolakaramelli-küpsisejäätis, CLASSIC, 250 g",
   "url": "https://www.selver.ee/soolakaramelli-kupsisejaatis-classic-250-g",
   "hind": [
    {
     "hind": "3,19 €"
    }
   ]
  },
  {
   "product": "Laste pelmeenid, PEALINNA, 350 g",
   "url": "https://www.selver.ee/laste-pelmeenid-pealinna-premia-350-g",
   "hind": [
    {
     "hind": "1,69 €"
    }
   ]
  },
  {
   "product": "Ristorante Speciale, DR.OETKER, 330 g",
   "url": "https://www.selver.ee/ristorante-speciale-dr-oetker-330-g",
   "hind": [
    {
     "hind": "2,99 €"
    }
   ]
  },
  {
   "product": "Aedviljasegu, HÄRMAVILI, 400 g",
   "url": "https://www.selver.ee/aedviljasegu-harmavili-400-g",
   "hind": [
    {
     "hind": "1,39 €"
    }
   ]
  },
  {
   "product": "Ciabatta hele, EESTI PAGAR, 300 g",
   "url": "https://www.selver.ee/ciabatta-hele-eesti-pagar-300-g",
   "hind": [
    {
     "hind": "0,89 €"
    }
   ]
  },
  {
   "product": "HULGI Külmutatud friikartul sakiline 2tk, HÄRMAVILI, 2 X 750 g",
   "url": "https://www.selver.ee/hulgi-kulmutatud-friikartul-sakiline-2tk-harmavili-2-x-750-g",
   "hind": [
    {
     "hind": "3,00 €"
    }
   ]
  },
  {
   "product": "Kartulipannkoogid Rosti, külmutatud, AVIKO, 750 g",
   "url": "https://www.selver.ee/kartulipannkoogid-rosti-kulmutatud-aviko-750-g",
   "hind": [
    {
     "hind": "2,49 €"
    }
   ]
  },
  {
   "product": "Banaani pulgajäätis vahvlitükkidega, ERITI RAMMUS, 85 g",
   "url": "https://www.selver.ee/banaani-pulgajaatis-vahvlitukkidega-eriti-rammus-85-g",
   "hind": [
    {
     "hind": "1,19 €"
    }
   ]
  },
  {
   "product": "Rakvere pihvid, RAKVERE LK, 530 g",
   "url": "https://www.selver.ee/rakvere-pihvid-rakvere-lk-530-g",
   "hind": [
    {
     "hind": "3,69 €"
    }
   ]
  },
  {
   "product": "Pähkli batoonijäätis, PREMIA, 48 g",
   "url": "https://www.selver.ee/pahkli-batoonijaatis-premia-48-g",
   "hind": [
    {
     "hind": "0,69 €"
    }
   ]
  },
  {
   "product": "Vähendatud suhkruga laktoosivaba šokolaadi-koorejäätis, BALBIINO, 45 g",
   "url": "https://www.selver.ee/vahendatud-suhkruga-sokolaadi-koorejaat-balbiino-45-g",
   "hind": [
    {
     "hind": "0,69 €"
    }
   ]
  },
  {
   "product": "Murel, BIMAR, 300 g",
   "url": "https://www.selver.ee/murel-bimar-300-g",
   "hind": [
    {
     "hind": "2,49 €"
    }
   ]
  },
  {
   "product": "Šokolaadikoorejäätis 15%, PREMIA, 480 g",
   "url": "https://www.selver.ee/sokolaadikoorejaatis-15-premia-480-g",
   "hind": [
    {
     "hind": "3,39 €"
    }
   ]
  },
  {
   "product": "Cookie Dough jäätis, BEN&JERRY´S, 406 g",
   "url": "https://www.selver.ee/cookie-dough-jaatis-ben-jerry-s-406-g",
   "hind": [
    {
     "hind": "6,99 €"
    }
   ]
  },
  {
   "product": "AHHAA Popkornitükkidega jäätis suhkruvahvlis, RAKS, 74 g",
   "url": "https://www.selver.ee/ahhaa-popkornitukkidega-jaatis-suhkruvahvlis-raks-74-g",
   "hind": [
    {
     "hind": "0,99 €"
    }
   ]
  },
  {
   "product": "Vanilje-rosinarull võiga, EESTI PAGAR, 400 g",
   "url": "https://www.selver.ee/vanilje-rosinarull-voiga-eesti-pagar-400-g",
   "hind": [
    {
     "hind": "2,59 €"
    }
   ]
  },
  {
   "product": "Kiviahjupizza Superiore for Meat Lovers, GRANDIOSA, 350 g",
   "url": "https://www.selver.ee/kiviahjupizza-superiore-for-meat-lovers-grandiosa-350-g",
   "hind": [
    {
     "hind": "2,99 €"
    }
   ]
  },
  {
   "product": "Šokolaadijäätis kirsitükkidega šokolaadiglasuuris, CLASSIC, 60 g",
   "url": "https://www.selver.ee/sokolaadijaatis-kirsitukkidega-sokolaadiglasuuris-classic-60-g",
   "hind": [
    {
     "hind": "1,39 €"
    }
   ]
  },
  {
   "product": "Vanillimaitseline koorejäätis vahvlikoonuses, ONU ESKIMO, 80 g",
   "url": "https://www.selver.ee/vanillimaitseline-koorejaatis-vahvlikoonuses-onu-eskimo-80-g",
   "hind": [
    {
     "hind": "1,09 €"
    }
   ]
  },
  {
   "product": "Karamelli-koorejäätis, ONU ESKIMO, 57 g",
   "url": "https://www.selver.ee/karamelli-koorejaatis-onu-eskimo-57-g",
   "hind": [
    {
     "hind": "0,69 €"
    }
   ]
  },
  {
   "product": "Šokolaadi-vanillimaitseline koorejäätis piimašokolaadiga, NURR, 260 g",
   "url": "https://www.selver.ee/sokolaadi-vanillimaitseline-koorejaatis-piimasokolaadiga-nurr-260-g",
   "hind": [
    {
     "hind": "2,69 €"
    }
   ]
  },
  {
   "product": "Kodused frikadellid, SAAREMAA LT, 350 g",
   "url": "https://www.selver.ee/kodused-frikadellid-saaremaa-lt-350-g",
   "hind": [
    {
     "hind": "2,19 €"
    }
   ]
  },
  {
   "product": "Hot dogi pizza salaamiga, RANNAROOTSI, 551 g",
   "url": "https://www.selver.ee/hot-dogi-pizza-salaamiga-rannarootsi-551-g",
   "hind": [
    {
     "hind": "3,59 €"
    }
   ]
  },
  {
   "product": "Pelmeenid bolognese, RAKVERE LK, 400 g",
   "url": "https://www.selver.ee/pelmeenid-bolognese-rakvere-lk-400-g",
   "hind": [
    {
     "hind": "1,99 €"
    }
   ]
  },
  {
   "product": "Toortoit koertele, RAX, 400 g",
   "url": "https://www.selver.ee/toortoit-koertele-rax-400-g",
   "hind": [
    {
     "hind": "1,49 €"
    }
   ]
  },
  {
   "product": "Kala-juurviljaburger, ESVA, 375 g",
   "url": "https://www.selver.ee/kala-juurviljaburger-esva-375-g",
   "hind": [
    {
     "hind": "1,79 €"
    }
   ]
  },
  {
   "product": "Pelmeenid veiselihaga Traditional style, VICI, 400 g",
   "url": "https://www.selver.ee/pelmeenid-veiselihaga-traditional-style-vici-400-g",
   "hind": [
    {
     "hind": "2,89 €"
    }
   ]
  },
  {
   "product": "Vanillijäätis soolakaramellikeeru, brownie tükkide, šokolaaditükkide ja šokolaadikattega, BEN&JERRY´S, 403 g",
   "url": "https://www.selver.ee/vanillijaatis-soolakaramellikeeru-brownie-tukkide-sokolaaditukkide-ja-sokolaadikattega-ben-jerry-s-403-g",
   "hind": [
    {
     "hind": "6,99 €"
    }
   ]
  },
  {
   "product": "Maasikad, MARJAMAA TALU, 350 g",
   "url": "https://www.selver.ee/maasikad-marjamaa-talu-350-g",
   "hind": [
    {
     "hind": "3,99 €"
    }
   ]
  },
  {
   "product": "Tiigerkrevetid puhastatud 31/40, SEAFOOD, 320 g",
   "url": "https://www.selver.ee/tiigerkrevetid-puhastatud-31-40-seafood-400-g",
   "hind": [
    {
     "hind": "8,99 €"
    }
   ]
  },
  {
   "product": "Vanillimaitseline koorejäätis, ONU ESKIMO, 57 g",
   "url": "https://www.selver.ee/vanillimaitseline-koorejaatis-onu-eskimo-57-g",
   "hind": [
    {
     "hind": "0,69 €"
    }
   ]
  },
  {
   "product": "Kartuli-sibulasegu, MAAHÄRRA, 1 kg",
   "url": "https://www.selver.ee/kartuli-sibulasegu-maaharra-1-kg",
   "hind": [
    {
     "hind": "2,39 €"
    }
   ]
  },
  {
   "product": "Maksikrevetid kooreta, sabaga, eelkeedetud, VICI, 240 g",
   "url": "https://www.selver.ee/maksikrevetid-kooreta-sabaga-eelkeedetud-vici-300-g",
   "hind": [
    {
     "hind": "7,99 €"
    }
   ]
  },
  {
   "product": "Pelmeenid Hiina lambalihaga, UVIC, 400 g",
   "url": "https://www.selver.ee/pelmeenid-hiina-lambalihaga-uvic-400-g",
   "hind": [
    {
     "hind": "2,59 €"
    }
   ]
  },
  {
   "product": "Külmutatud friikartul sakiline, FARM FRITES, 1.5 kg",
   "url": "https://www.selver.ee/kulmutatud-friikartul-sakiline-farm-frites-1-5-kg",
   "hind": [
    {
     "hind": "4,49 €"
    }
   ]
  },
  {
   "product": "Sojaoad, DIAMOND, 500 g",
   "url": "https://www.selver.ee/sojaoad-diamond-500-g",
   "hind": [
    {
     "hind": "2,59 €"
    }
   ]
  },
  {
   "product": "Meresoola-Karamellijäätis, LA MUU, 400 g",
   "url": "https://www.selver.ee/meresoola-karamellijaatis-la-muu-400-g",
   "hind": [
    {
     "hind": "6,59 €"
    }
   ]
  },
  {
   "product": "Mustika-vaarika koorejäätis vahvlikoonuses, ONU ESKIMO, 84 g",
   "url": "https://www.selver.ee/mustika-vaarika-koorejaatis-vahvlikoonuses-onu-eskimo-84-g",
   "hind": [
    {
     "hind": "1,09 €"
    }
   ]
  },
  {
   "product": "Pitsataigen, EESTI PAGAR, 600 g",
   "url": "https://www.selver.ee/pitsataigen-eesti-pagar-600-g",
   "hind": [
    {
     "hind": "1,29 €"
    }
   ]
  },
  {
   "product": "Pavlova koogi koonusjäätis, PREMIA, 75 g",
   "url": "https://www.selver.ee/pavlova-koogi-koonusjaatis-premia-75-g",
   "hind": [
    {
     "hind": "0,99 €"
    }
   ]
  },
  {
   "product": "Köögiviljad praadimiseks broccol, BONDUELLE, 400 g",
   "url": "https://www.selver.ee/koogiviljad-praadimiseks-broccol-bonduelle-400-g",
   "hind": [
    {
     "hind": "1,39 €"
    }
   ]
  },
  {
   "product": "Paneeritud kalafileepalad, ESVA, 400 g",
   "url": "https://www.selver.ee/vormitud-paneeritud-heigi-filee-esva-400-g",
   "hind": [
    {
     "hind": "3,79 €"
    }
   ]
  },
  {
   "product": "Pelmeenid sealihaga Traditional style, VICI, 400 g",
   "url": "https://www.selver.ee/pelmeenid-sealihaga-traditional-style-vici-400-g",
   "hind": [
    {
     "hind": "2,49 €"
    }
   ]
  },
  {
   "product": "Hot dogi pizza mozzarella ja cheddari juustuga, RANNAROOTSI, 531 g",
   "url": "https://www.selver.ee/hot-dogi-pizza-mozzarella-ja-cheddari-juustuga-rannarootsi-531-g",
   "hind": [
    {
     "hind": "4,59 €"
    }
   ]
  },
  {
   "product": "Singipitsa, HÄRMAVILI, 320 g",
   "url": "https://www.selver.ee/singipitsa-harmavili-320-g",
   "hind": [
    {
     "hind": "3,19 €"
    }
   ]
  },
  {
   "product": "Pelmeenid kanalihaga, PEALINNA, 350 g",
   "url": "https://www.selver.ee/pelmeenid-kanalihaga-pealinna-350-g",
   "hind": [
    {
     "hind": "1,99 €"
    }
   ]
  },
  {
   "product": "Pitsa rebitud sealihaga Party, VICI, 350 g",
   "url": "https://www.selver.ee/pitsa-rebitud-sealihaga-party-vici-350-g",
   "hind": [
    {
     "hind": "2,29 €"
    }
   ]
  },
  {
   "product": "Premia -40% koorejäätis mango-passionviljalisandiga, PREMIA, 480 g",
   "url": "https://www.selver.ee/premia-40-koorejaatis-mango-passionviljalisandiga-premia-480-g",
   "hind": [
    {
     "hind": "3,79 €"
    }
   ]
  },
  {
   "product": "Be Beautiful mustsõstrasorbett ja vanillikoorejäätis, BALBIINO, 70 g",
   "url": "https://www.selver.ee/be-beautiful-mustsostrasorbett-ja-vanillikoorejaatis-balbiino-70-g",
   "hind": [
    {
     "hind": "1,09 €"
    }
   ]
  },
  {
   "product": "Kohupiimasaiake, SELVER, 400 g",
   "url": "https://www.selver.ee/kohupiimasaiake-selver-400-g",
   "hind": [
    {
     "hind": "2,39 €"
    }
   ]
  },
  {
   "product": "Külmutatud EHE mini-pelmeenid, RANNAROOTSI EHE, 350 g",
   "url": "https://www.selver.ee/kulmutatud-ehe-mini-pelmeenid-rannarootsi-ehe-350-g",
   "hind": [
    {
     "hind": "2,09 €"
    }
   ]
  },
  {
   "product": "Olde Hansa jäätis, PREMIA, 480 g",
   "url": "https://www.selver.ee/olde-hansa-jaatis-premia-480-g",
   "hind": [
    {
     "hind": "3,99 €"
    }
   ]
  },
  {
   "product": "Pelmeenid rohke lihaga, MAAHÄRRA, 350 g",
   "url": "https://www.selver.ee/pelmeenid-rohke-lihaga-maaharra-350-g",
   "hind": [
    {
     "hind": "1,39 €"
    }
   ]
  },
  {
   "product": "Soolakaramellimaitseline jäätis koogitükkidega, BREYERS, 251 g",
   "url": "https://www.selver.ee/soolakaramellimaitseline-jaatis-koogitukkidega-breyers-251-g",
   "hind": [
    {
     "hind": "4,99 €"
    }
   ]
  },
  {
   "product": "Mini Multipakk Almond 6x55ml, MAGNUM, 276 g",
   "url": "https://www.selver.ee/magnum-mini-multipakk-almond-6x55ml-magnum-276-g",
   "hind": [
    {
     "hind": "4,99 €"
    }
   ]
  },
  {
   "product": "Pähklikreemi-vahvlijäätis, CLASSIC, 250 g",
   "url": "https://www.selver.ee/pahklikreemi-vahvlijaatis-classic-250-g",
   "hind": [
    {
     "hind": "3,19 €"
    }
   ]
  },
  {
   "product": "Šokolaadi-koorejäätis, ONU ESKIMO, 57 g",
   "url": "https://www.selver.ee/sokolaadi-koorejaatis-onu-eskimo-57-g",
   "hind": [
    {
     "hind": "0,69 €"
    }
   ]
  },
  {
   "product": "Vanilli-koorejäätis, VAU, 240 g",
   "url": "https://www.selver.ee/vanilli-koorejaatis-vau-240-g",
   "hind": [
    {
     "hind": "2,09 €"
    }
   ]
  },
  {
   "product": "Kiviahjupizza BBQ chicken, GRANDIOSA, 310 g",
   "url": "https://www.selver.ee/kiviahjupizza-bbq-chicken-grandiosa-310-g",
   "hind": [
    {
     "hind": "2,99 €"
    }
   ]
  },
  {
   "product": "HULGI Hernes, mais, porgand 2tk, HÄRMAVILI, 2 x 400 g",
   "url": "https://www.selver.ee/hulgi-hernes-mais-porgand-2tk-harmavili-2-x-400-g",
   "hind": [
    {
     "hind": "1,70 €"
    }
   ]
  },
  {
   "product": "Pitsapõhjad, VICI, 320 g",
   "url": "https://www.selver.ee/pitsapohjad-vici-320-g",
   "hind": [
    {
     "hind": "1,29 €"
    }
   ]
  },
  {
   "product": "Marjasegu, MARJAMAA TALU, 350 g",
   "url": "https://www.selver.ee/marjasegu-marjamaa-talu-350-g",
   "hind": [
    {
     "hind": "3,99 €"
    }
   ]
  },
  {
   "product": "Pelmeenid köögiviljadega Gyoza, VICI, 400 g",
   "url": "https://www.selver.ee/pelmeenid-koogiviljadega-gyoza-vici-400-g",
   "hind": [
    {
     "hind": "2,19 €"
    }
   ]
  },
  {
   "product": "Vanilli koorejäätis, PREMIA, 480 g",
   "url": "https://www.selver.ee/vanilli-koorejaatis-premia-480-g-1",
   "hind": [
    {
     "hind": "3,49 €"
    }
   ]
  },
  {
   "product": "Krevett koorimata 90/120, MARINE, 360g",
   "url": "https://www.selver.ee/krevett-koorimata-90-120-marine-450-g",
   "hind": [
    {
     "hind": "3,99 €"
    }
   ]
  },
  {
   "product": "Hortex presidendi supp, HORTEX, 450 g",
   "url": "https://www.selver.ee/hortex-presidendi-supp-hortex-450-g",
   "hind": [
    {
     "hind": "0,99 €"
    }
   ]
  },
  {
   "product": "Ristorante Salaami gluteenivaba pitsa, DR.OETKER, 315 g",
   "url": "https://www.selver.ee/ristorante-salaami-gluteenivaba-pitsa-dr-oetker-315-g",
   "hind": [
    {
     "hind": "3,99 €"
    }
   ]
  },
  {
   "product": "Paneeritud krabisõrad surimi, VICI, 250 g",
   "url": "https://www.selver.ee/paneeritud-krabisorad-surimi-vici-250-g",
   "hind": [
    {
     "hind": "1,99 €"
    }
   ]
  },
  {
   "product": "Kartulikotlet sibulaga, FARM FRITES, 450 g",
   "url": "https://www.selver.ee/kartulikotlet-sibulaga-farm-frites-450-g",
   "hind": [
    {
     "hind": "1,99 €"
    }
   ]
  },
  {
   "product": "HULGI Bataadi friikartulid, kuldselt krõbe 2tk, MAAHÄRRA, 2 X 500 g",
   "url": "https://www.selver.ee/hulgi-bataadi-friikartulid-kuldselt-krobe-2tk-maaharra-2-x-500-g",
   "hind": [
    {
     "hind": "4,70 €"
    }
   ]
  },
  {
   "product": "Hiidkrevetisabad kooritud keedetud, KAPTEN GRANT, 320 g neto",
   "url": "https://www.selver.ee/hiidkrevetisabad-kooritud-keedetud-kapten-grant-320-g-neto",
   "hind": [
    {
     "hind": "9,39 €"
    }
   ]
  },
  {
   "product": "California Mix, BONDUELLE, 400 g",
   "url": "https://www.selver.ee/california-mix-bonduelle-400-g",
   "hind": [
    {
     "hind": "1,69 €"
    }
   ]
  },
  {
   "product": "Friikartul zig zag, AVIKO, 750 g",
   "url": "https://www.selver.ee/friikartul-zig-zag-aviko-750-g-1",
   "hind": [
    {
     "hind": "2,29 €"
    }
   ]
  },
  {
   "product": "Külmutatud pelmeenid Vanaema kalkun, UVIC, 400 g",
   "url": "https://www.selver.ee/kulmutatud-pelmeenid-vanaema-kalkun-uvic-400-g",
   "hind": [
    {
     "hind": "2,29 €"
    }
   ]
  },
  {
   "product": "Maasikamaitseline jäätis stracciatella tükkidega, SUPER VIVA, 265 g",
   "url": "https://www.selver.ee/maasikamaitseline-jaatis-stracciatella-tukkidega-super-viva-265-g",
   "hind": [
    {
     "hind": "2,89 €"
    }
   ]
  },
  {
   "product": "Mango-meloni koorejäätis, PREMIA, 480 g",
   "url": "https://www.selver.ee/mango-meloni-koorejaatis-premia-480-g",
   "hind": [
    {
     "hind": "2,99 €"
    }
   ]
  },
  {
   "product": "Eriti Rammus Karamelli, ERITI RAMMUS, 480 g",
   "url": "https://www.selver.ee/eriti-rammus-karamelli-eriti-rammus-480-g",
   "hind": [
    {
     "hind": "3,39 €"
    }
   ]
  },
  {
   "product": "Vähendatud suhkruga laktoosivaba šokolaadi-koorejäätis, BALBIINO, 250 g",
   "url": "https://www.selver.ee/vahendatud-suhkruga-laktoosivaba-sokolaadi-koorejaatis-balbiino-250-g",
   "hind": [
    {
     "hind": "2,29 €"
    }
   ]
  },
  {
   "product": "HULGI Vanilli- ja mustikajäätis vahvlitopsis 6tk, SIPSIK, 6 x 70 g",
   "url": "https://www.selver.ee/hulgi-vanilli-ja-mustikajaatis-vahvlitopsis-6tk-sipsik-6-x-70-g",
   "hind": [
    {
     "hind": "3,30 €"
    }
   ]
  },
  {
   "product": "Köögiviljad praadimiseks kartuli, BONDUELLE, 400 g",
   "url": "https://www.selver.ee/koogiviljad-praadimiseks-kartuli-bonduelle-400-g",
   "hind": [
    {
     "hind": "1,39 €"
    }
   ]
  },
  {
   "product": "Karamelli-koorejäätis kukekommitükkidega, ONU ESKIMO, 390 g",
   "url": "https://www.selver.ee/karamelli-koorejaatis-kukekommitukkidega-onu-eskimo-390-g",
   "hind": [
    {
     "hind": "3,99 €"
    }
   ]
  },
  {
   "product": "HULGI Karamelli-koorejäätis küpsistega 6tk, RAKS, 6 X 56 g",
   "url": "https://www.selver.ee/hulgi-karamelli-koorejaatis-kupsistega-6tk-raks-6-x-56-g",
   "hind": [
    {
     "hind": "3,50 €"
    }
   ]
  },
  {
   "product": "Pealinna kodused kotletid, PREMIA, 350 g",
   "url": "https://www.selver.ee/pealinna-kodused-kotletid-premia-350-g",
   "hind": [
    {
     "hind": "1,79 €"
    }
   ]
  },
  {
   "product": "Külmutatud broilerimaks, TALLEGG, 500 g",
   "url": "https://www.selver.ee/broilerimaks-tallegg-500-g",
   "hind": [
    {
     "hind": "1,59 €"
    }
   ]
  },
  {
   "product": "Paneeritud kala (hakitud filee), VICI, 800 g",
   "url": "https://www.selver.ee/paneeritud-kala-hakitud-filee-vici-800-g",
   "hind": [
    {
     "hind": "4,69 €"
    }
   ]
  },
  {
   "product": "Chilli juustu nuggetid, SALUD, 250 g",
   "url": "https://www.selver.ee/chilli-juustu-nuggetid-salud-250-g",
   "hind": [
    {
     "hind": "3,49 €"
    }
   ]
  },
  {
   "product": "Astelpajumarjad, MARJAMAA TALU, 400 g",
   "url": "https://www.selver.ee/astelpajumarjad-marjamaa-talu-400-g",
   "hind": [
    {
     "hind": "4,99 €"
    }
   ]
  },
  {
   "product": "Miniporgand, HÄRMAVILI, 400 g",
   "url": "https://www.selver.ee/miniporgand-harmavili-400-g",
   "hind": [
    {
     "hind": "1,29 €"
    }
   ]
  },
  {
   "product": "Pähklijäätis vahvlitükkidega piimašokolaadiglasuuris, CLASSIC, 60 g",
   "url": "https://www.selver.ee/pahklijaatis-vahvlitukkidega-piimasokolaadiglasuuris-classic-60-g",
   "hind": [
    {
     "hind": "1,39 €"
    }
   ]
  },
  {
   "product": "Pelmeenid lõhe ja juustuga Gyoza, VICI, 400 g",
   "url": "https://www.selver.ee/pelmeenid-lohe-ja-juustuga-gyoza-400-g",
   "hind": [
    {
     "hind": "2,49 €"
    }
   ]
  },
  {
   "product": "Külm. friikartul sakiline, FARM FRITES, 450 g",
   "url": "https://www.selver.ee/kulm-friikartul-sakiline-farm-frites-450-g",
   "hind": [
    {
     "hind": "1,59 €"
    }
   ]
  },
  {
   "product": "Krõbedate šokolaadipallidega jäätis, CLASSIC, 250 g",
   "url": "https://www.selver.ee/krobedate-sokolaadipallidega-jaatis-classic-250-g",
   "hind": [
    {
     "hind": "3,19 €"
    }
   ]
  },
  {
   "product": "Calzone salaami, kana, mozzarella, seentega, VICI, 400 g",
   "url": "https://www.selver.ee/calzone-salaami-kana-mozzarella-seentega-vici-400-g",
   "hind": [
    {
     "hind": "2,99 €"
    }
   ]
  },
  {
   "product": "Ristorante Piccolissima 3 juustu pitsa, DR. OETKER, 216 g",
   "url": "https://www.selver.ee/ristorante-piccolissima-3-juustu-pitsa-dr-oetker-216-g",
   "hind": [
    {
     "hind": "3,59 €"
    }
   ]
  },
  {
   "product": "HULGI Kalapulgad Muumi 4tk, VICI, 4 x 250 g",
   "url": "https://www.selver.ee/kalapulgad-muumi-4tk",
   "hind": [
    {
     "hind": "3,60 €"
    }
   ]
  },
  {
   "product": "Crème Brülee pint jäätis, SUPER VIVA, 260 g",
   "url": "https://www.selver.ee/creme-brulee-pint-jaatis-super-viva-260-g",
   "hind": [
    {
     "hind": "2,99 €"
    }
   ]
  },
  {
   "product": "Koorejäätis vanilli, BALBIINO, 2,250 kg",
   "url": "https://www.selver.ee/koorejaatis-vanilli-balbiino-2-250-kg",
   "hind": [
    {
     "hind": "11,99 €"
    }
   ]
  },
  {
   "product": "Külmutatud kiirpada, MAAHÄRRA, 400 g",
   "url": "https://www.selver.ee/kulmutatud-kiirpada-maaharra-400-g",
   "hind": [
    {
     "hind": "1,39 €"
    }
   ]
  },
  {
   "product": "Pannkoogid, VICI, 500 g",
   "url": "https://www.selver.ee/pannkoogid-vici-500-g",
   "hind": [
    {
     "hind": "1,59 €"
    }
   ]
  },
  {
   "product": "Jõhvikad, MARJAMAA TALU, 400 g",
   "url": "https://www.selver.ee/johvikad-marjamaa-talu-400-g",
   "hind": [
    {
     "hind": "5,69 €"
    }
   ]
  },
  {
   "product": "Kiviahjupizza Hawaii, GRANDIOSA, 350 g",
   "url": "https://www.selver.ee/kiviahjupizza-hawaii-grandiosa-350-g",
   "hind": [
    {
     "hind": "2,99 €"
    }
   ]
  },
  {
   "product": "Mintai filee nahata 500 g, KAPTEN GRANT, 400 g neto",
   "url": "https://www.selver.ee/mintai-filee-nahata-kapten-grant-500-g",
   "hind": [
    {
     "hind": "2,99 €"
    }
   ]
  },
  {
   "product": "Pühapäevapada, MAAHÄRRA, 400 g",
   "url": "https://www.selver.ee/puhapaevapada-maaharra-400-g",
   "hind": [
    {
     "hind": "1,29 €"
    }
   ]
  },
  {
   "product": "Pelmeenid lihaga Uralskie Pelmeni, VICI, 1 kg",
   "url": "https://www.selver.ee/pelmeenid-lihaga-uralskie-pelmeni-vici-1-kg",
   "hind": [
    {
     "hind": "2,39 €"
    }
   ]
  },
  {
   "product": "Kultuurmustikas, MARJAMAA TALU, 400 g",
   "url": "https://www.selver.ee/kultuurmustikas-marjamaa-talu-400-g",
   "hind": [
    {
     "hind": "5,99 €"
    }
   ]
  },
  {
   "product": "Pärmitaigen, HÄRMAVILI, 700 g",
   "url": "https://www.selver.ee/parmitaigen-harmavili-700-g",
   "hind": [
    {
     "hind": "1,69 €"
    }
   ]
  },
  {
   "product": "Piimavaba karamellijäätis küpsisekeerdude, küpsisetaigna ja šokolaaditükkidega, BEN&JERRY´S, 406 g",
   "url": "https://www.selver.ee/piimavaba-karamellijaatis-kupsisekeerdude-kupsisetaigna-ja-sokolaaditukkidega-ben-jerry-s-406-g",
   "hind": [
    {
     "hind": "6,99 €"
    }
   ]
  },
  {
   "product": "Magus muretaigen, EESTI PAGAR, 500 g",
   "url": "https://www.selver.ee/magus-muretaigen-eesti-pagar-500-g",
   "hind": [
    {
     "hind": "1,79 €"
    }
   ]
  },
  {
   "product": "HULGI Vaarikad, mustikad 4tk, HÄRMAVILI, 4 X 300 g",
   "url": "https://www.selver.ee/hulgi-vaarikad-mustikad-4tk-harmavili-4-x-300-g",
   "hind": [
    {
     "hind": "8,40 €"
    }
   ]
  },
  {
   "product": "Hakkliha Kodune, RAKVERE LK, 450 g",
   "url": "https://www.selver.ee/hakkliha-kodune-rakvere-lk-450-g",
   "hind": [
    {
     "hind": "2,99 €"
    }
   ]
  },
  {
   "product": "Mustsõstrakreemiga jäätis suhkruvahvlis, RAKS, 77 g",
   "url": "https://www.selver.ee/mustsostrakreemiga-jaatis-suhkruvahvlis-raks-77-g",
   "hind": [
    {
     "hind": "0,99 €"
    }
   ]
  },
  {
   "product": "ME-3 Aprikoosi-mee-jogurtijäätis, BALBIINO, 55 g",
   "url": "https://www.selver.ee/me-3-aprikoosi-mee-jogurtijaatis-balbiino-55-g",
   "hind": [
    {
     "hind": "1,09 €"
    }
   ]
  },
  {
   "product": "Calzone salaami, mozzarella, seentega, 400g, VICI",
   "url": "https://www.selver.ee/pitsasuupiste-salaami-mozzarella-seentega-400g-vici",
   "hind": [
    {
     "hind": "2,99 €"
    }
   ]
  },
  {
   "product": "Tursafilee portsjonid nahata 550 g, VICI, 500 g neto",
   "url": "https://www.selver.ee/tursafilee-portsjonid-nahata-500-g-vici-450-g-neto",
   "hind": [
    {
     "hind": "7,79 €"
    }
   ]
  },
  {
   "product": "Kartulilõigud koorega, FARM FRITES, 750 g",
   "url": "https://www.selver.ee/kartuliloigud-koorega-farm-frites-750-g",
   "hind": [
    {
     "hind": "1,99 €"
    }
   ]
  },
  {
   "product": "Laktoosivaba koorejäätis, BALBIINO, 480 g",
   "url": "https://www.selver.ee/laktoosivaba-koorejaatis-balbiino-480-g",
   "hind": [
    {
     "hind": "3,99 €"
    }
   ]
  },
  {
   "product": "Banoffee Banaani-karamellijäätis koogitükkidega, CLASSIC, 270 g",
   "url": "https://www.selver.ee/banoffee-banaani-karamellijaatis-koogitukkidega-classic-270-g",
   "hind": [
    {
     "hind": "3,19 €"
    }
   ]
  },
  {
   "product": "Itaalia Mix, BONDUELLE, 400 g",
   "url": "https://www.selver.ee/itaalia-mix-bonduelle-400-g",
   "hind": [
    {
     "hind": "1,69 €"
    }
   ]
  },
  {
   "product": "Pelmeenid seentega Gyoza, Vici, 400 g",
   "url": "https://www.selver.ee/pelmeenid-seentega-gyoza-400-g",
   "hind": [
    {
     "hind": "2,49 €"
    }
   ]
  },
  {
   "product": "Vareenikud Ivan kartuli-seene, UVIC, 500 g",
   "url": "https://www.selver.ee/vareenikud-ivan-kartuli-seene-uvic-500-g",
   "hind": [
    {
     "hind": "2,59 €"
    }
   ]
  },
  {
   "product": "Paneeritud kalafileepalad seemnetega, ESVA, 400 g",
   "url": "https://www.selver.ee/paneeritud-kalafileepalad-seemnetega-esva-400-g",
   "hind": [
    {
     "hind": "4,29 €"
    }
   ]
  },
  {
   "product": "Sügavkülmutatud veiselihapüree kuubikud 200g, BABYCOOL,",
   "url": "https://www.selver.ee/sugavkulmutatud-veiselihapuree-kuubikud-babycool",
   "hind": [
    {
     "hind": "7,99 €"
    }
   ]
  },
  {
   "product": "Külmutatud brokoli, BONDUELLE, 400 g",
   "url": "https://www.selver.ee/kulmutatud-brokoli-bonduelle-400-g",
   "hind": [
    {
     "hind": "1,49 €"
    }
   ]
  },
  {
   "product": "Porgandikuubikud, IGLOTEX, 450 g",
   "url": "https://www.selver.ee/porgandikuubikud-iglotex-450-g",
   "hind": [
    {
     "hind": "0,89 €"
    }
   ]
  },
  {
   "product": "Kartuli pannkoogid sibulaga, FARM FRITES, 540 g",
   "url": "https://www.selver.ee/kartuli-pannkoogid-sibulaga-farm-frites-540-g",
   "hind": [
    {
     "hind": "1,99 €"
    }
   ]
  },
  {
   "product": "Kondenspiima jäätis, LA MUU, 400 g",
   "url": "https://www.selver.ee/kondenspiima-jaatis-la-muu-400-g",
   "hind": [
    {
     "hind": "6,59 €"
    }
   ]
  },
  {
   "product": "-40% koorejäätis murelimoosiga, PREMIA, 480 g",
   "url": "https://www.selver.ee/40-koorejaatis-murelimoosiga-premia-480-g",
   "hind": [
    {
     "hind": "3,79 €"
    }
   ]
  },
  {
   "product": "Hakklihapitsa, HÄRMAVILI, 310 g",
   "url": "https://www.selver.ee/hakklihapitsa-harmavili-310-g",
   "hind": [
    {
     "hind": "3,19 €"
    }
   ]
  },
  {
   "product": "Eesti Uluk Põdralihapelmeenid, RANNAROOTSI, 350 g",
   "url": "https://www.selver.ee/eesti-uluk-podralihapelmeenid-rannarootsi-350-g",
   "hind": [
    {
     "hind": "2,29 €"
    }
   ]
  },
  {
   "product": "Koorejäätis šokolaaditükkidega, BALBIINO, 2,250 kg",
   "url": "https://www.selver.ee/koorejaatis-shokol-tukkidega-balbiino-2-250-kg",
   "hind": [
    {
     "hind": "11,99 €"
    }
   ]
  },
  {
   "product": "Toorjuustu jalapenod dipikastmega, FROSTKRONE, 250 g",
   "url": "https://www.selver.ee/toorjuustu-jalapenod-dipikastmega-frostkrone-250-g",
   "hind": [
    {
     "hind": "3,99 €"
    }
   ]
  },
  {
   "product": "Kalaburgerid, ESVA, 250 g",
   "url": "https://www.selver.ee/kalaburgerid-250g-esva",
   "hind": [
    {
     "hind": "1,39 €"
    }
   ]
  },
  {
   "product": "Koorejäätis, VANILLA NINJA, 480 g",
   "url": "https://www.selver.ee/koorejaatis-vanilla-ninja-480-g",
   "hind": [
    {
     "hind": "3,79 €"
    }
   ]
  },
  {
   "product": "Tiigerkrevetid 16/20 300g, VICI, 240 g neto",
   "url": "https://www.selver.ee/tiigekrevetid-16-20-300g-vici-240-g-neto",
   "hind": [
    {
     "hind": "8,49 €"
    }
   ]
  },
  {
   "product": "Vaikse ookeani mintai, külmutatud, glasuuritud 700 g, VICI, 560 g neto",
   "url": "https://www.selver.ee/vaikse-ookeani-mintai-kulmutatud-glasuuritud-vici-700-g",
   "hind": [
    {
     "hind": "3,19 €"
    }
   ]
  },
  {
   "product": "Vanilli-koorejäätis, MAHE, LA MUU, 500 g",
   "url": "https://www.selver.ee/vanilli-koorejaatis-oko-la-muu-500-g",
   "hind": [
    {
     "hind": "5,69 €"
    }
   ]
  },
  {
   "product": "Riisipirukas 6x67g, MOILAS, 402 g",
   "url": "https://www.selver.ee/riisipirukas-6x67g-moilas-402-g",
   "hind": [
    {
     "hind": "3,99 €"
    }
   ]
  },
  {
   "product": "Karamelli-vanilli koorejäätis pohlamoosiga, PREMIA, 480 g",
   "url": "https://www.selver.ee/karamelli-vanilli-koorejaatis-pohlamoosiga-premia-480-g",
   "hind": [
    {
     "hind": "2,99 €"
    }
   ]
  },
  {
   "product": "Pelmeenid, SIBIRSKIE, 400 g",
   "url": "https://www.selver.ee/pelmeenid-sibirskie-400-g",
   "hind": [
    {
     "hind": "2,39 €"
    }
   ]
  },
  {
   "product": "Paneeritud kalafileepalad Hot & Spicy, ESVA, 400 g",
   "url": "https://www.selver.ee/paneeritud-kalafileepalad-hot-spicy-esva-400-g",
   "hind": [
    {
     "hind": "4,29 €"
    }
   ]
  },
  {
   "product": "Maahärra seenesegu, MAAHÄRRA, 400 g",
   "url": "https://www.selver.ee/maaharra-seenesegu-maaharra-400-g",
   "hind": [
    {
     "hind": "1,99 €"
    }
   ]
  },
  {
   "product": "Pistaatsiajäätis mandlikrokandiga, CLASSIC, 380 g",
   "url": "https://www.selver.ee/pistaatsiajaatis-mandlikrokandiga-classic-380-g",
   "hind": [
    {
     "hind": "4,99 €"
    }
   ]
  },
  {
   "product": "Hortex seenesupp, HORTEX, 450 g",
   "url": "https://www.selver.ee/hortex-seenesupp-hortex-450-g",
   "hind": [
    {
     "hind": "2,09 €"
    }
   ]
  },
  {
   "product": "Külmutatud klassikalised pelmeenid, RANNAROOTSI, 350 g",
   "url": "https://www.selver.ee/kulmutatud-klassikalised-pelmeenid-rannarootsi-350-g",
   "hind": [
    {
     "hind": "1,59 €"
    }
   ]
  },
  {
   "product": "Sume Green, SUME, 250 g",
   "url": "https://www.selver.ee/sume-green-sume-250-g",
   "hind": [
    {
     "hind": "2,59 €"
    }
   ]
  },
  {
   "product": "Koorejäätis šokolaadikreemiga, VANILLA NINJA, 480 g",
   "url": "https://www.selver.ee/koorejaatis-sokolaadikreemiga-vanilla-ninja-480-g",
   "hind": [
    {
     "hind": "3,79 €"
    }
   ]
  },
  {
   "product": "Külmutatud raguu, RAKVERE LK, 1,3 kg",
   "url": "https://www.selver.ee/kulmutatud-raguu-rakvere-lk-1-3-kg",
   "hind": [
    {
     "hind": "1,99 €"
    }
   ]
  },
  {
   "product": "Felco Praesegu seentega 400g, FELCO",
   "url": "https://www.selver.ee/felco-praesegu-seentega-400g-felco",
   "hind": [
    {
     "hind": "0,75 €"
    },
    {
     "hind": "0,99 €"
    }
   ]
  },
  {
   "product": "Focaccia 4 juustu täidisega, MANTINGA, 260 g",
   "url": "https://www.selver.ee/focaccia-4-juustu-taidisega-mantinga-260-g",
   "hind": [
    {
     "hind": "1,99 €"
    }
   ]
  },
  {
   "product": "Jäätis After Eight, NESTLÉ, 370 g",
   "url": "https://www.selver.ee/jaatis-after-eight-nestle-370-g",
   "hind": [
    {
     "hind": "3,49 €"
    }
   ]
  },
  {
   "product": "Metsmaasikajäätis maasikatükkidega, CLASSIC, 380 g",
   "url": "https://www.selver.ee/metsmaasikajaatis-maasikatukkidega-classic-380-g",
   "hind": [
    {
     "hind": "4,99 €"
    }
   ]
  },
  {
   "product": "Külmutatud Tortelliinid lihaga, VICI, 1 kg",
   "url": "https://www.selver.ee/kulmutatud-tortelliinid-lihaga-vici-1-kg",
   "hind": [
    {
     "hind": "2,39 €"
    }
   ]
  },
  {
   "product": "Šokolaadi-koorejäätis šokolaaditükkidega vahvlikoonuses, ONU ESKIMO, 80 g",
   "url": "https://www.selver.ee/sokolaadi-koorejaatis-sokolaaditukkidega-vahvlikoonuses-onu-eskimo-80-g",
   "hind": [
    {
     "hind": "1,09 €"
    }
   ]
  },
  {
   "product": "Browniejäätis, LA MUU, 400 g",
   "url": "https://www.selver.ee/browniejaatis-la-muu-400-g",
   "hind": [
    {
     "hind": "6,59 €"
    }
   ]
  },
  {
   "product": "HULGI Paneeritud krevetid 4tk, VICI, 4 x 170 g",
   "url": "https://www.selver.ee/paneeritud-krevetid-4tk",
   "hind": [
    {
     "hind": "5,00 €"
    }
   ]
  },
  {
   "product": "Sügavkülmutatud suvikõrvitsapüree kuubikud, BABYCOOL, 200 g",
   "url": "https://www.selver.ee/sugavkulmutatud-suvikorvitsapuree-kuubikud-babycool-200-g",
   "hind": [
    {
     "hind": "3,99 €"
    }
   ]
  },
  {
   "product": "Šokolaadi-koorejäätis, VANILLA NINJA, 480 g",
   "url": "https://www.selver.ee/sokolaadi-koorejaatis-vanilla-ninja-480-g",
   "hind": [
    {
     "hind": "3,79 €"
    }
   ]
  },
  {
   "product": "Kooritud krevetid 250/350, MARINE, 400 g",
   "url": "https://www.selver.ee/kooritud-krevetid-250-350-marine-500-g",
   "hind": [
    {
     "hind": "12,99 €"
    }
   ]
  },
  {
   "product": "Halvaa-koorejäätis, ONU ESKIMO, 480 g",
   "url": "https://www.selver.ee/halvaa-koorejaatis-onu-eskimo-480-g",
   "hind": [
    {
     "hind": "3,99 €"
    }
   ]
  },
  {
   "product": "Pangaasiusefilee nahata 620g, COLUMBUS, 560 g neto",
   "url": "https://www.selver.ee/pangaasiusefilee-nahata-620g-columbus-560g-neto",
   "hind": [
    {
     "hind": "3,29 €"
    }
   ]
  },
  {
   "product": "Juustupallid, MARTA KULINAARIA, 300 g",
   "url": "https://www.selver.ee/juustupallid-marta-kulinaaria-300-g",
   "hind": [
    {
     "hind": "4,99 €"
    }
   ]
  },
  {
   "product": "Julienne metsaseened, HORTEX, 400 g",
   "url": "https://www.selver.ee/julienne-metsaseened-400g-hortex",
   "hind": [
    {
     "hind": "2,49 €"
    }
   ]
  },
  {
   "product": "Külmutatud liivataignaküpsis mustsõstramoosiga, RÕNGU PAGAR, 300 g",
   "url": "https://www.selver.ee/kulmutatud-liivataignakupsis-mustsostramoosiga-rongu-pagar-300-g",
   "hind": [
    {
     "hind": "2,29 €"
    }
   ]
  },
  {
   "product": "Pitsa Vulcano hakkliha ja jalopenoga Go4, VICI, 335 g",
   "url": "https://www.selver.ee/pitsa-vulcano-hakkliha-ja-jalopenoga-go4-vici-335-g",
   "hind": [
    {
     "hind": "1,99 €"
    }
   ]
  },
  {
   "product": "Koorejäätis šokolaaditükkidega vahvlikoonuses, ONU ESKIMO, 80 g",
   "url": "https://www.selver.ee/koorejaatis-sokolaaditukkidega-vahvlikoonuses-onu-eskimo-80-g",
   "hind": [
    {
     "hind": "1,09 €"
    }
   ]
  },
  {
   "product": "Külmutatud kartuliroog Hollandi, AVIKO, 450 g",
   "url": "https://www.selver.ee/kulmutatud-kartuliroog-hollandi-aviko-450-g",
   "hind": [
    {
     "hind": "2,59 €"
    }
   ]
  },
  {
   "product": "Külmutatud frikadellid, RANNAROOTSI, 350 g",
   "url": "https://www.selver.ee/kulmutatud-frikadellid-rannarootsi-350-g",
   "hind": [
    {
     "hind": "1,89 €"
    }
   ]
  },
  {
   "product": "HULGI Külmutatud EHE pelmeenid 4tk, RANNAROOTSI, 4 x 350 g",
   "url": "https://www.selver.ee/kulmutatud-ehe-pelmeenid-4tk",
   "hind": [
    {
     "hind": "5,80 €"
    }
   ]
  },
  {
   "product": "Panang karri kana ja jasmiiniriisiga, KITCHEN JOY, 350 g",
   "url": "https://www.selver.ee/panang-karri-kana-ja-jasmiiniriisiga-kitchen-joy-350-g",
   "hind": [
    {
     "hind": "3,99 €"
    }
   ]
  },
  {
   "product": "Focaccia singi ja juustu täidisega, MANTINGA, 270 g",
   "url": "https://www.selver.ee/focaccia-singi-ja-juustu-taidisega-mantinga-270-g",
   "hind": [
    {
     "hind": "1,99 €"
    }
   ]
  },
  {
   "product": "Lõhefilee portsionid, AVEKTRA, 250 g",
   "url": "https://www.selver.ee/lohefilee-portsionid-avektra-250-g",
   "hind": [
    {
     "hind": "6,99 €"
    }
   ]
  },
  {
   "product": "Rannakarbiliha 300-500, R SEAFOOD, 180 g",
   "url": "https://www.selver.ee/karbid-300-500-r-seafood-200-g",
   "hind": [
    {
     "hind": "2,29 €"
    }
   ]
  },
  {
   "product": "HULGI Praekartul sibulaga 4tk, HÄRMAVILI, 4 x 400 g",
   "url": "https://www.selver.ee/praekartul-sibulaga-4tk",
   "hind": [
    {
     "hind": "3,80 €"
    }
   ]
  },
  {
   "product": "Karamelli-koorejäätis kukekommitükkidega vahvlikoonuses, ONU ESKIMO, 80 g",
   "url": "https://www.selver.ee/karamelli-koorejaatis-kukekommitukkidega-vahvlikoonuses-onu-eskimo-80-g",
   "hind": [
    {
     "hind": "1,09 €"
    }
   ]
  },
  {
   "product": "Sume Sunrise, SUME, 250 g",
   "url": "https://www.selver.ee/sume-sunrise-sume-250-g",
   "hind": [
    {
     "hind": "2,59 €"
    }
   ]
  },
  {
   "product": "Külmutatud räim, SAARE FISHEXPORT, 1 kg",
   "url": "https://www.selver.ee/kulmutatud-raim-saare-fishexport-1-kg",
   "hind": [
    {
     "hind": "1,79 €"
    }
   ]
  },
  {
   "product": "Magushapu kana jasmiiniriisiga, KITCHEN JOY, 350 g",
   "url": "https://www.selver.ee/magushapu-kana-jasmiiniriisiga-kitchen-joy-350-g",
   "hind": [
    {
     "hind": "3,99 €"
    }
   ]
  },
  {
   "product": "HULGI Külmutatud EHE mini-frikadellid 4tk, RANNAROOTSI EHE, 4 x 350 g",
   "url": "https://www.selver.ee/kulmutatud-ehe-mini-frikadellid-4tk",
   "hind": [
    {
     "hind": "6,00 €"
    }
   ]
  },
  {
   "product": "Maasikatoormoos mustikatega, MARJAMAA TALU, 300 g",
   "url": "https://www.selver.ee/maasikatoormoos-mustikatega-marjamaa-talu-300-g",
   "hind": [
    {
     "hind": "2,39 €"
    }
   ]
  },
  {
   "product": "Purustatud linnuluud, TALLEGG, 1500 g",
   "url": "https://www.selver.ee/purustatud-linnuluud-tallegg-1500-g",
   "hind": [
    {
     "hind": "1,19 €"
    }
   ]
  },
  {
   "product": "HULGI Lehttaigen 2tk, SELVER, 2 X 500 g",
   "url": "https://www.selver.ee/hulgi-lehttaigen-2tk-selver-2-x-500-g",
   "hind": [
    {
     "hind": "2,80 €"
    }
   ]
  },
  {
   "product": "Vaarika-proseccosorbett, LA MUU, 400 g",
   "url": "https://www.selver.ee/vaarika-proseccosorbett-la-muu-400-g",
   "hind": [
    {
     "hind": "6,59 €"
    }
   ]
  },
  {
   "product": "Maasika toormoos, MARJAMAA TALU, 300 g",
   "url": "https://www.selver.ee/maasika-toormoos-marjamaa-talu-300-g",
   "hind": [
    {
     "hind": "3,29 €"
    }
   ]
  },
  {
   "product": "HULGI Mooni-martsipanirull 4tk, EESTI PAGAR, 4 x 320 g",
   "url": "https://www.selver.ee/hulgi-mooni-martsipanirull-4tk-eesti-pagar-4-x-320-g",
   "hind": [
    {
     "hind": "6,00 €"
    }
   ]
  },
  {
   "product": "Piparmündijäätis piparmündi-šokolaadikreemi ja šokolaaditükkidega, CLASSIC, 380 g",
   "url": "https://www.selver.ee/piparmundijaatis-piparmundi-sokolaadikreemi-ja-sokolaaditukkidega-classic-380-g",
   "hind": [
    {
     "hind": "4,99 €"
    }
   ]
  },
  {
   "product": "Croissant šokolaadiga 8tk, MANTINGA, 360 g",
   "url": "https://www.selver.ee/croissant-sokolaadiga-8tk-mantinga-360-g",
   "hind": [
    {
     "hind": "2,99 €"
    }
   ]
  },
  {
   "product": "Gouda rõngad, FROSTKRONE, 250 g",
   "url": "https://www.selver.ee/gouda-rongad-frostkrone-250-g",
   "hind": [
    {
     "hind": "3,39 €"
    }
   ]
  },
  {
   "product": "Falafel, MARTA KULINAARIA, 350 g",
   "url": "https://www.selver.ee/falafel-marta-kulinaaria-410-g",
   "hind": [
    {
     "hind": "3,99 €"
    }
   ]
  },
  {
   "product": "Pistaatsiajäätis, LA MUU, 400 g",
   "url": "https://www.selver.ee/pistaatsiajaatis-la-muu-400-g",
   "hind": [
    {
     "hind": "8,99 €"
    }
   ]
  },
  {
   "product": "Sügavkülmutatud pastinaagipüree kuubikud, BABYCOOL, 200 g",
   "url": "https://www.selver.ee/sugavkulmutatud-pastinaagipuree-kuubikud-babycool-200-g",
   "hind": [
    {
     "hind": "4,99 €"
    }
   ]
  },
  {
   "product": "Kooritud krevetid 250/350, VIKING, 200 g",
   "url": "https://www.selver.ee/kooritud-krevetid-250-350-viking-200-g",
   "hind": [
    {
     "hind": "5,59 €"
    }
   ]
  },
  {
   "product": "Tursafilee, paneeritud, ROYAL GREENLAND, 360 g",
   "url": "https://www.selver.ee/tursafilee-loin-paneeritud-12tk-royal-greenland-360-g",
   "hind": [
    {
     "hind": "5,79 €"
    }
   ]
  },
  {
   "product": "Apelsini-mandli koorejäätis, PREMIA, 480 g",
   "url": "https://www.selver.ee/apelsini-mandli-koorejaatis-premia-480-g",
   "hind": [
    {
     "hind": "3,79 €"
    }
   ]
  },
  {
   "product": "Marine segu Frutti di Mare, MARINE, 150 g",
   "url": "https://www.selver.ee/marine-segu-frutti-di-mare-marine-200-g",
   "hind": [
    {
     "hind": "3,19 €"
    }
   ]
  },
  {
   "product": "Kalmaarirõngad taignas, ISLAMAR, 500g",
   "url": "https://www.selver.ee/kalmaarirongad-taignas-islamar-500g",
   "hind": [
    {
     "hind": "4,89 €"
    }
   ]
  },
  {
   "product": "Piparmündi-Stracciatella, MAHE, LA MUU, 400 g",
   "url": "https://www.selver.ee/piparmundi-stracciatella-oko-la-muu-400-g",
   "hind": [
    {
     "hind": "6,59 €"
    }
   ]
  },
  {
   "product": "Paneeritud kalafileepalad täisterapaneeringuga, ESVA, 400 g",
   "url": "https://www.selver.ee/paneeritud-kalafileepalad-taisterapaneeringuga-esva-400-g",
   "hind": [
    {
     "hind": "4,29 €"
    }
   ]
  },
  {
   "product": "Daim mandlikook shokolaadiga, ALMONDY, 400 g",
   "url": "https://www.selver.ee/daim-mandlikook-shokolaadiga-almondy-400-g",
   "hind": [
    {
     "hind": "6,99 €"
    }
   ]
  },
  {
   "product": "HULGI Paneeritud juust Pealinna 2tk, PREMIA, 2 X 200 g",
   "url": "https://www.selver.ee/hulgi-paneeritud-juust-pealinna-2tk-premia-2-x-200-g",
   "hind": [
    {
     "hind": "3,30 €"
    }
   ]
  },
  {
   "product": "Kukeseen külmutatud, EESTI AND, 300 g",
   "url": "https://www.selver.ee/kukeseen-kulmutatud-eesti-and-300-g",
   "hind": [
    {
     "hind": "4,19 €"
    }
   ]
  },
  {
   "product": "Sügavkülmutatud pirnipüree kuubikud, BABYCOOL, 200 g",
   "url": "https://www.selver.ee/sugavkulmutatud-pirnipuree-kuubikud-babycool-200-g",
   "hind": [
    {
     "hind": "3,99 €"
    }
   ]
  },
  {
   "product": "Kikerherne-kapsakotletid, MARTA KULINAARIA, 400 g",
   "url": "https://www.selver.ee/kikerherne-kapsakotletid-marta-kulinaaria-400-g",
   "hind": [
    {
     "hind": "3,49 €"
    }
   ]
  },
  {
   "product": "Sügavkülmutatud porgandipüree kuubikud, BABYCOOL, 200 g",
   "url": "https://www.selver.ee/sugavkulmutatud-porgandipuree-kuubikud-babycool-200-g",
   "hind": [
    {
     "hind": "3,29 €"
    }
   ]
  },
  {
   "product": "Mustika-vaarikalisandiga koorejäätis, ONU ESKIMO, 480 g",
   "url": "https://www.selver.ee/mustika-vaarikalisandiga-koorejaatis-onu-eskimo-480-g",
   "hind": [
    {
     "hind": "3,99 €"
    }
   ]
  },
  {
   "product": "Punase apelsini sorbett, Mahe, LA MUU, 400 g",
   "url": "https://www.selver.ee/punase-apelsini-sorbett-oko-la-muu-400-g",
   "hind": [
    {
     "hind": "6,59 €"
    }
   ]
  },
  {
   "product": "Tursk taignas, ROYAL GREENAND, 225 g",
   "url": "https://www.selver.ee/tursk-taignas-royal-greenand-225-g",
   "hind": [
    {
     "hind": "4,19 €"
    }
   ]
  },
  {
   "product": "HULGI Mandli-koorejäätis šokolaadikreemi ja india pähklitega 2tk, MAIUSPALA, 2 x 270 g",
   "url": "https://www.selver.ee/mandli-koorejaatis-sokolaadikreemi-ja-india-pahklitega-2tk",
   "hind": [
    {
     "hind": "4,30 €"
    }
   ]
  },
  {
   "product": "Puravik külmutatud, EESTI AND, 300 g",
   "url": "https://www.selver.ee/puravik-kulmutatud-eesti-and-300-g",
   "hind": [
    {
     "hind": "3,99 €"
    }
   ]
  },
  {
   "product": "Filotaigen, KANAKI, 250 g",
   "url": "https://www.selver.ee/filotaigen-kanaki-250-g",
   "hind": [
    {
     "hind": "2,99 €"
    }
   ]
  },
  {
   "product": "Mereandide kokteil külmutatud, 900g, VICI",
   "url": "https://www.selver.ee/mereandide-kokteil-kulmutatud-1kg-vici",
   "hind": [
    {
     "hind": "9,99 €"
    }
   ]
  },
  {
   "product": "Kevadrullid kanafileega, DALOON, 600 g",
   "url": "https://www.selver.ee/kevadrullid-kanafileega-daloon-600-g",
   "hind": [
    {
     "hind": "4,99 €"
    }
   ]
  },
  {
   "product": "Gratään kartuli, koore ja emmentaliga, NORDIC SEAFOOD, 360 g",
   "url": "https://www.selver.ee/grataan-kartuli-koore-ja-emmentaliga-nordic-seafood-360-g",
   "hind": [
    {
     "hind": "3,19 €"
    }
   ]
  },
  {
   "product": "Oa-peedikotlet, MARTA KULINAARIA, 400 g",
   "url": "https://www.selver.ee/oa-peedikotlet-marta-kulinaaria-400-g",
   "hind": [
    {
     "hind": "4,29 €"
    }
   ]
  },
  {
   "product": "Vaikse ookeani merluusifilee nahata, VICI, 800 g",
   "url": "https://www.selver.ee/heigifilee-nahata-vici-1-kg",
   "hind": [
    {
     "hind": "5,69 €"
    }
   ]
  },
  {
   "product": "Sinikarbid koorega, NORDIC SEAFOOD, 1 kg",
   "url": "https://www.selver.ee/sinikarbid-koorega-nordic-seafood-1-kg",
   "hind": [
    {
     "hind": "6,99 €"
    }
   ]
  },
  {
   "product": "Pannkoogid maasikatäidisega, VICI, 280 g",
   "url": "https://www.selver.ee/pannkoogid-maasikataidisega-vici-280-g",
   "hind": [
    {
     "hind": "1,49 €"
    }
   ]
  },
  {
   "product": "Pannkoogid mini, VICI, 480 g",
   "url": "https://www.selver.ee/pannkoogid-mini-vici-480-g",
   "hind": [
    {
     "hind": "2,49 €"
    }
   ]
  },
  {
   "product": "Vanilje jäätis pähklikreemiga, NICKS, 275 g",
   "url": "https://www.selver.ee/vanilje-jaatis-pahklikreemiga-nicks-275-g",
   "hind": [
    {
     "hind": "5,49 €"
    }
   ]
  },
  {
   "product": "Vanilje jäätis krõbeda karamelli, NICKS, 275 g",
   "url": "https://www.selver.ee/vanilje-jaatis-krobeda-karamelli-nicks-275-g",
   "hind": [
    {
     "hind": "5,49 €"
    }
   ]
  },
  {
   "product": "Sügavkülmutatud õuna-mustikapüree kuubikud, BABYCOOL, 200 g",
   "url": "https://www.selver.ee/sugavkulmutatud-ouna-mustikapuree-kuubikud-babycool-200-g",
   "hind": [
    {
     "hind": "3,99 €"
    }
   ]
  },
  {
   "product": "Külmutatud kartuliroog Brüssel, AVIKO, 450 g",
   "url": "https://www.selver.ee/kulmutatud-kartuliroog-brussel-aviko-450-g",
   "hind": [
    {
     "hind": "3,99 €"
    }
   ]
  },
  {
   "product": "Vaarika-mustsõstra toormoos, MARJAMAA TALU, 300 g",
   "url": "https://www.selver.ee/vaarika-mustsostra-toormoos-marjamaa-talu-300-g",
   "hind": [
    {
     "hind": "2,49 €"
    }
   ]
  },
  {
   "product": "Koorimata toored hiidkrevetisabad Vannamei 21/25 300 g, MARINE, 240 g neto",
   "url": "https://www.selver.ee/koorimata-toored-hiidkrevetisabad-vannamei-21-25-marine-240-g",
   "hind": [
    {
     "hind": "7,99 €"
    }
   ]
  },
  {
   "product": "HULGI Hot dogi pizza salaamiga 2tk, RANNAROOTSI, 2 X 551 g",
   "url": "https://www.selver.ee/hulgi-hot-dogi-pizza-salaamiga-2tk-rannarootsi-2-x-551-g",
   "hind": [
    {
     "hind": "6,60 €"
    }
   ]
  },
  {
   "product": "Tuunikala steik nahata luudeta, SEAFOOD, 320 g",
   "url": "https://www.selver.ee/tuunikala-steik-nahata-luudeta-seafood-400-g",
   "hind": [
    {
     "hind": "7,79 €"
    }
   ]
  },
  {
   "product": "HULGI Pannkoogid 2tk, VICI, 2 x 500 g",
   "url": "https://www.selver.ee/hulgi-pannkoogid-2tk-vici-2-x-500-g",
   "hind": [
    {
     "hind": "2,90 €"
    }
   ]
  },
  {
   "product": "Lest, paneeritud, 2tk, ROYAL GREENLAND, 230 g",
   "url": "https://www.selver.ee/lest-paneeritud-10tk-royal-greenland-230-g",
   "hind": [
    {
     "hind": "5,19 €"
    }
   ]
  },
  {
   "product": "HULGI Suitsukanapirukas murulauguga 4tk, EESTI PAGAR, 4 X 360 g",
   "url": "https://www.selver.ee/hulgi-suitsukanapirukas-murulauguga-4tk-eesti-pagar-4-x-360-g",
   "hind": [
    {
     "hind": "7,50 €"
    }
   ]
  },
  {
   "product": "Stracciatella jäätis, LUMI KÄSITÖÖJÄÄTIS, 250 g",
   "url": "https://www.selver.ee/stracciatella-jaatis-lumi-kasitoojaatis-250-g",
   "hind": [
    {
     "hind": "4,99 €"
    }
   ]
  },
  {
   "product": "Croissant vaarika täidisega 8tk, MANTINGA, 360 g",
   "url": "https://www.selver.ee/croissant-vaarika-taidisega-8tk-mantinga-360-g",
   "hind": [
    {
     "hind": "2,99 €"
    }
   ]
  },
  {
   "product": "Kooritud hiidkreveti sabad Vannamei 31/40 300 g, MARINE, 240 g neto",
   "url": "https://www.selver.ee/kooritud-hiidkreveti-sabad-vannamei-31-40-marine-240-g",
   "hind": [
    {
     "hind": "8,99 €"
    }
   ]
  },
  {
   "product": "Vanillimaitseline pulgajäätis karamelliseeritud makadaamiapähklitega, HÄAGEN-DAZS, 70 g",
   "url": "https://www.selver.ee/vanillimaitseline-pulgajaatis-karamelliseeritud-makadaamiapahklitega-haagen-dazs-70-g",
   "hind": [
    {
     "hind": "1,59 €"
    }
   ]
  },
  {
   "product": "Mahlapurikas 9 x 40 ml, LOTTE, 360 g",
   "url": "https://www.selver.ee/mahlapurikas-9-x-40-ml-lotte-360-g",
   "hind": [
    {
     "hind": "3,49 €"
    }
   ]
  },
  {
   "product": "Pitsapõhi 2x130g, MOILAS, 260 g",
   "url": "https://www.selver.ee/pitsapohi-2x130g-moilas-260-g",
   "hind": [
    {
     "hind": "4,99 €"
    }
   ]
  },
  {
   "product": "Küpsisemaitseline jäätis iirise-karamelli kastme ja karamelliga, MAGNUM, 303 g",
   "url": "https://www.selver.ee/kupsisemaitseline-jaatis-iirise-karamelli-kastme-ja-karamelliga-magnum-303-g",
   "hind": [
    {
     "hind": "5,99 €"
    }
   ]
  },
  {
   "product": "Külmutatud kartuliroog Ateena, AVIKO, 450 g",
   "url": "https://www.selver.ee/kulmutatud-kartuliroog-ateena-aviko-450-g",
   "hind": [
    {
     "hind": "4,49 €"
    }
   ]
  },
  {
   "product": "Tursa tükid, FERRER SEAFOOD, 310 g",
   "url": "https://www.selver.ee/tursa-tukid-ferrer-seafood-310-g",
   "hind": [
    {
     "hind": "7,99 €"
    }
   ]
  },
  {
   "product": "Golden River Noisett, LUTOSA, 1 kg",
   "url": "https://www.selver.ee/golden-river-noisett-lutosa-1-kg",
   "hind": [
    {
     "hind": "3,39 €"
    }
   ]
  },
  {
   "product": "Vähk veini marinaadis, ALFOCAN, 500 g",
   "url": "https://www.selver.ee/vahk-veini-marinaadis-alfocan-500-g",
   "hind": [
    {
     "hind": "3,99 €"
    }
   ]
  },
  {
   "product": "Koorejäätis šokolaaditükkide ja jõhvikalisandiga, ONU ESKIMO, 480 g",
   "url": "https://www.selver.ee/koorejaatis-sokolaaditukkide-ja-johvikalisandiga-onu-eskimo-480-g",
   "hind": [
    {
     "hind": "3,99 €"
    }
   ]
  },
  {
   "product": "Hiidkrevetid (koorimata, peata) 13/26, VICI, 400 g",
   "url": "https://www.selver.ee/hiidkrevetid-koorimata-peata-13-26-vici-400-g",
   "hind": [
    {
     "hind": "9,99 €"
    }
   ]
  },
  {
   "product": "Ahvenafilee nahaga, RANNAPUURA, 360 g",
   "url": "https://www.selver.ee/ahvenafilee-nahaga-rannapuura-360-g",
   "hind": [
    {
     "hind": "7,49 €"
    }
   ]
  },
  {
   "product": "Krevett koorimata 70/90, MARINE, 400g",
   "url": "https://www.selver.ee/krevett-koorimata-70-90-marine-500-g",
   "hind": [
    {
     "hind": "5,99 €"
    }
   ]
  },
  {
   "product": "Sidruni-juustukoogitäidisega pontšik 8x45g, VAASAN, 360 g",
   "url": "https://www.selver.ee/sidruni-juustukoogitaidisega-pontsik-8x45g-vaasan-360-g",
   "hind": [
    {
     "hind": "4,99 €"
    }
   ]
  },
  {
   "product": "Koorimata krevett 50/70, MARINE, 320 g",
   "url": "https://www.selver.ee/koorimata-krevett-50-70-marine-320-g",
   "hind": [
    {
     "hind": "7,69 €"
    }
   ]
  },
  {
   "product": "Külmutatud rääbisefilee, RANNAPUURA, 200 g",
   "url": "https://www.selver.ee/kulmutatud-raabisefilee-rannapuura-200-g",
   "hind": [
    {
     "hind": "3,49 €"
    }
   ]
  },
  {
   "product": "Kukkel 5x80g, MOILAS, 400 g",
   "url": "https://www.selver.ee/kukkel-5x80g-moilas-400-g",
   "hind": [
    {
     "hind": "5,99 €"
    }
   ]
  },
  {
   "product": "Sibularõngad, SALUD, 450 g",
   "url": "https://www.selver.ee/sibularongad-salud-450-g",
   "hind": [
    {
     "hind": "2,39 €"
    }
   ]
  }
 ]
}