{
 "name": "Juustud",
 "info": [
  {
   "product": "Sulatatud juust, MEREVAIK, 200 g",
   "url": "https://www.selver.ee/sulatatud-juust-merevaik-200-g",
   "hind": [
    {
     "hind": "1,35 €"
    }
   ]
  },
  {
   "product": "Eesti Juust viilutatud, TRADITSIOONILINE EESTI JUUST, 350g",
   "url": "https://www.selver.ee/eesti-juust-viilutatud-traditsiooniline-eesti-juust-350g",
   "hind": [
    {
     "hind": "1,99 €"
    }
   ]
  },
  {
   "product": "Eesti juust 25,2% riivitud, TRADITSIOONILINE EESTI JUUST, 200 g",
   "url": "https://www.selver.ee/eesti-juust-25-2-riivitud-traditsiooniline-eesti-juust-200-g",
   "hind": [
    {
     "hind": "1,29 €"
    }
   ]
  },
  {
   "product": "Eesti juust 25,2% viilutatud, TRADITSIOONILINE EESTI JUUST, 500 g",
   "url": "https://www.selver.ee/eesti-juust-25-2-viilutatud-traditsiooniline-eesti-juust-500-g",
   "hind": [
    {
     "hind": "4,29 €"
    }
   ]
  },
  {
   "product": "Viilujuust Royal Gouda Yellow, VALIO, 500 g",
   "url": "https://www.selver.ee/juust-kuninga-gouda-argipaeva-valio-500-g",
   "hind": [
    {
     "hind": "4,69 €"
    }
   ]
  },
  {
   "product": "Hiirte juust 25,2% viilutatud, ESTOVER, 500 g",
   "url": "https://www.selver.ee/hiirte-juust-25-2-viilutatud-estover-500-g",
   "hind": [
    {
     "hind": "2,79 €"
    }
   ]
  },
  {
   "product": "Juustupulgad, PIK-NIK, 280 g",
   "url": "https://www.selver.ee/juustupulgad-pik-nik-280-g",
   "hind": [
    {
     "hind": "3,49 €"
    }
   ]
  },
  {
   "product": "Juust riivitud, SAAREMAA, 200 g",
   "url": "https://www.selver.ee/juust-riivitud-saaremaa-200-g",
   "hind": [
    {
     "hind": "1,59 €"
    }
   ]
  },
  {
   "product": "Sulatatud juust, MEREVAIK, 370 g",
   "url": "https://www.selver.ee/sulatatud-juust-merevaik-370-g",
   "hind": [
    {
     "hind": "1,99 €"
    }
   ]
  },
  {
   "product": "Riivjuust Cheddar, VALIO, 200g",
   "url": "https://www.selver.ee/riivjuust-cheddar-valio-200g",
   "hind": [
    {
     "hind": "1,99 €"
    }
   ]
  },
  {
   "product": "Sulatatud juust murulauguga, MEREVAIK, 200 g",
   "url": "https://www.selver.ee/sulatatud-juust-murulauguga-merevaik-200-g",
   "hind": [
    {
     "hind": "1,59 €"
    }
   ]
  },
  {
   "product": "Toorjuust Classic, PHILADELPHIA, 200 g",
   "url": "https://www.selver.ee/toorjuust-classic-philadelphia-200-g",
   "hind": [
    {
     "hind": "2,19 €"
    }
   ]
  },
  {
   "product": "Juustupulgad, PIK-NIK, 140 g",
   "url": "https://www.selver.ee/juustupulgad-pik-nik-147-g",
   "hind": [
    {
     "hind": "2,79 €"
    }
   ]
  },
  {
   "product": "Vene juust 28,5% viilutatud, ESTOVER, 500 g",
   "url": "https://www.selver.ee/vene-juust-28-5-viilutatud-estover-500-g",
   "hind": [
    {
     "hind": "3,99 €"
    }
   ]
  },
  {
   "product": "Toasty Hamburger viilud, ZOTT, 120 g",
   "url": "https://www.selver.ee/toasty-hamburger-viilud-zott-120-g",
   "hind": [
    {
     "hind": "1,09 €"
    }
   ]
  },
  {
   "product": "Sinihallitusjuust, ROYAL BLUE, 100 g",
   "url": "https://www.selver.ee/sinihallitusjuust-royal-blue-100-g",
   "hind": [
    {
     "hind": "1,69 €"
    }
   ]
  },
  {
   "product": "Riivjuust Eesti, VALIO, 500 g",
   "url": "https://www.selver.ee/riivjuust-eesti-valio-500-g",
   "hind": [
    {
     "hind": "3,99 €"
    }
   ]
  },
  {
   "product": "Cheddar juust viilutatud, VALIO, 150 g",
   "url": "https://www.selver.ee/cheddar-juust-viilutatud-valio-150-g",
   "hind": [
    {
     "hind": "1,19 €"
    }
   ]
  },
  {
   "product": "Sulatatud juust krevetiga, MEREVAIK, 200 g",
   "url": "https://www.selver.ee/sulatatud-juust-krevetiga-merevaik-200-g",
   "hind": [
    {
     "hind": "1,59 €"
    }
   ]
  },
  {
   "product": "Juustu-küüslaugumääre, SELVERI KÖÖK, 130 g",
   "url": "https://www.selver.ee/juustu-kuuslaugumaare-selveri-kook-130-g",
   "hind": [
    {
     "hind": "1,39 €"
    }
   ]
  },
  {
   "product": "Riivjuust Forte Classico 26%, VALIO, 80 g",
   "url": "https://www.selver.ee/riivjuust-forte-classico-26-valio-80-g",
   "hind": [
    {
     "hind": "1,49 €"
    }
   ]
  },
  {
   "product": "Viilujuust Royal Gouda Red, VALIO, 150 g",
   "url": "https://www.selver.ee/juust-kuninga-gouda-puhapaeva-29-viilutatud-valio-150-g",
   "hind": [
    {
     "hind": "1,59 €"
    }
   ]
  },
  {
   "product": "Sulatatud juust röstitud kanaga, MEREVAIK, 200 g",
   "url": "https://www.selver.ee/sulatatud-juust-rostitud-kanaga-merevaik-200-g",
   "hind": [
    {
     "hind": "1,59 €"
    }
   ]
  },
  {
   "product": "Juust Edam 24% viilutatud, SAAREMAA, 500 g",
   "url": "https://www.selver.ee/juust-edam-24-viilutatud-saaremaa-500-g",
   "hind": [
    {
     "hind": "3,99 €"
    }
   ]
  },
  {
   "product": "Suitsujuust 18%, TERE, 200 g",
   "url": "https://www.selver.ee/suitsujuust-18-tere-200-g",
   "hind": [
    {
     "hind": "1,99 €"
    }
   ]
  },
  {
   "product": "Juustupulgad lastele, PIK-NIK, 140 g",
   "url": "https://www.selver.ee/juustupulgad-lastele-pik-nik-147-g",
   "hind": [
    {
     "hind": "1,99 €"
    }
   ]
  },
  {
   "product": "Juust Atleet Originaal, VALIO, 500 g",
   "url": "https://www.selver.ee/juust-atleet-originaal-valio-500-g",
   "hind": [
    {
     "hind": "2,79 €"
    }
   ]
  },
  {
   "product": "Mozzarella kirsid, PIIMAMEISTER OTTO, 250 g",
   "url": "https://www.selver.ee/mozzarella-kirsid-piimameister-otto-250-g",
   "hind": [
    {
     "hind": "1,99 €"
    }
   ]
  },
  {
   "product": "Hiirte juust 25,2% viilutatud, ESTOVER, 200 g",
   "url": "https://www.selver.ee/hiirte-juust-25-2-viilutatud-estover-200-g",
   "hind": [
    {
     "hind": "2,09 €"
    }
   ]
  },
  {
   "product": "Eesti Juust täispiimast, viilutatud, TRADITSIOONILINE EESTI JUUST, 450 g",
   "url": "https://www.selver.ee/eesti-juust-taispiimast-viilutatud-traditsiooniline-eesti-juust-450-g",
   "hind": [
    {
     "hind": "4,49 €"
    }
   ]
  },
  {
   "product": "Eesti juust Light viilutatud, E-PIIM, 500 g",
   "url": "https://www.selver.ee/eesti-juust-light-viilutatud-e-piim-500-g",
   "hind": [
    {
     "hind": "3,99 €"
    }
   ]
  },
  {
   "product": "Maasdam juust 28,3% viilutatud, ESTOVER, 150 g",
   "url": "https://www.selver.ee/maasdam-juust-28-3-viilutatud-piimameister-otto-150-g",
   "hind": [
    {
     "hind": "1,99 €"
    }
   ]
  },
  {
   "product": "Sulajuust, SELVER, 150 g",
   "url": "https://www.selver.ee/sulajuust-selver-150-g",
   "hind": [
    {
     "hind": "0,59 €"
    }
   ]
  },
  {
   "product": "Juust Fitaki, KÄSEREI, 200 g",
   "url": "https://www.selver.ee/juust-fitaki-kaserei-200-g",
   "hind": [
    {
     "hind": "1,99 €"
    }
   ]
  },
  {
   "product": "Mozzarella, FORMAGIA, 125 g",
   "url": "https://www.selver.ee/mozzarella-formagia-125-g",
   "hind": [
    {
     "hind": "0,99 €"
    }
   ]
  },
  {
   "product": "Sulatatud juust kukeseentega, MEREVAIK, 200 g",
   "url": "https://www.selver.ee/sulatatud-juust-kukeseentega-merevaik-200-g",
   "hind": [
    {
     "hind": "1,59 €"
    }
   ]
  },
  {
   "product": "Sulatatud juust 200 g, Laktoosivaba, MEREVAIK",
   "url": "https://www.selver.ee/sulatatud-juust-200-g-laktoosivaba-merevaik",
   "hind": [
    {
     "hind": "1,59 €"
    }
   ]
  },
  {
   "product": "Emmental juust 28,5% viilutatud, ESTOVER, 150 g",
   "url": "https://www.selver.ee/emmental-juust-28-5-viilutatud-piimameister-otto-150-g",
   "hind": [
    {
     "hind": "1,99 €"
    }
   ]
  },
  {
   "product": "Juust Atleet Cheddar viilutatud, VALIO, 500 g",
   "url": "https://www.selver.ee/juust-atleet-cheddar-viilutatud-valio-500-g",
   "hind": [
    {
     "hind": "4,99 €"
    }
   ]
  },
  {
   "product": "Toasty Sandwich viilud, ZOTT, 120 g",
   "url": "https://www.selver.ee/toasty-sandwich-viilud-zott-120-g",
   "hind": [
    {
     "hind": "1,09 €"
    }
   ]
  },
  {
   "product": "Eesti Juust riivitud, ESTOVER, 400g",
   "url": "https://www.selver.ee/eesti-juust-riivitud-estover-400g",
   "hind": [
    {
     "hind": "2,59 €"
    }
   ]
  },
  {
   "product": "Riivjuust Atleet küpsetistele, VALIO, 200 g",
   "url": "https://www.selver.ee/riivjuust-atleet-kupsetistele-valio-200-g",
   "hind": [
    {
     "hind": "1,79 €"
    }
   ]
  },
  {
   "product": "Viilujuust Royal Gouda Yellow, VALIO, 150 g",
   "url": "https://www.selver.ee/juust-kuninga-gouda-argipaeva-27-viilutatud-valio-150-g",
   "hind": [
    {
     "hind": "1,59 €"
    }
   ]
  },
  {
   "product": "Viilujuust Atleet Originaal 26%, VALIO, 500 g",
   "url": "https://www.selver.ee/viilujuust-atleet-originaal-26-valio-500-g",
   "hind": [
    {
     "hind": "4,39 €"
    }
   ]
  },
  {
   "product": "Mozzarella Zottarella, ZOTT, 250 g",
   "url": "https://www.selver.ee/mozzarella-zottarella-zott-250-g",
   "hind": [
    {
     "hind": "2,99 €"
    }
   ]
  },
  {
   "product": "Lapimaa juust, LAPIMAA JUUST, 220 g",
   "url": "https://www.selver.ee/lapimaa-juust-lapimaa-juust-220-g",
   "hind": [
    {
     "hind": "2,99 €"
    }
   ]
  },
  {
   "product": "Eesti juust 25,2% viilutatud, TRADITSIOONILINE EESTI JUUST, 200 g",
   "url": "https://www.selver.ee/eesti-juust-25-2-viilutatud-traditsiooniline-eesti-juust-200-g",
   "hind": [
    {
     "hind": "1,99 €"
    }
   ]
  },
  {
   "product": "Vene juust 28,5% viilutatud, ESTOVER, 150 g",
   "url": "https://www.selver.ee/vene-juust-28-5-viilutatud-estover-150-g",
   "hind": [
    {
     "hind": "1,59 €"
    }
   ]
  },
  {
   "product": "Juust Saare Light viil, SAAREMAA, 150 g",
   "url": "https://www.selver.ee/juust-saare-light-viil-saaremaa-150-g",
   "hind": [
    {
     "hind": "1,39 €"
    }
   ]
  },
  {
   "product": "Gouda juust viil, E-PIIM, 300g",
   "url": "https://www.selver.ee/gouda-juust-viil-e-piim-300g",
   "hind": [
    {
     "hind": "2,59 €"
    }
   ]
  },
  {
   "product": "Mozzarella, PIIMAMEISTER OTTO, 250 g",
   "url": "https://www.selver.ee/mozzarella-piimameister-otto-250-g",
   "hind": [
    {
     "hind": "1,99 €"
    }
   ]
  },
  {
   "product": "Pizzariiv, SYNNOVE, 200 g",
   "url": "https://www.selver.ee/pizzariiv-synnove-200-g",
   "hind": [
    {
     "hind": "1,29 €"
    }
   ]
  },
  {
   "product": "Sinihallitusjuust, PALADIN, 100 g",
   "url": "https://www.selver.ee/sinihallitusjuust-paladin-100-g",
   "hind": [
    {
     "hind": "1,49 €"
    }
   ]
  },
  {
   "product": "Kõva juust Synnove Itaallane, SYNNOVE, 150 g",
   "url": "https://www.selver.ee/kova-juust-synnove-itaallane-synnove-150-g",
   "hind": [
    {
     "hind": "2,59 €"
    }
   ]
  },
  {
   "product": "Sinihallitusjuust Dorblu, KÄSEREI, 100 g",
   "url": "https://www.selver.ee/sinihallitusjuust-dorblu-kaserei-100-g",
   "hind": [
    {
     "hind": "1,79 €"
    }
   ]
  },
  {
   "product": "Fetajuust, OLYMPUS, 150 g",
   "url": "https://www.selver.ee/fetajuust-olympus-150-g",
   "hind": [
    {
     "hind": "2,19 €"
    }
   ]
  },
  {
   "product": "Sulatatud juust murulaugu-ürdi, VALIO VIOLA, 185 g",
   "url": "https://www.selver.ee/sulatatud-juust-murulaugu-urdi-valio-viola-185-g",
   "hind": [
    {
     "hind": "1,19 €"
    }
   ]
  },
  {
   "product": "Juust Special viilutatud, E-PIIM, 150 g",
   "url": "https://www.selver.ee/juust-special-viilutatud-e-piim-150-g",
   "hind": [
    {
     "hind": "1,39 €"
    }
   ]
  },
  {
   "product": "Sulatatud juust, VALIO VIOLA, 185 g",
   "url": "https://www.selver.ee/sulatatud-juust-valio-viola-185-g",
   "hind": [
    {
     "hind": "1,39 €"
    }
   ]
  },
  {
   "product": "Sinihallitusjuust Bavaria Würzige, BERGADER, 175 g",
   "url": "https://www.selver.ee/sinihallitusjuust-bavaria-wurzige-bergader-175-g",
   "hind": [
    {
     "hind": "2,69 €"
    }
   ]
  },
  {
   "product": "Riivjuust Atleet pastale, VALIO, 200 g",
   "url": "https://www.selver.ee/riivjuust-atleet-pastale-valio-200-g",
   "hind": [
    {
     "hind": "1,79 €"
    }
   ]
  },
  {
   "product": "Pehme valge juust, ATHENA, 200 g",
   "url": "https://www.selver.ee/pehme-valge-juust-athena-200-g",
   "hind": [
    {
     "hind": "1,99 €"
    }
   ]
  },
  {
   "product": "Juust Atleet Originaal viil., VALIO, 150 g",
   "url": "https://www.selver.ee/juust-atleet-originaal-viil-valio-150-g",
   "hind": [
    {
     "hind": "1,49 €"
    }
   ]
  },
  {
   "product": "Royal Gouda Red juust, VALIO, 250 g",
   "url": "https://www.selver.ee/juust-kuninga-gouda-puhapaeva-valio-250-g",
   "hind": [
    {
     "hind": "2,59 €"
    }
   ]
  },
  {
   "product": "Sulatatud Juust krevettidega, HIIRTE JUUST, 200g",
   "url": "https://www.selver.ee/sulatatud-juust-krevettidega-hiirte-juust-200g",
   "hind": [
    {
     "hind": "0,99 €"
    }
   ]
  },
  {
   "product": "Toorjuust, FARMI, 150 g",
   "url": "https://www.selver.ee/toorjuust-naturaalne-farmi-150-g",
   "hind": [
    {
     "hind": "1,69 €"
    }
   ]
  },
  {
   "product": "Juustu snäkk, FARMI, 200 g",
   "url": "https://www.selver.ee/juustu-snakk-farmi-200-g",
   "hind": [
    {
     "hind": "2,39 €"
    }
   ]
  },
  {
   "product": "HULGI Eesti Juust viilutatud 3tk, TRADITSIOONILINE EESTI JUUST, 3 x 350g",
   "url": "https://www.selver.ee/eesti-juust-viilutatud-3tk",
   "hind": [
    {
     "hind": "5,55 €"
    }
   ]
  },
  {
   "product": "Juustulaastud Forte Classico 26%, VALIO, 100 g",
   "url": "https://www.selver.ee/juustulaastud-forte-classico-26-valio-100-g",
   "hind": [
    {
     "hind": "1,79 €"
    }
   ]
  },
  {
   "product": "Suitsutatud juustupats, DELIKATESS, 200 g",
   "url": "https://www.selver.ee/suitsutatud-juustupats-delikatess-200-g",
   "hind": [
    {
     "hind": "3,99 €"
    }
   ]
  },
  {
   "product": "Gouda Juust, ESTOVER, 150g",
   "url": "https://www.selver.ee/gouda-juust-estover-150g",
   "hind": [
    {
     "hind": "1,49 €"
    }
   ]
  },
  {
   "product": "Juust Forte Classico 26%, VALIO, 180 g",
   "url": "https://www.selver.ee/juust-forte-classico-26-valio-180-g",
   "hind": [
    {
     "hind": "3,29 €"
    }
   ]
  },
  {
   "product": "Eesti Juust täispiimast, viilutatud, TRADITSIOONILINE EESTI JUUST, 180 g",
   "url": "https://www.selver.ee/eesti-juust-taispiimast-viilutatud-traditsiooniline-eesti-juust-180-g",
   "hind": [
    {
     "hind": "2,19 €"
    }
   ]
  },
  {
   "product": "Saare juust viilutatud, SAAREMAA, 150 g",
   "url": "https://www.selver.ee/saare-juust-viilutatud-saaremaa-150-g",
   "hind": [
    {
     "hind": "1,39 €"
    }
   ]
  },
  {
   "product": "Toorjuust küüslaugu ja ürtidega, PHILADELPHIA, 200 g",
   "url": "https://www.selver.ee/toorjuust-kuuslaugu-ja-urtidega-philadelphia-200-g",
   "hind": [
    {
     "hind": "2,29 €"
    }
   ]
  },
  {
   "product": "Royal Gouda Black juust, VALIO, 200 g",
   "url": "https://www.selver.ee/juust-kuninga-gouda-pidupaeva-valio-200-g",
   "hind": [
    {
     "hind": "2,69 €"
    }
   ]
  },
  {
   "product": "Sulatatud juust Old Saare, SAAREMAA, 185 g",
   "url": "https://www.selver.ee/sulatatud-juust-old-saare-saaremaa-185-g",
   "hind": [
    {
     "hind": "1,49 €"
    }
   ]
  },
  {
   "product": "Merevaik sulatatud juust tomatiga, MEREVAIK, 200 g",
   "url": "https://www.selver.ee/merevaik-sulatatud-juust-tomatiga-merevaik-200-g",
   "hind": [
    {
     "hind": "1,59 €"
    }
   ]
  },
  {
   "product": "Juust Atleet Cheddar, VALIO, 250 g",
   "url": "https://www.selver.ee/juust-atleet-cheddar-valio-250-g",
   "hind": [
    {
     "hind": "2,49 €"
    }
   ]
  },
  {
   "product": "Kõvajuust Džiugas 40%, DZIUGAS, 100 g",
   "url": "https://www.selver.ee/kovajuust-dziugas-40-dziugas-100-g",
   "hind": [
    {
     "hind": "1,79 €"
    }
   ]
  },
  {
   "product": "Kreemjuust kitsepiimast laktoosivaba, ROTKÄPPCHEN, 150 g",
   "url": "https://www.selver.ee/kreemjuust-kitsepiimast-laktoosivaba-rotkappchen-150-g",
   "hind": [
    {
     "hind": "2,39 €"
    }
   ]
  },
  {
   "product": "Sulatatud juust maitserohelisega, HIIRTE JUUST, 200 g",
   "url": "https://www.selver.ee/sulatatud-juust-maitserohelisega-hiirte-juust-200-g",
   "hind": [
    {
     "hind": "1,19 €"
    }
   ]
  },
  {
   "product": "Juustu mix, FARMI, 200 g",
   "url": "https://www.selver.ee/juustu-mix-farmi-200-g",
   "hind": [
    {
     "hind": "2,39 €"
    }
   ]
  },
  {
   "product": "Öko Saaremaa mahejuust viilud, SAAREMAA, 150 g",
   "url": "https://www.selver.ee/oko-saaremaa-mahejuust-viilud-saaremaa-150-g",
   "hind": [
    {
     "hind": "1,99 €"
    }
   ]
  },
  {
   "product": "Mozzarella basiilikuga, ZOTT, 125 g",
   "url": "https://www.selver.ee/mozzarella-basiilikuga-zott-125-g",
   "hind": [
    {
     "hind": "1,59 €"
    }
   ]
  },
  {
   "product": "Camembert valgehallitusjuust, PRESIDENT, 120 g",
   "url": "https://www.selver.ee/valgehallitusjuust-camembert-president-120-g",
   "hind": [
    {
     "hind": "2,09 €"
    }
   ]
  },
  {
   "product": "Eesti juust, VALIO, 350 g",
   "url": "https://www.selver.ee/eesti-juust-valio-350-g",
   "hind": [
    {
     "hind": "2,99 €"
    }
   ]
  },
  {
   "product": "Bresto juust, E-PIIM, 200 g",
   "url": "https://www.selver.ee/bresto-juust-e-piim-200-g",
   "hind": [
    {
     "hind": "2,29 €"
    }
   ]
  },
  {
   "product": "Juust Atleet Originaal, VALIO, 200 g",
   "url": "https://www.selver.ee/juust-atleet-originaal-valio-200-g",
   "hind": [
    {
     "hind": "1,69 €"
    }
   ]
  },
  {
   "product": "Toorjuust Light murulauguga, PHILADELPHIA, 200 g",
   "url": "https://www.selver.ee/toorjuust-light-murulauguga-philadelphia-200-g",
   "hind": [
    {
     "hind": "2,29 €"
    }
   ]
  },
  {
   "product": "Vägev juust, MO SAAREMAA, 380 g",
   "url": "https://www.selver.ee/vagev-juust-mo-saaremaa-380-g",
   "hind": [
    {
     "hind": "3,99 €"
    }
   ]
  },
  {
   "product": "Hollandi Leibjuust viilutatud, SAAREMAA, 300 g",
   "url": "https://www.selver.ee/hollandi-leibjuust-viilutatud-saaremaa-300-g",
   "hind": [
    {
     "hind": "2,79 €"
    }
   ]
  },
  {
   "product": "Brie valgehallitusjuust, PRESIDENT, 125 g",
   "url": "https://www.selver.ee/valgehallitusjuust-brie-president-125-g",
   "hind": [
    {
     "hind": "2,09 €"
    }
   ]
  },
  {
   "product": "Eesti juust viil, E-PIIM, 300g",
   "url": "https://www.selver.ee/eesti-juust-viil-e-piim-300g",
   "hind": [
    {
     "hind": "2,59 €"
    }
   ]
  },
  {
   "product": "Juust Forte Superiore 26%, VALIO, 180 g",
   "url": "https://www.selver.ee/juust-forte-superiore-26-valio-180-g",
   "hind": [
    {
     "hind": "3,79 €"
    }
   ]
  },
  {
   "product": "Juusturibad küüslauguga, DELIKATESS, 55 g",
   "url": "https://www.selver.ee/juusturibad-kuuslauguga-delikatess-55-g",
   "hind": [
    {
     "hind": "0,99 €"
    }
   ]
  },
  {
   "product": "Juustukrõpsud Gouda, CHEESE POP, 65 g",
   "url": "https://www.selver.ee/juustukropsud-gouda-cheese-pop-65-g",
   "hind": [
    {
     "hind": "2,59 €"
    }
   ]
  },
  {
   "product": "Camembert valgehallitusjuust pähklitega, PRESIDENT, 120 g",
   "url": "https://www.selver.ee/valgehallitusjuust-camembert-pahklitega-president-120-g",
   "hind": [
    {
     "hind": "2,09 €"
    }
   ]
  },
  {
   "product": "Juust Fitaki, KÄSEREI, 500 g",
   "url": "https://www.selver.ee/juust-fitaki-kaserei-500-g",
   "hind": [
    {
     "hind": "3,79 €"
    }
   ]
  },
  {
   "product": "Juust Forte Speciale, VALIO, 180 g",
   "url": "https://www.selver.ee/juust-forte-speciale-valio-180-g",
   "hind": [
    {
     "hind": "3,79 €"
    }
   ]
  },
  {
   "product": "Juustusnäkid Forte Classico 26%, VALIO, 100 g",
   "url": "https://www.selver.ee/juustusnakid-forte-classico-26-valio-100-g",
   "hind": [
    {
     "hind": "1,79 €"
    }
   ]
  },
  {
   "product": "Saare Leet juust viil, SAAREMAA, 500 g",
   "url": "https://www.selver.ee/saare-leet-juust-viil-saaremaa-500-g",
   "hind": [
    {
     "hind": "3,99 €"
    }
   ]
  },
  {
   "product": "Sini-valgehallitusjuust Bavaria Blu, BERGADER, 150 g",
   "url": "https://www.selver.ee/sini-valgehallitusjuust-bavaria-blu-bergader-150-g",
   "hind": [
    {
     "hind": "2,49 €"
    }
   ]
  },
  {
   "product": "Köögi toorjuust, FARMI, 400 g",
   "url": "https://www.selver.ee/koogi-toorjuust-farmi-400-g",
   "hind": [
    {
     "hind": "2,99 €"
    }
   ]
  },
  {
   "product": "Suitsutatud Kadaka riivjuust 26%, SAAREMAA, 200 g",
   "url": "https://www.selver.ee/suitsutatud-kadaka-riivjuust-26-saaremaa-200-g",
   "hind": [
    {
     "hind": "1,69 €"
    }
   ]
  },
  {
   "product": "Sulatatud juust, HIIRTE JUUST, 200 g",
   "url": "https://www.selver.ee/sulatatud-juust-hiirte-juust-200-g",
   "hind": [
    {
     "hind": "1,19 €"
    }
   ]
  },
  {
   "product": "Sinihallitusjuust, GOLDEN MONARCH, 100 g",
   "url": "https://www.selver.ee/sinihallitusjuust-golden-monarch-100-g",
   "hind": [
    {
     "hind": "1,49 €"
    }
   ]
  },
  {
   "product": "Eesti juust riivitud, E-PIIM, 250 g",
   "url": "https://www.selver.ee/eesti-juust-riivitud-e-piim-250-g",
   "hind": [
    {
     "hind": "1,89 €"
    }
   ]
  },
  {
   "product": "Mozzarella Zottarella light, ZOTT, 125 g",
   "url": "https://www.selver.ee/mozzarella-zottarella-light-zott-125-g",
   "hind": [
    {
     "hind": "1,59 €"
    }
   ]
  },
  {
   "product": "Brie valgehallitusjuust kreeka pähklitega, PRESIDENT, 125 g",
   "url": "https://www.selver.ee/valgehallitusjuust-brie-pahklitega-president-125-g",
   "hind": [
    {
     "hind": "2,09 €"
    }
   ]
  },
  {
   "product": "Eesti juust viilutatud, E-PIIM, 150 g",
   "url": "https://www.selver.ee/eesti-juust-viilutatud-e-piim-150-g",
   "hind": [
    {
     "hind": "1,39 €"
    }
   ]
  },
  {
   "product": "Sulatatud juust suitsukanaga, VALIO VIOLA, 185 g",
   "url": "https://www.selver.ee/sulatatud-juust-suitsukanaga-valio-viola-185-g",
   "hind": [
    {
     "hind": "1,39 €"
    }
   ]
  },
  {
   "product": "Mozzarella pühvlipiimast, VALCOLATTE, 125 g",
   "url": "https://www.selver.ee/mozzarella-di-bufala-valcolatte-125-g",
   "hind": [
    {
     "hind": "2,19 €"
    }
   ]
  },
  {
   "product": "Seltskonna juustuampsud päikesekuivatatud tomatitega, SAAREMAA, 200 g",
   "url": "https://www.selver.ee/seltskonna-juustuampsud-paikesekuivatatud-tomatitega-saaremaa-200-g",
   "hind": [
    {
     "hind": "2,29 €"
    }
   ]
  },
  {
   "product": "Hollandi Leibjuust 25,2% viilutatud, ESTOVER, 150 g",
   "url": "https://www.selver.ee/hollandi-leibjuust-25-2-viilutatud-estover-150-g",
   "hind": [
    {
     "hind": "1,59 €"
    }
   ]
  },
  {
   "product": "Toorjuust jalopenoga, PHILADELPHIA, 175 g",
   "url": "https://www.selver.ee/toorjuust-jalopenoga-philadelphia-175-g",
   "hind": [
    {
     "hind": "1,99 €"
    }
   ]
  },
  {
   "product": "Toorjuust vaniljega, PIIMAMEISTER OTTO, 400g",
   "url": "https://www.selver.ee/toorjuust-vaniljega-piimameister-otto-400g",
   "hind": [
    {
     "hind": "2,39 €"
    }
   ]
  },
  {
   "product": "Määrdejuust Lepasuitsu, E-PIIM, 180 g",
   "url": "https://www.selver.ee/maardejuust-lepasuitsu-e-piim-180-g",
   "hind": [
    {
     "hind": "1,29 €"
    }
   ]
  },
  {
   "product": "Sulatatud juust Fortega, VALIO VIOLA, 185 g",
   "url": "https://www.selver.ee/sulatatud-juust-fortega-valio-viola-185-g",
   "hind": [
    {
     "hind": "1,39 €"
    }
   ]
  },
  {
   "product": "Mozzarella, VALCOLATTE, 100 g",
   "url": "https://www.selver.ee/mozzarella-valcolatte-100-g",
   "hind": [
    {
     "hind": "1,19 €"
    }
   ]
  },
  {
   "product": "Toorjuustukreem šokolaadiga, PHILADELPHIA, 175 g",
   "url": "https://www.selver.ee/toorjuustukreem-sokolaadiga-philadelphia-175-g",
   "hind": [
    {
     "hind": "2,29 €"
    }
   ]
  },
  {
   "product": "Toorjuust mädarõikaga, MIREE, 150 g",
   "url": "https://www.selver.ee/toorjuust-madaroikaga-miree-150-g",
   "hind": [
    {
     "hind": "1,59 €"
    }
   ]
  },
  {
   "product": "Toorjuustumääre kalamarjaga, SELVERI KÖÖK, 130 g",
   "url": "https://www.selver.ee/toorjuustumaare-kalamarjaga-selveri-kook-130-g",
   "hind": [
    {
     "hind": "2,89 €"
    }
   ]
  },
  {
   "product": "Toorjuust murulauguga, FARMI, 150 g",
   "url": "https://www.selver.ee/toorjuust-murulauguga-farmi-150-g",
   "hind": [
    {
     "hind": "1,69 €"
    }
   ]
  },
  {
   "product": "Baieri sini-valgehallitusjuust, COBURGER, 150 g",
   "url": "https://www.selver.ee/baieri-sini-valgehallitusjuust-coburger-150-g",
   "hind": [
    {
     "hind": "1,99 €"
    }
   ]
  },
  {
   "product": "Kitseke kõva kitsepiimajuust, DELINE, 150 g",
   "url": "https://www.selver.ee/kitseke-kova-kitsepiimajuust-deline-150-g",
   "hind": [
    {
     "hind": "2,99 €"
    }
   ]
  },
  {
   "product": "Sulatatud suitsujuustu snäkk, E-PIIM, 150 g",
   "url": "https://www.selver.ee/sulatatud-suitsujuustu-snakk-e-piim-150-g",
   "hind": [
    {
     "hind": "1,79 €"
    }
   ]
  },
  {
   "product": "Sinihallitusjuust Niva, MADETA, 110 g",
   "url": "https://www.selver.ee/sinihallitusjuust-niva-madeta-110-g",
   "hind": [
    {
     "hind": "1,19 €"
    }
   ]
  },
  {
   "product": "Seltskonna juustuampsud koduaia ürtidega, SAAREMAA, 200 g",
   "url": "https://www.selver.ee/seltskonna-juustuampsud-koduaia-urtidega-saaremaa-200-g",
   "hind": [
    {
     "hind": "2,29 €"
    }
   ]
  },
  {
   "product": "Emmentali tüüpi juust Finden Ost, SYNNOVE, 350 g",
   "url": "https://www.selver.ee/emmentali-tuupi-juust-finden-ost-synnove-350-g",
   "hind": [
    {
     "hind": "2,89 €"
    }
   ]
  },
  {
   "product": "Baieri valgehallitusjuust, COBURGER, 150 g",
   "url": "https://www.selver.ee/baieri-valgehallitusjuust-coburger-150-g",
   "hind": [
    {
     "hind": "1,99 €"
    }
   ]
  },
  {
   "product": "Bresto juust Light, E-PIIM, 200 g",
   "url": "https://www.selver.ee/bresto-juust-light-e-piim-200-g",
   "hind": [
    {
     "hind": "2,29 €"
    }
   ]
  },
  {
   "product": "Royal Gouda Yellow juust, VALIO, 300 g",
   "url": "https://www.selver.ee/juust-kuninga-gouda-argipaeva-valio-300-g",
   "hind": [
    {
     "hind": "2,69 €"
    }
   ]
  },
  {
   "product": "Sulatatud juust krabimaitseliste nuudlitega, VALIO VIOLA, 185 g",
   "url": "https://www.selver.ee/sulatatud-juust-krabimaitseliste-nuudlitega-valio-viola-185-g",
   "hind": [
    {
     "hind": "1,39 €"
    }
   ]
  },
  {
   "product": "Kadaka juust viilutatud, SAAREMAA, 150 g",
   "url": "https://www.selver.ee/kadaka-juust-viilutatud-saaremaa-150-g",
   "hind": [
    {
     "hind": "1,59 €"
    }
   ]
  },
  {
   "product": "Juustu snäkk õrnsuitsuvürtsidega, FARMI, 200 g",
   "url": "https://www.selver.ee/juustu-snakk-ornsuitsuvurtsidega-farmi-200-g",
   "hind": [
    {
     "hind": "2,39 €"
    }
   ]
  },
  {
   "product": "Pehme valge juust, ATHENA, 500 g",
   "url": "https://www.selver.ee/pehme-valge-juust-athena-500-g",
   "hind": [
    {
     "hind": "2,99 €"
    }
   ]
  },
  {
   "product": "Toorjuust küüslauguga, FARMI, 150 g",
   "url": "https://www.selver.ee/toorjuust-kuuslauguga-farmi-150-g",
   "hind": [
    {
     "hind": "1,69 €"
    }
   ]
  },
  {
   "product": "Juust soolavees, APETINA, 200 g",
   "url": "https://www.selver.ee/pehme-valge-juust-soolvees-arla-apetina-200-g",
   "hind": [
    {
     "hind": "1,99 €"
    }
   ]
  },
  {
   "product": "Juust Oltermanni, VALIO, 500 g",
   "url": "https://www.selver.ee/juust-oltermanni-valio-500-g",
   "hind": [
    {
     "hind": "5,99 €"
    }
   ]
  },
  {
   "product": "Hollandi Leibjuust 26%, SAAREMAA, 500 g",
   "url": "https://www.selver.ee/hollandi-leibjuust-26-saaremaa-500-g",
   "hind": [
    {
     "hind": "3,79 €"
    }
   ]
  },
  {
   "product": "Sulatatud juust paprikaga, VALIO VIOLA, 185 g",
   "url": "https://www.selver.ee/sulatatud-juust-paprikaga-valio-viola-185-g",
   "hind": [
    {
     "hind": "1,39 €"
    }
   ]
  },
  {
   "product": "Kadaka sulatatud juust, SAAREMAA, 185 g",
   "url": "https://www.selver.ee/kadaka-sulatatud-juust-saaremaa-185-g",
   "hind": [
    {
     "hind": "1,59 €"
    }
   ]
  },
  {
   "product": "HULGI Sulatatud juust 2tk, MEREVAIK, 2 x 370 g",
   "url": "https://www.selver.ee/hulgi-sulatatud-juust-2tk-merevaik-370-g",
   "hind": [
    {
     "hind": "3,60 €"
    }
   ]
  },
  {
   "product": "Võileivamääre Karulaugupestoga, FARMI, 150 g",
   "url": "https://www.selver.ee/voileivamaare-karulaugupestoga-farmi-150-g",
   "hind": [
    {
     "hind": "0,99 €"
    }
   ]
  },
  {
   "product": "Suitsukanakreem päikesekuivatatud tomatiga, SELVERI KÖÖK, 130 g",
   "url": "https://www.selver.ee/suitsukanakreem-paikesekuivatatud-tomatiga-selveri-kook-130-g",
   "hind": [
    {
     "hind": "2,39 €"
    }
   ]
  },
  {
   "product": "HULGI Hiirte juust viilud 25,2% 2tk, ESTOVER, 2 x 500 g",
   "url": "https://www.selver.ee/hulgi-hiirte-juust-viilud-25-2-2tk-estover-2-x-500-g",
   "hind": [
    {
     "hind": "5,00 €"
    }
   ]
  },
  {
   "product": "Juusturibad tšilliga, DELIKATESS, 55 g",
   "url": "https://www.selver.ee/juusturibad-tsilliga-delikatess-55-g",
   "hind": [
    {
     "hind": "0,99 €"
    }
   ]
  },
  {
   "product": "Võileivamääre Hapukurgi- Tilli, FARMI, 150 g",
   "url": "https://www.selver.ee/voileivamaare-hapukurgi-tilli-farmi-150-g",
   "hind": [
    {
     "hind": "0,99 €"
    }
   ]
  },
  {
   "product": "Saare kreemjuust peedi-rõika, GOURMET CLUB, 200 g",
   "url": "https://www.selver.ee/saare-kreemjuust-peedi-roika-gourmet-club-200-g",
   "hind": [
    {
     "hind": "2,29 €"
    }
   ]
  },
  {
   "product": "Valgehallitusjuust Danish Brie, CASTELLO, 125 g",
   "url": "https://www.selver.ee/valgehallitusjuust-danish-brie-castello-125-g",
   "hind": [
    {
     "hind": "2,79 €"
    }
   ]
  },
  {
   "product": "Juust E-Piim Special, E-PIIM, 350 g",
   "url": "https://www.selver.ee/juust-e-piim-special-e-piim-350-g",
   "hind": [
    {
     "hind": "2,79 €"
    }
   ]
  },
  {
   "product": "Sulatatud suitsujuust küüslauguga, E-PIIM, 200g",
   "url": "https://www.selver.ee/suitsusauna-suitsujust-kuuslauguga-e-piim-200g",
   "hind": [
    {
     "hind": "1,89 €"
    }
   ]
  },
  {
   "product": "Juustu täidisega paprika, KAPPA ANTIPASTI, 250 g",
   "url": "https://www.selver.ee/juustu-taidisega-paprika-kappa-antipasti-250-g",
   "hind": [
    {
     "hind": "3,99 €"
    }
   ]
  },
  {
   "product": "MO Saaremaa Ekstra juust sektor, SAAREMAA, 300 g",
   "url": "https://www.selver.ee/saaremaa-ekstra-juust-26-saaremaa-300-g-1",
   "hind": [
    {
     "hind": "3,39 €"
    }
   ]
  },
  {
   "product": "Eesti juust light 15,7% viilutatud, TRADITSIOONILINE EESTI JUUST, 200 g",
   "url": "https://www.selver.ee/eesti-juust-light-15-7-viilutatud-traditsiooniline-eesti-juust-200-g",
   "hind": [
    {
     "hind": "1,99 €"
    }
   ]
  },
  {
   "product": "Hiirte Juust viilutatud, ESTOVER, 350 g",
   "url": "https://www.selver.ee/hiirte-juust-viilutatud-estover-350-g",
   "hind": [
    {
     "hind": "3,29 €"
    }
   ]
  },
  {
   "product": "Klassikaline sulajuust, MO SAAREMAA, 185 g",
   "url": "https://www.selver.ee/klassikaline-sulajuust-mo-saaremaa-185-g",
   "hind": [
    {
     "hind": "1,49 €"
    }
   ]
  },
  {
   "product": "Toorjuust kurgi ja tilliga, PIIMAMEISTER OTTO, 140 g",
   "url": "https://www.selver.ee/toorjuust-kurgi-ja-tilliga-piimameister-otto-140-g",
   "hind": [
    {
     "hind": "1,19 €"
    }
   ]
  },
  {
   "product": "HULGI Juust Atleet Originaal 2tk, VALIO, 2 x 500 g",
   "url": "https://www.selver.ee/juust-atleet-originaal-2tk",
   "hind": [
    {
     "hind": "5,00 €"
    }
   ]
  },
  {
   "product": "Grilljuust, E-PIIM, 330 g",
   "url": "https://www.selver.ee/grilljuust-e-piim-330-g",
   "hind": [
    {
     "hind": "3,99 €"
    }
   ]
  },
  {
   "product": "Kitsepiimajuust \"Buche de Chevre\", SOIGNON, 180 g",
   "url": "https://www.selver.ee/kitsepiimajuust-buche-de-chevre-soignon-180-g",
   "hind": [
    {
     "hind": "3,99 €"
    }
   ]
  },
  {
   "product": "Koorene juust viilutatud, E-PIIM, 150 g",
   "url": "https://www.selver.ee/koorene-juust-viilutatud-e-piim-150-g",
   "hind": [
    {
     "hind": "1,39 €"
    }
   ]
  },
  {
   "product": "Valge juust päikesekuivatatud tomatitega, APETINA, 100 g",
   "url": "https://www.selver.ee/valge-juust-paikesekuivatatud-tomatitega-arla-apetina-100-g",
   "hind": [
    {
     "hind": "1,99 €"
    }
   ]
  },
  {
   "product": "Rohe juust, E-PIIM, 150 g",
   "url": "https://www.selver.ee/rohe-juust-e-piim-150-g",
   "hind": [
    {
     "hind": "1,69 €"
    }
   ]
  },
  {
   "product": "Harmony viilujuust, HARMONY, 150 g",
   "url": "https://www.selver.ee/harmony-viilujuust-harmony-150-g",
   "hind": [
    {
     "hind": "1,59 €"
    }
   ]
  },
  {
   "product": "Juust Atleet Light, VALIO, 200 g",
   "url": "https://www.selver.ee/juust-atleet-light-valio-200-g",
   "hind": [
    {
     "hind": "1,79 €"
    }
   ]
  },
  {
   "product": "Juust Old Saare 29%, SAAREMAA, 300 g",
   "url": "https://www.selver.ee/juust-old-saare-29-saaremaa-300-g",
   "hind": [
    {
     "hind": "3,79 €"
    }
   ]
  },
  {
   "product": "Toorjuust ananassi ja mandliga, CASTELLO, 125 g",
   "url": "https://www.selver.ee/pehme-juust-ananassi-ja-mandliga-castello-125-g",
   "hind": [
    {
     "hind": "2,59 €"
    }
   ]
  },
  {
   "product": "Valgehallitusjuust Danish Camembert, CASTELLO, 125 g",
   "url": "https://www.selver.ee/valgehallitusjuust-danish-camembert-castello-125-g",
   "hind": [
    {
     "hind": "2,79 €"
    }
   ]
  },
  {
   "product": "Juust Atleet Light 15% viilut., VALIO, 150 g",
   "url": "https://www.selver.ee/juust-atleet-light-15-viilut-valio-150-g",
   "hind": [
    {
     "hind": "1,49 €"
    }
   ]
  },
  {
   "product": "Juustu ürdisnäkk, FARMI, 200 g",
   "url": "https://www.selver.ee/juustu-urdisnakk-farmi-200-g",
   "hind": [
    {
     "hind": "2,39 €"
    }
   ]
  },
  {
   "product": "Mozzarella riivitud, GOLDSTEIG, 200 g",
   "url": "https://www.selver.ee/mozzarella-riivitud-goldsteig-200-g",
   "hind": [
    {
     "hind": "2,49 €"
    }
   ]
  },
  {
   "product": "Toorjuust tomati ja basiilikuga, PIIMAMEISTER OTTO, 140 g",
   "url": "https://www.selver.ee/toorjuust-tomati-ja-basiilikuga-piimameister-otto-140-g",
   "hind": [
    {
     "hind": "1,19 €"
    }
   ]
  },
  {
   "product": "Valgehallitusjuust Brie, KÄSEREI, 125 g",
   "url": "https://www.selver.ee/valgehallitusjuust-brie-kaserei-125-g",
   "hind": [
    {
     "hind": "2,99 €"
    }
   ]
  },
  {
   "product": "Grill- ja praejuust, MO SAAREMAA, 200 g",
   "url": "https://www.selver.ee/grill-ja-praejuust-mo-saaremaa-200-g",
   "hind": [
    {
     "hind": "2,49 €"
    }
   ]
  },
  {
   "product": "Pehme valge juustu kuubikud Classic, APETINA, 200 g",
   "url": "https://www.selver.ee/pehme-valge-juustu-kuubikud-classic-arla-apetina-200-g",
   "hind": [
    {
     "hind": "3,99 €"
    }
   ]
  },
  {
   "product": "Kadaka juust küüslauguga, SAAREMAA, 150 g",
   "url": "https://www.selver.ee/kadaka-juust-kuuslauguga-saaremaa-150-g",
   "hind": [
    {
     "hind": "1,59 €"
    }
   ]
  },
  {
   "product": "Lepasuitsu Eesti juust, E-PIIM, 370 g",
   "url": "https://www.selver.ee/lepasuitsu-eesti-juust-e-piim-370-g",
   "hind": [
    {
     "hind": "3,99 €"
    }
   ]
  },
  {
   "product": "Määrdekreem küüslauguga, CREME BONJOUR, 100 g",
   "url": "https://www.selver.ee/maardekreem-kuuslauguga-creme-bonjour-100-g",
   "hind": [
    {
     "hind": "1,29 €"
    }
   ]
  },
  {
   "product": "Valgehallitusjuust Brie, PAYSAN BRETON, 180 g",
   "url": "https://www.selver.ee/valgehallitusjuust-brie-paysan-breton-180-g",
   "hind": [
    {
     "hind": "2,99 €"
    }
   ]
  },
  {
   "product": "Hollandi Leibjuust 25,2% viilutatud, ESTOVER, 300 g",
   "url": "https://www.selver.ee/hollandi-leibjuust-25-2-viilutatud-estover-300-g",
   "hind": [
    {
     "hind": "2,69 €"
    }
   ]
  },
  {
   "product": "Sulatatud suitsujuust singiga, E-PIIM, 200g",
   "url": "https://www.selver.ee/suitsusauna-suitsujust-singiga-e-piim-200g",
   "hind": [
    {
     "hind": "1,89 €"
    }
   ]
  },
  {
   "product": "Toorjuust Gorgonzola, MIREE, 150 g",
   "url": "https://www.selver.ee/toorjuust-gorgonzola-miree-150-g",
   "hind": [
    {
     "hind": "1,59 €"
    }
   ]
  },
  {
   "product": "BabyBel juusturattakesed, LAUGHING COW, 80 g",
   "url": "https://www.selver.ee/babybel-juusturattakesed-laughing-cow-80-g",
   "hind": [
    {
     "hind": "2,29 €"
    }
   ]
  },
  {
   "product": "Mozzarella juust light, GOLDSTEIG, 125 g",
   "url": "https://www.selver.ee/mozzarella-juust-light-goldsteig-125-g",
   "hind": [
    {
     "hind": "1,29 €"
    }
   ]
  },
  {
   "product": "Määrdekreem kukeseenega, CREME BONJOUR, 100 g",
   "url": "https://www.selver.ee/maardekreem-kukeseenega-creme-bonjour-100-g",
   "hind": [
    {
     "hind": "1,29 €"
    }
   ]
  },
  {
   "product": "Kitsepiimajuust Chavroux, PUR CHEVRE, 150 g",
   "url": "https://www.selver.ee/kitsepiimajuust-chavroux-pur-chevre-150-g",
   "hind": [
    {
     "hind": "3,99 €"
    }
   ]
  },
  {
   "product": "Viilujuust täispiimast, ALMA, 150 g",
   "url": "https://www.selver.ee/viilujuust-taispiimast-alma-150-g",
   "hind": [
    {
     "hind": "1,49 €"
    }
   ]
  },
  {
   "product": "Juust Juku 10%, SAAREMAA, 300 g",
   "url": "https://www.selver.ee/juust-juku-10-saaremaa-300-g",
   "hind": [
    {
     "hind": "2,39 €"
    }
   ]
  },
  {
   "product": "Gouda Karulauguga, NOPRI, 250 g",
   "url": "https://www.selver.ee/gouda-karulauguga-nopri-250-g",
   "hind": [
    {
     "hind": "3,99 €"
    }
   ]
  },
  {
   "product": "Salatijuust kitsepiimast, OLYMPUS, 150g",
   "url": "https://www.selver.ee/salatijuust-kitsepiimast-olympus-150g",
   "hind": [
    {
     "hind": "1,89 €"
    }
   ]
  },
  {
   "product": "Salatijuust Blancello, RÜCKER, 200 g",
   "url": "https://www.selver.ee/juust-blancello-rucker-200-g",
   "hind": [
    {
     "hind": "1,59 €"
    }
   ]
  },
  {
   "product": "Praejuust Nopri, NOPRI, 200 g",
   "url": "https://www.selver.ee/praejuust-nopri-nopri-200-g",
   "hind": [
    {
     "hind": "2,99 €"
    }
   ]
  },
  {
   "product": "Määrdekreem mädarõikaga, CREME BONJOUR, 100 g",
   "url": "https://www.selver.ee/maardekreem-madaroikaga-creme-bonjour-100-g",
   "hind": [
    {
     "hind": "1,29 €"
    }
   ]
  },
  {
   "product": "Suitsutatud juustupallid, DELIKATESS, 100g",
   "url": "https://www.selver.ee/suitsutatud-juustupallid-delikatess-100g",
   "hind": [
    {
     "hind": "1,99 €"
    }
   ]
  },
  {
   "product": "Kitsepiimajuust Merci Chef, MERCI CHEF, 110 g",
   "url": "https://www.selver.ee/kitsepiimajuust-merci-chef-merci-chef-110-g",
   "hind": [
    {
     "hind": "2,79 €"
    }
   ]
  },
  {
   "product": "Sulatatud juust suitsujuustuga, HIIRTE JUUST, 200 g",
   "url": "https://www.selver.ee/sulatatud-juust-suitsujuustuga-hiirte-juust-200-g",
   "hind": [
    {
     "hind": "1,19 €"
    }
   ]
  },
  {
   "product": "Krõbe juustuamps, DELIKATESS, 55 g",
   "url": "https://www.selver.ee/krobe-juustuamps-delikatess-55-g",
   "hind": [
    {
     "hind": "2,79 €"
    }
   ]
  },
  {
   "product": "Juust Saare, SAAREMAA, 500 g",
   "url": "https://www.selver.ee/juust-saare-saaremaa-500-g",
   "hind": [
    {
     "hind": "3,69 €"
    }
   ]
  },
  {
   "product": "Valgehallitusjuust Brie küüslauguga, PRESIDENT, 125 g",
   "url": "https://www.selver.ee/valgehallitusjuust-brie-kuuslauguga-president-125-g",
   "hind": [
    {
     "hind": "2,09 €"
    }
   ]
  },
  {
   "product": "Salatijuust, OLYMPUS, 150g",
   "url": "https://www.selver.ee/salatijuust-olympus-150g",
   "hind": [
    {
     "hind": "1,59 €"
    }
   ]
  },
  {
   "product": "Sinepiseemne Gouda, NOPRI, 250 g",
   "url": "https://www.selver.ee/sinepiseemne-gouda-nopri-250-g",
   "hind": [
    {
     "hind": "3,99 €"
    }
   ]
  },
  {
   "product": "Valgehallitusjuust Camembert, MERCI CHEF, 125 g",
   "url": "https://www.selver.ee/valgehallitusjuust-camembert-merci-chef-125-g",
   "hind": [
    {
     "hind": "1,49 €"
    }
   ]
  },
  {
   "product": "Sulatatud juust suitsusingiga, HIIRTE JUUST, 200 g",
   "url": "https://www.selver.ee/sulatatud-juust-suitsusingiga-hiirte-juust-200-g",
   "hind": [
    {
     "hind": "1,19 €"
    }
   ]
  },
  {
   "product": "Juust, laktoosivaba viilutatud, HIIRTE JUUST, 350g",
   "url": "https://www.selver.ee/juust-laktoosivaba-viilutatud-hiirte-juust-350g",
   "hind": [
    {
     "hind": "3,59 €"
    }
   ]
  },
  {
   "product": "Toorjuust Mascarpone, EUROSER, 500 g",
   "url": "https://www.selver.ee/toorjuust-mascarpone-euroser-500-g",
   "hind": [
    {
     "hind": "4,99 €"
    }
   ]
  },
  {
   "product": "Valgehallitusjuust kitsepiimast, ANDRI-PEEDO, 125 g",
   "url": "https://www.selver.ee/valgehallitusjuust-kitsepiimast-andri-peedo-125-g",
   "hind": [
    {
     "hind": "3,99 €"
    }
   ]
  },
  {
   "product": "Suitsutatud Kadaka juust, SAAREMAA, 500 g",
   "url": "https://www.selver.ee/suitsutatud-kadaka-juust-saaremaa-500-g",
   "hind": [
    {
     "hind": "4,19 €"
    }
   ]
  },
  {
   "product": "Juustu täidisega roheline pepperoni, KAPPA ANTIPASTI, 250 g",
   "url": "https://www.selver.ee/juustu-taidisega-roheline-pepperoni-kappa-antipasti-250-g",
   "hind": [
    {
     "hind": "3,59 €"
    }
   ]
  },
  {
   "product": "Toorjuust peekoniga, FARMI, 150 g",
   "url": "https://www.selver.ee/toorjuust-peekoniga-farmi-150-g",
   "hind": [
    {
     "hind": "1,69 €"
    }
   ]
  },
  {
   "product": "Viilujuust täispiimast, ALMA, 500 g",
   "url": "https://www.selver.ee/viilujuust-taispiimast-alma-500-g",
   "hind": [
    {
     "hind": "4,49 €"
    }
   ]
  },
  {
   "product": "Meze grilljuust, OLYMPUS, 200 g",
   "url": "https://www.selver.ee/meze-grilljuust-olympus-200-g",
   "hind": [
    {
     "hind": "2,99 €"
    }
   ]
  },
  {
   "product": "Juust Fitaki maitserohelisega, KÄSEREI, 300 g",
   "url": "https://www.selver.ee/juust-fitaki-maitserohelisega-kaserei-300-g",
   "hind": [
    {
     "hind": "3,99 €"
    }
   ]
  },
  {
   "product": "Camembert Grill 2x90g, PRESIDENT, 180 g",
   "url": "https://www.selver.ee/camembert-grill-2x90g-president-180-g",
   "hind": [
    {
     "hind": "2,99 €"
    }
   ]
  },
  {
   "product": "Toorjuust krevettidega, FARMI, 150 g",
   "url": "https://www.selver.ee/toorjuust-krevettidega-farmi-150-g-1",
   "hind": [
    {
     "hind": "1,69 €"
    }
   ]
  },
  {
   "product": "Pehme juust, LA GALETTE, 175 g",
   "url": "https://www.selver.ee/pehme-juust-la-galette-175-g",
   "hind": [
    {
     "hind": "3,79 €"
    }
   ]
  },
  {
   "product": "Juust Atleet Kuldne viilutatud, VALIO, 500 g",
   "url": "https://www.selver.ee/juust-atleet-kuldne-viilutatud-valio-500-g",
   "hind": [
    {
     "hind": "4,49 €"
    }
   ]
  },
  {
   "product": "Grilljuust Grilloumi Original, FONTANA, 200 g",
   "url": "https://www.selver.ee/grilljuust-grilloumi-original-fontana-200-g",
   "hind": [
    {
     "hind": "3,49 €"
    }
   ]
  },
  {
   "product": "Küpsetusjuust NaTurek Nuggets, NATUREK, 188g",
   "url": "https://www.selver.ee/kupsetusjuust-naturek-nuggets-naturek-188g",
   "hind": [
    {
     "hind": "3,99 €"
    }
   ]
  },
  {
   "product": "Kitsejuust Capricho, VEGA GOURMET, 145 g",
   "url": "https://www.selver.ee/kitsejuust-capricho-vega-gourmet-145-g",
   "hind": [
    {
     "hind": "2,59 €"
    }
   ]
  },
  {
   "product": "Parmigiano reggiano KPN, GRANAROLO, 200 g",
   "url": "https://www.selver.ee/parmigiano-reggiano-kpn-granarolo-200-g",
   "hind": [
    {
     "hind": "6,59 €"
    }
   ]
  },
  {
   "product": "Salatijuust, VALIO EILA, 180 g",
   "url": "https://www.selver.ee/salatijuust-valio-eila-180-g",
   "hind": [
    {
     "hind": "2,99 €"
    }
   ]
  },
  {
   "product": "Gouda Ürtidega, NOPRI, 250 g",
   "url": "https://www.selver.ee/gouda-urtidega-nopri-250-g",
   "hind": [
    {
     "hind": "4,99 €"
    }
   ]
  },
  {
   "product": "Grana padano, GRANAROLO, 200 g",
   "url": "https://www.selver.ee/grana-padano-granarolo-200-g",
   "hind": [
    {
     "hind": "4,99 €"
    }
   ]
  },
  {
   "product": "Lehmapiimajuust kreeka pähkliga, DELINE, 150 g",
   "url": "https://www.selver.ee/lehmapiimajuust-kreeka-pahkliga-deline-150-g",
   "hind": [
    {
     "hind": "2,79 €"
    }
   ]
  },
  {
   "product": "Valgehallitusjuust Merci Chef, MERCI CHEF, 240 g",
   "url": "https://www.selver.ee/valgehallitusjuust-merci-chef-merci-chef-240-g",
   "hind": [
    {
     "hind": "2,39 €"
    }
   ]
  },
  {
   "product": "Kõvajuust, 40% , 24k, DZIUGAS, 180 g",
   "url": "https://www.selver.ee/kovajuust-40-24k-dziugas-180-g",
   "hind": [
    {
     "hind": "3,99 €"
    }
   ]
  },
  {
   "product": "Kadaka mahejuust, viilutatud, SAAREMAA, 150 g",
   "url": "https://www.selver.ee/kadaka-mahejuust-viilutatud-saaremaa-150-g",
   "hind": [
    {
     "hind": "1,99 €"
    }
   ]
  },
  {
   "product": "Salatijuust lambapiimast, OLYMPUS, 150g",
   "url": "https://www.selver.ee/salatijuust-lambapiimast-olympus-150g",
   "hind": [
    {
     "hind": "1,89 €"
    }
   ]
  },
  {
   "product": "Valgehallitusjuust Brie sinihallitusjuustuga, ILE DE FRANCE, 125 g",
   "url": "https://www.selver.ee/valgehallitusjuust-brie-sinihallitusjuustuga-ile-de-france-125-g",
   "hind": [
    {
     "hind": "4,99 €"
    }
   ]
  },
  {
   "product": "Toorjuust kitsepiimast, MERCI CHEF, 140 g",
   "url": "https://www.selver.ee/toorjuust-kitsepiimast-merci-chef-140-g",
   "hind": [
    {
     "hind": "2,49 €"
    }
   ]
  },
  {
   "product": "Juust Halloumi, DODONI, 225 g",
   "url": "https://www.selver.ee/juust-halloumi-dodoni-225-g",
   "hind": [
    {
     "hind": "5,99 €"
    }
   ]
  },
  {
   "product": "Sibula-küüslaugu Gouda, NOPRI, 250 g",
   "url": "https://www.selver.ee/sibula-kuuslaugu-gouda-nopri-250-g",
   "hind": [
    {
     "hind": "3,99 €"
    }
   ]
  },
  {
   "product": "Valgehallitusjuust Camembert Paysan Breton, LAITA, 250 g",
   "url": "https://www.selver.ee/valgehallitusjuust-camembert-du-chanoine-laita-250-g",
   "hind": [
    {
     "hind": "3,99 €"
    }
   ]
  },
  {
   "product": "Kõvajuust Piquant, DZIUGAS, 180 g",
   "url": "https://www.selver.ee/kovajuust-piquant-dziugas-180-g",
   "hind": [
    {
     "hind": "3,49 €"
    }
   ]
  },
  {
   "product": "Juust Fitaki oliividega, KÄSEREI, 300 g",
   "url": "https://www.selver.ee/juust-fitaki-oliividega-kaserei-300-g",
   "hind": [
    {
     "hind": "3,99 €"
    }
   ]
  },
  {
   "product": "HULGI Sulajuust 5tk, SELVER, 5 x 150 g",
   "url": "https://www.selver.ee/hulgi-sulajuust-5tk-selver-5-x-150-g",
   "hind": [
    {
     "hind": "2,75 €"
    }
   ]
  },
  {
   "product": "Pecorino romano, GRANAROLO, 170 g",
   "url": "https://www.selver.ee/pecorino-romano-granarolo-170-g",
   "hind": [
    {
     "hind": "4,99 €"
    }
   ]
  },
  {
   "product": "Gorgonzola DOP, FORMAGIA, 100 g",
   "url": "https://www.selver.ee/gorgonzola-dop-formagia-100-g",
   "hind": [
    {
     "hind": "1,89 €"
    }
   ]
  },
  {
   "product": "Kitse- ja lehmapiima Gouda, NOPRI, 200 g",
   "url": "https://www.selver.ee/kitse-ja-lehmapiima-gouda-nopri-200-g",
   "hind": [
    {
     "hind": "3,99 €"
    }
   ]
  },
  {
   "product": "Juust Classic , ANDRE FARM, kg",
   "url": "https://www.selver.ee/andre-classic-andre-farm-kg",
   "hind": [
    {
     "hind": "11,99 €"
    }
   ]
  },
  {
   "product": "Nopri Kitsejuust 26%, NOPRI, 200 g",
   "url": "https://www.selver.ee/nopri-kitsejuust-26-nopri-200-g",
   "hind": [
    {
     "hind": "5,99 €"
    }
   ]
  },
  {
   "product": "Sinihallitusjuust Aura, VALIO, 170 g",
   "url": "https://www.selver.ee/sinihallitusjuust-aura-valio-170-g",
   "hind": [
    {
     "hind": "3,29 €"
    }
   ]
  },
  {
   "product": "Riivjuust, ITALIANA FORMAGGI, 80 g",
   "url": "https://www.selver.ee/riivjuust-italiana-formaggi-80-g",
   "hind": [
    {
     "hind": "1,99 €"
    }
   ]
  },
  {
   "product": "Juust Cheddar laimi ja tšilliga, SOMERDALE, 190g",
   "url": "https://www.selver.ee/juust-cheddar-laimi-ja-tsilliga-somerdale-190g",
   "hind": [
    {
     "hind": "4,49 €"
    }
   ]
  },
  {
   "product": "Juust Grand 3 kuud, ANDRE FARM, kg",
   "url": "https://www.selver.ee/andre-grand-3-kuud-andre-farm-kg",
   "hind": [
    {
     "hind": "13,99 €"
    }
   ]
  },
  {
   "product": "Kõvajuust Gold 36 kuud, DZIUGAS, 180 g",
   "url": "https://www.selver.ee/kovajuust-gold-36-kuud-dziugas-180-g",
   "hind": [
    {
     "hind": "4,49 €"
    }
   ]
  },
  {
   "product": "Bontazola Gorgonzola (kreemine), MAURI, 200 g",
   "url": "https://www.selver.ee/bontazola-gorgonzola-kreemine-mauri-200-g",
   "hind": [
    {
     "hind": "4,99 €"
    }
   ]
  },
  {
   "product": "Kõvajuust 26%, VALIO FORTE, kg",
   "url": "https://www.selver.ee/kovajuust-26-valio-forte-kg",
   "hind": [
    {
     "hind": "12,99 €"
    }
   ]
  },
  {
   "product": "Juust Cheddar musta pipraga, SOMERDALE, 190g",
   "url": "https://www.selver.ee/juust-cheddar-musta-pipraga-somerdale-190g",
   "hind": [
    {
     "hind": "4,49 €"
    }
   ]
  },
  {
   "product": "Kitsejuust viigimarjadega, CHAVROUX, 150 g",
   "url": "https://www.selver.ee/kitsejuust-viigimarjadega-chavroux-150-g",
   "hind": [
    {
     "hind": "3,99 €"
    }
   ]
  },
  {
   "product": "Sinihallitusjuust Roquefort, SOCIETE, 100 g",
   "url": "https://www.selver.ee/sinihallitusjuust-roquefort-societe-100-g",
   "hind": [
    {
     "hind": "4,29 €"
    }
   ]
  },
  {
   "product": "Juust köömnetega, SAIDA FARM, kg",
   "url": "https://www.selver.ee/juust-koomnetega-saida-farm-kg",
   "hind": [
    {
     "hind": "7,79 €"
    }
   ]
  },
  {
   "product": "Juust Mini, ANDRE FARM, kg",
   "url": "https://www.selver.ee/andre-mini-andre-farm-kg",
   "hind": [
    {
     "hind": "13,99 €"
    }
   ]
  },
  {
   "product": "Kitsejuust Capricho mini ürtidega, VEGA GOURMET, 145 g",
   "url": "https://www.selver.ee/kitsejuust-capricho-mini-urtidega-vega-gourmet-145-g",
   "hind": [
    {
     "hind": "2,79 €"
    }
   ]
  },
  {
   "product": "Juust, SAIDA FARM, kg",
   "url": "https://www.selver.ee/juust-saida-farm-kg",
   "hind": [
    {
     "hind": "7,79 €"
    }
   ]
  },
  {
   "product": "Suitsutatud scamorza juust, GRANAROLO, 250g",
   "url": "https://www.selver.ee/suitsutatud-scamorza-juust-granarolo-250g",
   "hind": [
    {
     "hind": "2,79 €"
    }
   ]
  },
  {
   "product": "Juust Prima, ANDRE FARM, kg",
   "url": "https://www.selver.ee/andre-eriline-andre-farm-kg",
   "hind": [
    {
     "hind": "16,99 €"
    }
   ]
  },
  {
   "product": "Kitsejuust Capricho mini pipraga, VEGA GOURMET, 145 g",
   "url": "https://www.selver.ee/kitsejuust-capricho-mini-pipraga-vega-gourmet-145-g",
   "hind": [
    {
     "hind": "2,99 €"
    }
   ]
  },
  {
   "product": "Külmkuivatatud Juustu Krõps tilli ja küüslaugu, SAIDAFARM, 40g",
   "url": "https://www.selver.ee/kulmkuivatatud-juustu-krops-tilli-ja-kuuslaugu-saidafarm-40g",
   "hind": [
    {
     "hind": "2,79 €"
    }
   ]
  },
  {
   "product": "Mini valgehallitusjuust, ILE DE FRANCE, 125 g",
   "url": "https://www.selver.ee/mini-valgehallitusjuust-ile-de-france-125-g",
   "hind": [
    {
     "hind": "4,49 €"
    }
   ]
  },
  {
   "product": "Külmkuivatatud Juustu Krõps köömnetega, SAIDAFARM, 40g",
   "url": "https://www.selver.ee/kulmkuivatatud-juustu-krops-koomnetega-saidafarm-40g",
   "hind": [
    {
     "hind": "2,79 €"
    }
   ]
  },
  {
   "product": "Grilljuust tšilliga, NOPRI, 200g",
   "url": "https://www.selver.ee/grilljuust-tsilliga-nopri-200g",
   "hind": [
    {
     "hind": "3,49 €"
    }
   ]
  },
  {
   "product": "Juustu kinkekomplekt, NOPRI, 800 g",
   "url": "https://www.selver.ee/juustu-kinkekomplekt-nopri-800-g",
   "hind": [
    {
     "hind": "24,99 €"
    }
   ]
  },
  {
   "product": "Külmkuivatatud Juustu Krõps, SAIDAFARM, 40g",
   "url": "https://www.selver.ee/kulmkuivatatud-juustu-krops-saidafarm-40g",
   "hind": [
    {
     "hind": "2,79 €"
    }
   ]
  },
  {
   "product": "St Maure kitsepiimajuust, PRESIDENT,",
   "url": "https://www.selver.ee/st-maure-kitsepiimajuust-president",
   "hind": [
    {
     "hind": "4,39 €"
    }
   ]
  },
  {
   "product": "Hollandi Leibjuust viilud 25,2% 2tk, ESTOVER, 2*300 g",
   "url": "https://www.selver.ee/juust-kuldne-viilud-3tk-valio-3-150-g",
   "hind": [
    {
     "hind": "5,18 €"
    }
   ]
  },
  {
   "product": "Külmkuivatatud Juustu Krõps tilli ja küüslaugu, SAIDAFARM, 90g",
   "url": "https://www.selver.ee/kulmkuivatatud-juustu-krops-tilli-ja-kuuslaugu-saidafarm-90g",
   "hind": [
    {
     "hind": "5,69 €"
    }
   ]
  },
  {
   "product": "Gouda Rosmariin, NOPRI, 250g",
   "url": "https://www.selver.ee/gouda-rosmariin-nopri-250g",
   "hind": [
    {
     "hind": "4,59 €"
    }
   ]
  },
  {
   "product": "Külmkuivatatud Juustu Krõps, SAIDAFARM, 90g",
   "url": "https://www.selver.ee/kulmkuivatatud-juustu-krops-saidafarm-90g",
   "hind": [
    {
     "hind": "5,69 €"
    }
   ]
  },
  {
   "product": "Külmkuivatatud Juustu Krõps köömnetega, SAIDAFARM, 90g",
   "url": "https://www.selver.ee/kulmkuivatatud-juustu-krops-koomnetega-saidafarm-90g",
   "hind": [
    {
     "hind": "5,69 €"
    }
   ]
  },
  {
   "product": "Viilujuust Eesti, VALIO ATLEET,",
   "url": "https://www.selver.ee/viilujuust-eesti-valio-atleet",
   "hind": [
    {
     "hind": "4,49 €"
    }
   ]
  },
  {
   "product": "Sinihallitusjuust, SAINT AGUR, 125 g",
   "url": "https://www.selver.ee/sinihallitusjuust-saint-agur-125-g",
   "hind": [
    {
     "hind": "4,99 €"
    }
   ]
  }
 ]
}