{
 "name": "Kastmed, õlid",
 "info": [
  {
   "product": "Original majonees, HELLMANN'S, 420 ml",
   "url": "https://www.selver.ee/original-majonees-hellmann-s-420-ml",
   "hind": [
    {
     "hind": "2,39 €"
    }
   ]
  },
  {
   "product": "Majonees Provansaal, TARPLAN, 410 g",
   "url": "https://www.selver.ee/majonees-provansaal-tarplan-410-g",
   "hind": [
    {
     "hind": "1,09 €"
    }
   ]
  },
  {
   "product": "Sinep Põltsamaa Kange, PÕLTSAMAA, 65 g",
   "url": "https://www.selver.ee/sinep-poltsamaa-kange-poltsamaa-65-g",
   "hind": [
    {
     "hind": "0,89 €"
    }
   ]
  },
  {
   "product": "Rapsiõli Olivia, OLIVIA, 1 l",
   "url": "https://www.selver.ee/rapsioli-olivia-olivia-1-l",
   "hind": [
    {
     "hind": "2,19 €"
    }
   ]
  },
  {
   "product": "Tomatiketšup, FELIX, 1 kg",
   "url": "https://www.selver.ee/tomatiketsup-felix-1-kg",
   "hind": [
    {
     "hind": "2,79 €"
    }
   ]
  },
  {
   "product": "Majonees Original, HELLMANN'S, 880 ml",
   "url": "https://www.selver.ee/majonees-original-hellmann-s-880-ml",
   "hind": [
    {
     "hind": "4,59 €"
    }
   ]
  },
  {
   "product": "Tomatipasta tomatera, MELISSA PRIMO GUSTO, 500 g",
   "url": "https://www.selver.ee/tomatipasta-tomatera-melissa-primo-gusto-500-g",
   "hind": [
    {
     "hind": "0,79 €"
    }
   ]
  },
  {
   "product": "Majonees Provansaal, TARPLAN, 900 g",
   "url": "https://www.selver.ee/majonees-provansaal-tarplan-900-g",
   "hind": [
    {
     "hind": "2,49 €"
    }
   ]
  },
  {
   "product": "Majonees Provansaal, LEMMIK, 700 g",
   "url": "https://www.selver.ee/majonees-provansaal-lemmik-700-ml",
   "hind": [
    {
     "hind": "1,89 €"
    }
   ]
  },
  {
   "product": "Dipikaste Dipp-Tops küüslaugu, TERE, 200 g",
   "url": "https://www.selver.ee/dipikaste-dipp-tops-kuuslaugu-tere-200-g",
   "hind": [
    {
     "hind": "1,39 €"
    }
   ]
  },
  {
   "product": "Tomatiketšup, FELIX, 500 g",
   "url": "https://www.selver.ee/tomatiketsup-felix-500-g",
   "hind": [
    {
     "hind": "1,79 €"
    }
   ]
  },
  {
   "product": "Ketšup original, HEINZ, 460 g",
   "url": "https://www.selver.ee/ketsup-original-heinz-460-g",
   "hind": [
    {
     "hind": "1,99 €"
    }
   ]
  },
  {
   "product": "Original Ketšup, HEINZ, 700 g",
   "url": "https://www.selver.ee/original-ketsup-heinz-700-g",
   "hind": [
    {
     "hind": "2,69 €"
    }
   ]
  },
  {
   "product": "Dipikaste aiaürtidega 19,4%, FARMI, 200 g",
   "url": "https://www.selver.ee/dipikaste-aiaurtidega-19-4-farmi-200-g",
   "hind": [
    {
     "hind": "1,49 €"
    }
   ]
  },
  {
   "product": "Tomatipüree Tomacouli, PANZANI, 200 g",
   "url": "https://www.selver.ee/tomatipuree-tomacouli-panzani-200-g",
   "hind": [
    {
     "hind": "0,79 €"
    }
   ]
  },
  {
   "product": "Klassikaline provansaal majonees, LEMMIK, 210 g",
   "url": "https://www.selver.ee/klassikaline-provansaal-majonees-lemmik-210-g",
   "hind": [
    {
     "hind": "0,49 €"
    }
   ]
  },
  {
   "product": "Majonees Provansaal Lemmik, LEMMIK, 405 g",
   "url": "https://www.selver.ee/majonees-provansaal-lemmik-lemmik-405-ml",
   "hind": [
    {
     "hind": "1,09 €"
    }
   ]
  },
  {
   "product": "Provansaal majonees 50%, TARPLAN, 430 g",
   "url": "https://www.selver.ee/provansaal-majonees-50-tarplan-430-g",
   "hind": [
    {
     "hind": "1,19 €"
    }
   ]
  },
  {
   "product": "Tomatipasta Pomi, POMI, 500 g",
   "url": "https://www.selver.ee/tomatipasta-pomi-pomi-500-g",
   "hind": [
    {
     "hind": "1,19 €"
    }
   ]
  },
  {
   "product": "Dipikaste Dipp-tops maitseroh., TERE, 200 g",
   "url": "https://www.selver.ee/dipikaste-dipp-tops-maitseroh-tere-200-g",
   "hind": [
    {
     "hind": "1,39 €"
    }
   ]
  },
  {
   "product": "Kerge majonees, SALVEST, 430g",
   "url": "https://www.selver.ee/kerge-majonees-salvest-430g",
   "hind": [
    {
     "hind": "1,59 €"
    }
   ]
  },
  {
   "product": "Rapsiõli Olivia, OLIVIA, 500 ml",
   "url": "https://www.selver.ee/rapsioli-olivia-olivia-500-ml",
   "hind": [
    {
     "hind": "1,39 €"
    }
   ]
  },
  {
   "product": "Majonees Vegan, TARPLAN, 210 g",
   "url": "https://www.selver.ee/majonees-vegan-tarplan-210-g",
   "hind": [
    {
     "hind": "0,79 €"
    }
   ]
  },
  {
   "product": "Tomatipasta Mediterranean, MELISSA PRIMO GUSTO, 500 g",
   "url": "https://www.selver.ee/tomatipasta-mediterranean-melissa-primo-gusto-500-g",
   "hind": [
    {
     "hind": "0,89 €"
    }
   ]
  },
  {
   "product": "Majonees Peakoka, TARPLAN, 410 g",
   "url": "https://www.selver.ee/majonees-peakoka-tarplan-410-g",
   "hind": [
    {
     "hind": "1,39 €"
    }
   ]
  },
  {
   "product": "Tomatipasta, SALVEST, 300 g",
   "url": "https://www.selver.ee/tomatipasta-salvest-300-g",
   "hind": [
    {
     "hind": "1,19 €"
    }
   ]
  },
  {
   "product": "Dipikaste Vene DIP! küüslaugu, murulaugu, sibula, ALMA, 200 g",
   "url": "https://www.selver.ee/dipikaste-vene-dip-kuuslaugu-murulaugu-sibula-alma-200-g",
   "hind": [
    {
     "hind": "1,39 €"
    }
   ]
  },
  {
   "product": "Majonees Provansaal Premium, TARPLAN, 210 g",
   "url": "https://www.selver.ee/majonees-provansaal-premium-tarplan-210-g",
   "hind": [
    {
     "hind": "0,89 €"
    }
   ]
  },
  {
   "product": "Pitsa ja pasta kaste, POMI, 500 g",
   "url": "https://www.selver.ee/pitsa-ja-pasta-kaste-pomi-500-g",
   "hind": [
    {
     "hind": "1,79 €"
    }
   ]
  },
  {
   "product": "Söögiäädikas, 1 l",
   "url": "https://www.selver.ee/soogiaadikas-1-l",
   "hind": [
    {
     "hind": "1,69 €"
    }
   ]
  },
  {
   "product": "Bolognese kaste, FELIX, 490 g",
   "url": "https://www.selver.ee/bolognese-kaste-felix-490-g",
   "hind": [
    {
     "hind": "1,99 €"
    }
   ]
  },
  {
   "product": "Söögiäädikas 30%, SFINX-E, 300 ml",
   "url": "https://www.selver.ee/soogiaadikas-30-sfinx-e-300-ml",
   "hind": [
    {
     "hind": "0,39 €"
    }
   ]
  },
  {
   "product": "Mee ja sinepi salatikaste, FELIX, 375 g",
   "url": "https://www.selver.ee/mee-ja-sinepi-salatikaste-felix-375-g",
   "hind": [
    {
     "hind": "1,99 €"
    }
   ]
  },
  {
   "product": "Oliiviõli rafineeritud ja neitsioliiviõlist Light, BORGES, 500 ml",
   "url": "https://www.selver.ee/oliivioli-rafin-ja-neitsioliivol-borges-500-ml-1",
   "hind": [
    {
     "hind": "5,99 €"
    }
   ]
  },
  {
   "product": "Oliiviõli rafineeritud ja neitsioliivõlist Extra Light, BORGES, 1 l",
   "url": "https://www.selver.ee/oliivioli-extra-light-borges-1-l",
   "hind": [
    {
     "hind": "9,99 €"
    }
   ]
  },
  {
   "product": "Juustudipp Cheddari, MEREVAIK,",
   "url": "https://www.selver.ee/juustudipp-cheddari-merevaik",
   "hind": [
    {
     "hind": "1,69 €"
    }
   ]
  },
  {
   "product": "Majonees Kerge, FELIX, 880 g",
   "url": "https://www.selver.ee/majonees-kerge-felix-880-g",
   "hind": [
    {
     "hind": "2,49 €"
    }
   ]
  },
  {
   "product": "Tomatipasta ürtidega, SALVEST, 300 g",
   "url": "https://www.selver.ee/tomatipasta-urtidega-salvest-300-g",
   "hind": [
    {
     "hind": "0,99 €"
    }
   ]
  },
  {
   "product": "Rapsiõli, Amphora, 1 l",
   "url": "https://www.selver.ee/rapsioli-risso-1-l",
   "hind": [
    {
     "hind": "2,89 €"
    }
   ]
  },
  {
   "product": "Mädarõigas kodune, FELIX, 220 g",
   "url": "https://www.selver.ee/madaroigas-kodune-felix-220-g",
   "hind": [
    {
     "hind": "1,39 €"
    }
   ]
  },
  {
   "product": "Päevalilleõli 1l Olivia, OLIVIA, 1 L",
   "url": "https://www.selver.ee/paevalilleoli-1l-olivia-olivia-1-l",
   "hind": [
    {
     "hind": "2,29 €"
    }
   ]
  },
  {
   "product": "Sweet-Sour ananassiga, UNCLE BEN'S, 400 g",
   "url": "https://www.selver.ee/sweet-sour-ananassiga-uncle-ben-s-400-g",
   "hind": [
    {
     "hind": "1,99 €"
    }
   ]
  },
  {
   "product": "Majonees Provansaal 50%, TARPLAN, 450 g",
   "url": "https://www.selver.ee/majonees-provansaal-50-tarplan-450-g",
   "hind": [
    {
     "hind": "1,39 €"
    }
   ]
  },
  {
   "product": "Dipikaste Eesti Dip! soolakurgi-küüslaugu, ALMA, 200 g",
   "url": "https://www.selver.ee/dipikaste-eesti-dip-soolakurgi-kuuslaugu-alma-200-g",
   "hind": [
    {
     "hind": "1,39 €"
    }
   ]
  },
  {
   "product": "Salatikaste Caesar, FELIX, 375 g",
   "url": "https://www.selver.ee/salatikaste-caesar-felix-375-g",
   "hind": [
    {
     "hind": "1,99 €"
    }
   ]
  },
  {
   "product": "Mahedamaitseline sinep, PÕLTSAMAA, 170 g",
   "url": "https://www.selver.ee/mahedamaitseline-sinep-poltsamaa-170-g",
   "hind": [
    {
     "hind": "1,69 €"
    }
   ]
  },
  {
   "product": "Olivia küpsetusõli, OLIVIA, 1 L",
   "url": "https://www.selver.ee/olivia-kupsetusoli-olivia-1-l",
   "hind": [
    {
     "hind": "2,19 €"
    }
   ]
  },
  {
   "product": "Tomatiketšup, FELIX, 1250 g",
   "url": "https://www.selver.ee/tomatiketsup-felix-1250-g",
   "hind": [
    {
     "hind": "3,29 €"
    }
   ]
  },
  {
   "product": "Pastakaste ürdiga, FELIX, 360 g",
   "url": "https://www.selver.ee/pastakaste-urdiga-felix-360-g",
   "hind": [
    {
     "hind": "1,79 €"
    }
   ]
  },
  {
   "product": "Tomatikaste pitsale, PANZANI, 390 g",
   "url": "https://www.selver.ee/tomatikaste-pitsale-panzani-390-g",
   "hind": [
    {
     "hind": "1,99 €"
    }
   ]
  },
  {
   "product": "Küüslaugu kaste, FELIX, 375 g",
   "url": "https://www.selver.ee/kuuslaugu-kaste-felix-375-g",
   "hind": [
    {
     "hind": "1,99 €"
    }
   ]
  },
  {
   "product": "Kartulikaste, FELIX, 400 g",
   "url": "https://www.selver.ee/kartulikaste-felix-400-g",
   "hind": [
    {
     "hind": "1,99 €"
    }
   ]
  },
  {
   "product": "Pastakaste Basilico, BARILLA, 400 g",
   "url": "https://www.selver.ee/pastakaste-basilico-barilla-400-g",
   "hind": [
    {
     "hind": "2,49 €"
    }
   ]
  },
  {
   "product": "Ekstra Neitsioliiviõli, BORGES, 500 ml",
   "url": "https://www.selver.ee/ekstra-neitsioliivioli-borges-500-ml",
   "hind": [
    {
     "hind": "5,99 €"
    }
   ]
  },
  {
   "product": "Majonees Oliivi Provansaal, LEMMIK, 210 g",
   "url": "https://www.selver.ee/majonees-provansaal-oliivimaitseline-lemmik-210-ml",
   "hind": [
    {
     "hind": "0,79 €"
    }
   ]
  },
  {
   "product": "Thousand Island kaste, FELIX, 375 g",
   "url": "https://www.selver.ee/thousand-island-kaste-felix-375-g",
   "hind": [
    {
     "hind": "1,99 €"
    }
   ]
  },
  {
   "product": "Majonees Provansaal, TARPLAN, 210 g",
   "url": "https://www.selver.ee/majonees-provansaal-tarplan-210-g",
   "hind": [
    {
     "hind": "0,59 €"
    }
   ]
  },
  {
   "product": "Päevalilleõli, RISSO, 1 l",
   "url": "https://www.selver.ee/paevalilleoli-risso-1-l",
   "hind": [
    {
     "hind": "3,29 €"
    }
   ]
  },
  {
   "product": "Ekstra neitsioliiviõli, BORGES, 1 l",
   "url": "https://www.selver.ee/ekstra-neitsioliivioli-borges-1-l",
   "hind": [
    {
     "hind": "9,99 €"
    }
   ]
  },
  {
   "product": "Majonees Klassikaline, FELIX, 830 g",
   "url": "https://www.selver.ee/majonees-klassikaline-felix-830-g",
   "hind": [
    {
     "hind": "2,49 €"
    }
   ]
  },
  {
   "product": "Majonees Provansaal (tops), LEMMIK, 300 g",
   "url": "https://www.selver.ee/majonees-provansaal-tops-lemmik-300-g",
   "hind": [
    {
     "hind": "0,79 €"
    }
   ]
  },
  {
   "product": "Special Inglise sinep, FELIX, 200 g",
   "url": "https://www.selver.ee/special-inglise-sinep-felix-200-g",
   "hind": [
    {
     "hind": "1,09 €"
    }
   ]
  },
  {
   "product": "Ekstra neitsioliivõli, BORGES, 500 ml",
   "url": "https://www.selver.ee/ekstra-neitsioliivoli-borges-500-ml",
   "hind": [
    {
     "hind": "5,49 €"
    }
   ]
  },
  {
   "product": "Kaste Sweet and Sour ananassiga, FELIX, 500 g",
   "url": "https://www.selver.ee/kaste-sweet-and-sour-ananassiga-felix-500-g",
   "hind": [
    {
     "hind": "1,59 €"
    }
   ]
  },
  {
   "product": "Mahedamaitseline ketšup, HELLMANN'S, 485 g",
   "url": "https://www.selver.ee/mahedamaitseline-ketsup-hellmann-s-485-g",
   "hind": [
    {
     "hind": "1,89 €"
    }
   ]
  },
  {
   "product": "Kaste Sweet & Sour, UNCLE BEN'S, 400 g",
   "url": "https://www.selver.ee/kaste-sweet-sour-uncle-ben-s-400-g",
   "hind": [
    {
     "hind": "1,99 €"
    }
   ]
  },
  {
   "product": "Oliiviõli Extra Light, BORGES, 250 ml",
   "url": "https://www.selver.ee/oliivioli-ekstra-light-borges-250-ml",
   "hind": [
    {
     "hind": "3,29 €"
    }
   ]
  },
  {
   "product": "Caesari kaste, GOURMET CLUB, 350 g",
   "url": "https://www.selver.ee/caesari-kaste-gourmet-club-350-g",
   "hind": [
    {
     "hind": "5,99 €"
    }
   ]
  },
  {
   "product": "Söögiäädikas 30%, MINU, 330 ml",
   "url": "https://www.selver.ee/soogiaadikas-30-minu-330-ml",
   "hind": [
    {
     "hind": "0,49 €"
    }
   ]
  },
  {
   "product": "Tomatiketshup, CHUMAK, 450 g",
   "url": "https://www.selver.ee/tomatiketshup-chumak-450-g",
   "hind": [
    {
     "hind": "0,99 €"
    }
   ]
  },
  {
   "product": "Vegan majonees klaaspurgis, HELLMANN'S, 270 g",
   "url": "https://www.selver.ee/vegan-majonees-klaaspurgis-hellmann-s-270-g",
   "hind": [
    {
     "hind": "3,19 €"
    }
   ]
  },
  {
   "product": "Tomatiketšup ilma lisatud suhkruta, FELIX, 970 g",
   "url": "https://www.selver.ee/tomatiketsup-ilma-lisatud-suhkruta-felix-970-g",
   "hind": [
    {
     "hind": "2,99 €"
    }
   ]
  },
  {
   "product": "Majonees, HEINZ, 460g",
   "url": "https://www.selver.ee/majonees-heinz-460g",
   "hind": [
    {
     "hind": "2,59 €"
    }
   ]
  },
  {
   "product": "Päevalilleõli, OLEINA, 1 l",
   "url": "https://www.selver.ee/paevalilleioli-oleina-1-l",
   "hind": [
    {
     "hind": "2,59 €"
    }
   ]
  },
  {
   "product": "Burgerikaste, FELIX, 400 g",
   "url": "https://www.selver.ee/burgerikaste-felix-400-g",
   "hind": [
    {
     "hind": "1,99 €"
    }
   ]
  },
  {
   "product": "Viinamarjaseemneõli, BORGES, 500 ml",
   "url": "https://www.selver.ee/viinamarjaseemneoli-borges-500-ml",
   "hind": [
    {
     "hind": "3,89 €"
    }
   ]
  },
  {
   "product": "Rapsiõli, KALEW, 1 l",
   "url": "https://www.selver.ee/rapsioli-kalew-1-l",
   "hind": [
    {
     "hind": "2,29 €"
    }
   ]
  },
  {
   "product": "Salatikaste küüslauguga, TARPLAN, 230 g",
   "url": "https://www.selver.ee/salatikaste-kuuslauguga-tarplan-230-g",
   "hind": [
    {
     "hind": "0,99 €"
    }
   ]
  },
  {
   "product": "Äädikhape 30%, SFINX-E, 500 ml",
   "url": "https://www.selver.ee/aadikhape-30-sfinx-e-500-ml",
   "hind": [
    {
     "hind": "0,79 €"
    }
   ]
  },
  {
   "product": "Hiina kaste (poolmagus), FELIX, 500 g",
   "url": "https://www.selver.ee/hiina-kaste-poolmagus-felix-500-g",
   "hind": [
    {
     "hind": "1,99 €"
    }
   ]
  },
  {
   "product": "Majonees Provansaal, TARPLAN, 230 g",
   "url": "https://www.selver.ee/majonees-provansaal-tarplan-230-g",
   "hind": [
    {
     "hind": "0,69 €"
    }
   ]
  },
  {
   "product": "Meesinep, PÕLTSAMAA, 170 g",
   "url": "https://www.selver.ee/meesinep-poltsamaa-170-g",
   "hind": [
    {
     "hind": "1,79 €"
    }
   ]
  },
  {
   "product": "Tomati-tšilli salatikaste, FELIX, 375 g",
   "url": "https://www.selver.ee/tomati-tsilli-salatikaste-felix-375-g",
   "hind": [
    {
     "hind": "1,99 €"
    }
   ]
  },
  {
   "product": "Adžika, FELIX, 260 g",
   "url": "https://www.selver.ee/adzika-felix-260-g",
   "hind": [
    {
     "hind": "1,29 €"
    }
   ]
  },
  {
   "product": "Makaronikaste, FELIX, 500 g",
   "url": "https://www.selver.ee/makaronikaste-felix-500-g",
   "hind": [
    {
     "hind": "1,99 €"
    }
   ]
  },
  {
   "product": "Kalamata Ekstra Neitsioliiviõli, GOURMANTE, 500 ml",
   "url": "https://www.selver.ee/kalamata-ekstra-neitsioliivioli-gourmante-500-ml",
   "hind": [
    {
     "hind": "6,99 €"
    }
   ]
  },
  {
   "product": "Juustudipp Originaal, MEREVAIK,",
   "url": "https://www.selver.ee/juustudipp-originaal-merevaik",
   "hind": [
    {
     "hind": "1,69 €"
    }
   ]
  },
  {
   "product": "Mädarõigas Delikatess, POLAN, 160 g",
   "url": "https://www.selver.ee/madaroigas-delikatess-polan-160-g",
   "hind": [
    {
     "hind": "0,69 €"
    }
   ]
  },
  {
   "product": "Hõrkude köögiviljadega pastakaste, SALVEST, 420 g",
   "url": "https://www.selver.ee/horkude-koogiviljadega-pastakaste-salvest-420-g",
   "hind": [
    {
     "hind": "1,89 €"
    }
   ]
  },
  {
   "product": "Ketšup, SALVEST, 270 g",
   "url": "https://www.selver.ee/ketsup-salvest-270-g",
   "hind": [
    {
     "hind": "1,29 €"
    }
   ]
  },
  {
   "product": "Rapsiõli D-vitamiiniga, RISSO, 1 l",
   "url": "https://www.selver.ee/rapsioli-d-vitamiiniga-risso-1-l",
   "hind": [
    {
     "hind": "3,19 €"
    }
   ]
  },
  {
   "product": "Tomatipasta, FELIX, 265 g",
   "url": "https://www.selver.ee/tomatipasta-felix-265-g",
   "hind": [
    {
     "hind": "1,19 €"
    }
   ]
  },
  {
   "product": "Caesari kaste, SELVERI KÖÖK, 230 g",
   "url": "https://www.selver.ee/caesari-kaste-selveri-kook-230-g",
   "hind": [
    {
     "hind": "2,59 €"
    }
   ]
  },
  {
   "product": "Pastakaste Napoletana, PANZANI, 400 g",
   "url": "https://www.selver.ee/pastakaste-napoletana-panzani-400-g",
   "hind": [
    {
     "hind": "2,49 €"
    }
   ]
  },
  {
   "product": "Klassikaline majonees, SALVEST, 430 g",
   "url": "https://www.selver.ee/klassikaline-majonees-salvest-430-g",
   "hind": [
    {
     "hind": "1,99 €"
    }
   ]
  },
  {
   "product": "Mahe kookosõli lõhnatu, LOODUSVÄGI, 500 ml",
   "url": "https://www.selver.ee/mahe-kookosoli-lohnatu-loodusvagi-500-ml",
   "hind": [
    {
     "hind": "7,99 €"
    }
   ]
  },
  {
   "product": "Oliiviõli rafineeritud ja neitsioliiviõlist, BORGES, 500 ml",
   "url": "https://www.selver.ee/oliivioli-rafin-ja-neitsioliivol-borges-500-ml",
   "hind": [
    {
     "hind": "5,99 €"
    }
   ]
  },
  {
   "product": "Texicana Salsa, MAGGI, 500 ml",
   "url": "https://www.selver.ee/texicana-salsa-maggi-500-ml",
   "hind": [
    {
     "hind": "2,99 €"
    }
   ]
  },
  {
   "product": "Rapsiõli, OLEINA, 1 l",
   "url": "https://www.selver.ee/rapsioli-oleina-1-l",
   "hind": [
    {
     "hind": "1,49 €"
    }
   ]
  },
  {
   "product": "Pastakaste köögiviljadega, FELIX, 360 g",
   "url": "https://www.selver.ee/pastakaste-koogiviljadega-felix-360-g",
   "hind": [
    {
     "hind": "1,79 €"
    }
   ]
  },
  {
   "product": "Ketšup, SALVEST, 530 g",
   "url": "https://www.selver.ee/ketsup-salvest",
   "hind": [
    {
     "hind": "1,69 €"
    }
   ]
  },
  {
   "product": "Pastakaste Originale, PANZANI, 400 g",
   "url": "https://www.selver.ee/pastakaste-originale-panzani-400-g",
   "hind": [
    {
     "hind": "2,49 €"
    }
   ]
  },
  {
   "product": "Ketšup, SALVEST, 1 kg",
   "url": "https://www.selver.ee/ketsup-salvest-1-kg",
   "hind": [
    {
     "hind": "2,59 €"
    }
   ]
  },
  {
   "product": "Tomatikaste Basiilikuga, POMITO, 370 g",
   "url": "https://www.selver.ee/tomatikaste-basiilikuga-pomito-370-g",
   "hind": [
    {
     "hind": "1,79 €"
    }
   ]
  },
  {
   "product": "Terav ketšup, FELIX, 500 g",
   "url": "https://www.selver.ee/terav-ketsup-felix-500-g",
   "hind": [
    {
     "hind": "1,79 €"
    }
   ]
  },
  {
   "product": "Orgaaniline külmpress kookosõli, THAI CHOICE, 200 ml",
   "url": "https://www.selver.ee/orgaaniline-kulmpress-kookosoli-thai-choice-200-ml",
   "hind": [
    {
     "hind": "3,99 €"
    }
   ]
  },
  {
   "product": "Pastakaste Arrabiata, BARILLA, 400 g",
   "url": "https://www.selver.ee/pastakaste-arrabiata-barilla-400-g",
   "hind": [
    {
     "hind": "2,49 €"
    }
   ]
  },
  {
   "product": "Klassikaline salatikaste, FELIX, 375 g",
   "url": "https://www.selver.ee/klassikaline-salatikaste-felix-375-g",
   "hind": [
    {
     "hind": "1,99 €"
    }
   ]
  },
  {
   "product": "Tomatiketšup, FELIX, 500 g",
   "url": "https://www.selver.ee/okoloogiline-tomatiketsup-felix-500-g",
   "hind": [
    {
     "hind": "2,29 €"
    }
   ]
  },
  {
   "product": "Sinep, MAADLEX, 75 g",
   "url": "https://www.selver.ee/sinep-maadlex-75-g",
   "hind": [
    {
     "hind": "0,59 €"
    }
   ]
  },
  {
   "product": "Hiina kaste mangoga, FELIX, 500 mg",
   "url": "https://www.selver.ee/hiina-kaste-mangoga-felix-500-mg",
   "hind": [
    {
     "hind": "1,99 €"
    }
   ]
  },
  {
   "product": "Arbequina ekstra neitsioliivõli, BORGES, 500 ml",
   "url": "https://www.selver.ee/arbequina-ekstra-neitsioliivoli-borges-500-ml",
   "hind": [
    {
     "hind": "5,49 €"
    }
   ]
  },
  {
   "product": "Chunky Burger kaste, HELLMANN'S, 250 ml",
   "url": "https://www.selver.ee/chunky-burger-kaste-hellmann-s-250-ml",
   "hind": [
    {
     "hind": "1,99 €"
    }
   ]
  },
  {
   "product": "Terav Hiina kaste, FELIX, 500 g",
   "url": "https://www.selver.ee/hiina-kaste-terav-felix-500-g",
   "hind": [
    {
     "hind": "1,99 €"
    }
   ]
  },
  {
   "product": "Terav ketšup, FELIX, 1 kg",
   "url": "https://www.selver.ee/terav-ketsup-felix-1-kg",
   "hind": [
    {
     "hind": "2,79 €"
    }
   ]
  },
  {
   "product": "Mango-tsilli kaste, FELIX, 285 g",
   "url": "https://www.selver.ee/mango-tsilli-kaste-felix-285-g",
   "hind": [
    {
     "hind": "2,39 €"
    }
   ]
  },
  {
   "product": "Magus tšillikaste, FELIX, 350 g",
   "url": "https://www.selver.ee/magus-tsillikaste-felix-350-g",
   "hind": [
    {
     "hind": "1,99 €"
    }
   ]
  },
  {
   "product": "Vegan majonees, SALVEST, 420 g",
   "url": "https://www.selver.ee/vegan-majonees-salvest-420-g",
   "hind": [
    {
     "hind": "2,39 €"
    }
   ]
  },
  {
   "product": "Pastakaste Napoletana, BARILLA, 400 g",
   "url": "https://www.selver.ee/pastakaste-napoletana-barilla-400-g",
   "hind": [
    {
     "hind": "2,49 €"
    }
   ]
  },
  {
   "product": "Klassikaline majonees, FELIX, 390 g",
   "url": "https://www.selver.ee/klassikaline-majonees-felix-390-g",
   "hind": [
    {
     "hind": "1,59 €"
    }
   ]
  },
  {
   "product": "Ketšup BBQ, CHUMAK, 270 g",
   "url": "https://www.selver.ee/ketsup-bbq-chumak-270-g",
   "hind": [
    {
     "hind": "0,89 €"
    }
   ]
  },
  {
   "product": "Rapsiõli, OILIO, 1 l",
   "url": "https://www.selver.ee/rapsioli-oilio-1-l",
   "hind": [
    {
     "hind": "1,89 €"
    }
   ]
  },
  {
   "product": "Tomatipüree Tomacouli Bio, PANZANI, 250g",
   "url": "https://www.selver.ee/tomatipuree-tomacouli-bio-panzani-250g",
   "hind": [
    {
     "hind": "1,49 €"
    }
   ]
  },
  {
   "product": "Klassikaline BBQ kaste, HEINZ, 480 g",
   "url": "https://www.selver.ee/klassikaline-bbq-kaste-heinz-480-g",
   "hind": [
    {
     "hind": "2,89 €"
    }
   ]
  },
  {
   "product": "Gruusia adžika, MAADLEX, 350 g",
   "url": "https://www.selver.ee/gruusia-adzika-maadlex-350-g",
   "hind": [
    {
     "hind": "1,09 €"
    }
   ]
  },
  {
   "product": "Mehhiko salsa ketšup, FELIX, 420 g",
   "url": "https://www.selver.ee/mehhiko-salsa-ketsup-felix-420-g",
   "hind": [
    {
     "hind": "2,29 €"
    }
   ]
  },
  {
   "product": "Pastakaste Bolognese, BARILLA, 400 g",
   "url": "https://www.selver.ee/pastakaste-bolognese-barilla-400-g",
   "hind": [
    {
     "hind": "3,59 €"
    }
   ]
  },
  {
   "product": "Pastakaste oliivi-basiilikuga, PANZANI, 400 g",
   "url": "https://www.selver.ee/pastakaste-oliivi-basiilikuga-panzani-400-g",
   "hind": [
    {
     "hind": "2,49 €"
    }
   ]
  },
  {
   "product": "Barbeque-meekaste, FELIX, 320 g",
   "url": "https://www.selver.ee/barbeque-meekaste-felix-320-g",
   "hind": [
    {
     "hind": "2,29 €"
    }
   ]
  },
  {
   "product": "Ekstra Neitsioliiviõli, GOURMANTE, 500 ml",
   "url": "https://www.selver.ee/ekstra-neitsioliivioli-gourmante-500-ml",
   "hind": [
    {
     "hind": "6,49 €"
    }
   ]
  },
  {
   "product": "Dijoni teraline sinep, VILUX, 200 g",
   "url": "https://www.selver.ee/dijoni-teraline-sinep-vilux-200-g",
   "hind": [
    {
     "hind": "1,79 €"
    }
   ]
  },
  {
   "product": "Kurgikaste, FELIX, 275 g",
   "url": "https://www.selver.ee/kurgikaste-felix-275-g",
   "hind": [
    {
     "hind": "1,99 €"
    }
   ]
  },
  {
   "product": "Majonees tilliga, TARPLAN, 210 g",
   "url": "https://www.selver.ee/majonees-tilliga-tarplan-210-g",
   "hind": [
    {
     "hind": "0,99 €"
    }
   ]
  },
  {
   "product": "Rafineeritud rapsiõli, SELVER, 1 l",
   "url": "https://www.selver.ee/rafineeritud-rapsioli-selver-1-l",
   "hind": [
    {
     "hind": "1,79 €"
    }
   ]
  },
  {
   "product": "Mädarõikamaitseline majonees, SALVEST, 430g",
   "url": "https://www.selver.ee/madaroikamaitseline-majonees-salvest-430g",
   "hind": [
    {
     "hind": "1,99 €"
    }
   ]
  },
  {
   "product": "Majonees vegan, TARPLAN, 450 g",
   "url": "https://www.selver.ee/majonees-vegan-tarplan-450-g",
   "hind": [
    {
     "hind": "1,49 €"
    }
   ]
  },
  {
   "product": "Omega 3-6-9 õli, OILIO, 1 l",
   "url": "https://www.selver.ee/omega-3-6-9-oli-oilio-1-l",
   "hind": [
    {
     "hind": "2,59 €"
    }
   ]
  },
  {
   "product": "Mango-karri kaste, FELIX, 280 g",
   "url": "https://www.selver.ee/mango-karri-kaste-felix-280-g",
   "hind": [
    {
     "hind": "1,99 €"
    }
   ]
  },
  {
   "product": "Ekstra Neitsioliiviõli, SALVADORI, 1 l",
   "url": "https://www.selver.ee/ekstra-neitsioliivioli-salvadori-1-l",
   "hind": [
    {
     "hind": "9,99 €"
    }
   ]
  },
  {
   "product": "Malbe sinep (mahedamaitseline), FELIX, 430 g",
   "url": "https://www.selver.ee/malbe-sinep-mahedamaitseline-felix-430-g",
   "hind": [
    {
     "hind": "2,69 €"
    }
   ]
  },
  {
   "product": "Magushapu Hiina kaste, SALVEST, 420 g",
   "url": "https://www.selver.ee/magushapu-hiina-kaste-salvest-420-g",
   "hind": [
    {
     "hind": "1,89 €"
    }
   ]
  },
  {
   "product": "Päevalilleõli, KALEW, 1 l",
   "url": "https://www.selver.ee/paevalilleoli-kalew-1-l",
   "hind": [
    {
     "hind": "2,39 €"
    }
   ]
  },
  {
   "product": "Salatikaste hamburgerile, TARPLAN, 230 g",
   "url": "https://www.selver.ee/salatikaste-hamburgerile-tarplan-230-g",
   "hind": [
    {
     "hind": "0,89 €"
    }
   ]
  },
  {
   "product": "Barbeque kaste, FELIX, 310 g",
   "url": "https://www.selver.ee/barbeque-kaste-felix-310-g",
   "hind": [
    {
     "hind": "2,19 €"
    }
   ]
  },
  {
   "product": "Ekstra Neitsioliiviõli, SALVADORI, 500 ml",
   "url": "https://www.selver.ee/ekstra-neitsioliivioli-salvadori-500-ml",
   "hind": [
    {
     "hind": "5,69 €"
    }
   ]
  },
  {
   "product": "Kreemjas majonees, SALVEST, 500 g",
   "url": "https://www.selver.ee/kreemjas-majonees-salvest-500-g",
   "hind": [
    {
     "hind": "1,49 €"
    }
   ]
  },
  {
   "product": "Pastakaste Bolognese, FELIX, 360 g",
   "url": "https://www.selver.ee/pastakaste-bolognese-felix-360-g",
   "hind": [
    {
     "hind": "1,99 €"
    }
   ]
  },
  {
   "product": "Paprikakaste, FELIX, 275 g",
   "url": "https://www.selver.ee/paprikakaste-felix-275-g",
   "hind": [
    {
     "hind": "1,99 €"
    }
   ]
  },
  {
   "product": "Teravamaitseline ketšup, HELLMANN'S, 470 g",
   "url": "https://www.selver.ee/teravamaitseline-ketsup-hellmann-s-470-g",
   "hind": [
    {
     "hind": "1,79 €"
    }
   ]
  },
  {
   "product": "Küüslaugukaste, FELIX, 275 g",
   "url": "https://www.selver.ee/kuuslaugukaste-felix-275-g",
   "hind": [
    {
     "hind": "1,99 €"
    }
   ]
  },
  {
   "product": "Küüslaugu-ürdi kaste, HELLMANN'S, 250 ml",
   "url": "https://www.selver.ee/kuuslaugu-urdi-kaste-hellmann-s-250-ml",
   "hind": [
    {
     "hind": "1,99 €"
    }
   ]
  },
  {
   "product": "Ekstra neitsioliiviõli, FILIPPO BERIO, 500 ml",
   "url": "https://www.selver.ee/ekstra-neitsioliivioli-filippo-berio-500-ml",
   "hind": [
    {
     "hind": "6,99 €"
    }
   ]
  },
  {
   "product": "Kreemjas majonees, SALVEST, 850 g",
   "url": "https://www.selver.ee/kreemjas-majonees-salvest-850-g",
   "hind": [
    {
     "hind": "2,29 €"
    }
   ]
  },
  {
   "product": "Bolognese kaste, RAND & ROSSI, 380g",
   "url": "https://www.selver.ee/bolognese-kaste-rand-rossi-380g",
   "hind": [
    {
     "hind": "2,69 €"
    }
   ]
  },
  {
   "product": "Küpsetusõli, KALEW, 1 l",
   "url": "https://www.selver.ee/kupsetusoli-kalew-1-l",
   "hind": [
    {
     "hind": "2,39 €"
    }
   ]
  },
  {
   "product": "Palsamikreem, GOURMANTE, 250 ml",
   "url": "https://www.selver.ee/palsamikreem-gourmante-250-ml",
   "hind": [
    {
     "hind": "3,69 €"
    }
   ]
  },
  {
   "product": "Murulaugudipp, SELVERI KÖÖK, 200 g",
   "url": "https://www.selver.ee/murulaugudipp-selveri-kook-200-g",
   "hind": [
    {
     "hind": "1,39 €"
    }
   ]
  },
  {
   "product": "Mädarõikakaste, FELIX, 275 g",
   "url": "https://www.selver.ee/madaroikakaste-felix-275-g",
   "hind": [
    {
     "hind": "1,99 €"
    }
   ]
  },
  {
   "product": "Jogurti-murulaugu salatikaste, FELIX, 375 g",
   "url": "https://www.selver.ee/jogurti-murulaugu-salatikaste-felix-375-g",
   "hind": [
    {
     "hind": "1,99 €"
    }
   ]
  },
  {
   "product": "Rapsiõli, OLEINA, 2 l",
   "url": "https://www.selver.ee/rapsioli-oleina-2-l",
   "hind": [
    {
     "hind": "3,99 €"
    }
   ]
  },
  {
   "product": "Grillkaste, FELIX, 510 g",
   "url": "https://www.selver.ee/grillkaste-felix-510-g",
   "hind": [
    {
     "hind": "1,59 €"
    }
   ]
  },
  {
   "product": "Juustudipp küüslauguga, SELVERI KÖÖK, 200 g",
   "url": "https://www.selver.ee/juustudipp-kuuslauguga-selveri-kook-200-g",
   "hind": [
    {
     "hind": "1,69 €"
    }
   ]
  },
  {
   "product": "Kaste Gruusia, CHUMAK, 220 g",
   "url": "https://www.selver.ee/kaste-gruusia-chumak-220-g",
   "hind": [
    {
     "hind": "0,99 €"
    }
   ]
  },
  {
   "product": "Päevalille õli, OLEINA, 2 l",
   "url": "https://www.selver.ee/paevalille-oli-oleina-2-l",
   "hind": [
    {
     "hind": "4,99 €"
    }
   ]
  },
  {
   "product": "Pastakaste Extra Bolognese, PANZANI, 425 g",
   "url": "https://www.selver.ee/pastakaste-extra-bolognese-panzani-425-g",
   "hind": [
    {
     "hind": "2,99 €"
    }
   ]
  },
  {
   "product": "Süldiäädikas, SFINX-E, 300 ml",
   "url": "https://www.selver.ee/suldiaadikas-sfinx-e-300-ml",
   "hind": [
    {
     "hind": "0,49 €"
    }
   ]
  },
  {
   "product": "Mahedamaitseline tomatiketšup, CHUMAK, 270 g",
   "url": "https://www.selver.ee/mahedamaitseline-tomatiketsup-chumak-270-g",
   "hind": [
    {
     "hind": "0,89 €"
    }
   ]
  },
  {
   "product": "Itaalia salatikaste, FELIX, 375 g",
   "url": "https://www.selver.ee/itaalia-salatikaste-felix-375-g",
   "hind": [
    {
     "hind": "1,99 €"
    }
   ]
  },
  {
   "product": "Maisiõli, RISSO, 1 l",
   "url": "https://www.selver.ee/maisioli-risso-1-l",
   "hind": [
    {
     "hind": "3,49 €"
    }
   ]
  },
  {
   "product": "Küüslaugukaste, HEINZ, 435 g",
   "url": "https://www.selver.ee/kuuslaugukaste-heinz-435-g",
   "hind": [
    {
     "hind": "2,99 €"
    }
   ]
  },
  {
   "product": "Kookosõli, VITA, 180 g",
   "url": "https://www.selver.ee/kookosoli-vita-180-g",
   "hind": [
    {
     "hind": "2,39 €"
    }
   ]
  },
  {
   "product": "Ekstra-neitsioliiviõli, ONDOLIVA, 500 ml",
   "url": "https://www.selver.ee/ekstra-neitsioliivioli-ondoliva-500-ml",
   "hind": [
    {
     "hind": "4,99 €"
    }
   ]
  },
  {
   "product": "Dijoni teravamaitseline sinep, VILUX, 200 g",
   "url": "https://www.selver.ee/dijoni-teravamaitseline-sinep-vilux-200-g",
   "hind": [
    {
     "hind": "1,79 €"
    }
   ]
  },
  {
   "product": "Oliivijääkõli, SALVADORI, 1 l",
   "url": "https://www.selver.ee/oliivijaakoli-salvadori-1-l",
   "hind": [
    {
     "hind": "6,39 €"
    }
   ]
  },
  {
   "product": "Pastakaste Provencale öko, PANZANI, 400 g",
   "url": "https://www.selver.ee/pastakaste-provencale-oko-panzani-400-g",
   "hind": [
    {
     "hind": "2,59 €"
    }
   ]
  },
  {
   "product": "Dipikaste Kreeka stiilis Dip! Tzatziki, ALMA, 200g",
   "url": "https://www.selver.ee/dipikaste-kreeka-stiilis-dip-tzatziki-alma-200g",
   "hind": [
    {
     "hind": "1,39 €"
    }
   ]
  },
  {
   "product": "Majonees päevalilleõliga, TARPLAN, 410 g",
   "url": "https://www.selver.ee/majonees-paevalilleoliga-tarplan-410-g",
   "hind": [
    {
     "hind": "1,19 €"
    }
   ]
  },
  {
   "product": "Valge veini äädikas, GOURMANTE, 250 ml",
   "url": "https://www.selver.ee/valge-veini-aadikas-gourmante-250-ml",
   "hind": [
    {
     "hind": "1,79 €"
    }
   ]
  },
  {
   "product": "Sun-dried ketšup, FELIX, 425 g",
   "url": "https://www.selver.ee/sun-dried-ketsup-felix-425-g",
   "hind": [
    {
     "hind": "2,29 €"
    }
   ]
  },
  {
   "product": "Napoletana kaste, RAND & ROSSI, 380g",
   "url": "https://www.selver.ee/napoletana-kaste-rand-rossi-380g",
   "hind": [
    {
     "hind": "2,69 €"
    }
   ]
  },
  {
   "product": "Õunaäädikas 5%, KÜHNE, 750 ml",
   "url": "https://www.selver.ee/ounaaadikas-5-kuhne-750-ml",
   "hind": [
    {
     "hind": "2,19 €"
    }
   ]
  },
  {
   "product": "Oliivijääkõli, GOCCIA D'ORO, 1 l",
   "url": "https://www.selver.ee/oliivijaakoli-goccia-d-oro-1-l",
   "hind": [
    {
     "hind": "5,99 €"
    }
   ]
  },
  {
   "product": "Küüslaugumaitseline kaste, CHUMAK, 200 g",
   "url": "https://www.selver.ee/kuuslaugumaitseline-kaste-chumak-200-g",
   "hind": [
    {
     "hind": "1,19 €"
    }
   ]
  },
  {
   "product": "Neitsikookosõli (mahe), LOODUSVÄGI, 500 ml",
   "url": "https://www.selver.ee/neitsikookoseoli-mahe-loodusvagi-450-g",
   "hind": [
    {
     "hind": "8,99 €"
    }
   ]
  },
  {
   "product": "Arrabbiata kaste, RAND & ROSSI, 380g",
   "url": "https://www.selver.ee/arrabbiata-kaste-rand-rossi-380g",
   "hind": [
    {
     "hind": "2,59 €"
    }
   ]
  },
  {
   "product": "Tabasco piprakaste, TABASCO, 57 ml",
   "url": "https://www.selver.ee/tabasco-piprakaste-tabasco-57-ml",
   "hind": [
    {
     "hind": "3,19 €"
    }
   ]
  },
  {
   "product": "Itaalia kaste, MAGGI, 500 g",
   "url": "https://www.selver.ee/itaalia-kaste-maggi-500-g",
   "hind": [
    {
     "hind": "2,59 €"
    }
   ]
  },
  {
   "product": "Õunaäädikas, IDEAFARM, 500 ml",
   "url": "https://www.selver.ee/ounaaadikas-ideafarm-500-ml",
   "hind": [
    {
     "hind": "4,29 €"
    }
   ]
  },
  {
   "product": "Oliiviõli rafineeritud ja ekstra neitsioliiviõlist Light, GOURMANTE, 500 ml",
   "url": "https://www.selver.ee/oliivioli-rafineeritud-ja-ekstra-neitsioliiviolist-light-gourmante-500-ml",
   "hind": [
    {
     "hind": "5,99 €"
    }
   ]
  },
  {
   "product": "Magus BBQ kaste, HEINZ, 500 g",
   "url": "https://www.selver.ee/magus-bbq-kaste-heinz-500-g",
   "hind": [
    {
     "hind": "2,89 €"
    }
   ]
  },
  {
   "product": "Riisiõli E-vitamiiniga, RISO SCOTTI, 750 ml",
   "url": "https://www.selver.ee/riisioli-e-vitamiiniga-riso-scotti-750-ml",
   "hind": [
    {
     "hind": "4,99 €"
    }
   ]
  },
  {
   "product": "Mädarõigas delikatess, 170 g",
   "url": "https://www.selver.ee/madaroigas-delikatess-170-g",
   "hind": [
    {
     "hind": "0,89 €"
    }
   ]
  },
  {
   "product": "Valge veiniäädikas, KÜHNE, 100 ml",
   "url": "https://www.selver.ee/valge-veiniaadikas-kuhne-100-ml",
   "hind": [
    {
     "hind": "0,89 €"
    }
   ]
  },
  {
   "product": "Prantsusepärane kaste sinepiga , CHUMAK, 200 g",
   "url": "https://www.selver.ee/prantsuseparane-kaste-sinepiga-chumak-200-g",
   "hind": [
    {
     "hind": "0,99 €"
    }
   ]
  },
  {
   "product": "Oliivijääkõli, SALVADORI, 500 ml",
   "url": "https://www.selver.ee/oliivijaakoli-salvadori-500-ml",
   "hind": [
    {
     "hind": "3,89 €"
    }
   ]
  },
  {
   "product": "Dijon sinep, BORNIER, 370 g",
   "url": "https://www.selver.ee/dijon-sinep-bornier-370-g",
   "hind": [
    {
     "hind": "2,19 €"
    }
   ]
  },
  {
   "product": "Ketšup Kids 50% vähem suhkrut ja soola, HEINZ, 300ml",
   "url": "https://www.selver.ee/ketsup-kids-50-vahem-suhkrut-ja-soola-heinz-300ml",
   "hind": [
    {
     "hind": "1,99 €"
    }
   ]
  },
  {
   "product": "Pastakaste 4 juustuga, PANZANI, 370 g",
   "url": "https://www.selver.ee/pastakaste-4-juustuga-panzani-370-g",
   "hind": [
    {
     "hind": "3,29 €"
    }
   ]
  },
  {
   "product": "Ingveri-küüslaugu-tšillikaste, LINGHAM´S, 280 ml",
   "url": "https://www.selver.ee/ingveri-kuuslaugu-tsillikaste-lingham-s-280-ml",
   "hind": [
    {
     "hind": "1,99 €"
    }
   ]
  },
  {
   "product": "Oliiviõli, ONDOLIVA, 500 ml",
   "url": "https://www.selver.ee/oliivioli-ondoliva-500-ml",
   "hind": [
    {
     "hind": "4,99 €"
    }
   ]
  },
  {
   "product": "Orgaaniline külmpress kookosõli, THAI CHOICE, 500 ml",
   "url": "https://www.selver.ee/orgaaniline-kulmpress-kookosoli-thai-choice-500-ml",
   "hind": [
    {
     "hind": "8,49 €"
    }
   ]
  },
  {
   "product": "Majoneesi-ketšupikaste, TARPLAN, 450 g",
   "url": "https://www.selver.ee/majoneesi-ketsupikaste-tarplan-450-g",
   "hind": [
    {
     "hind": "1,19 €"
    }
   ]
  },
  {
   "product": "BBQ kaste universaalne, SANTA MARIA, 355 g",
   "url": "https://www.selver.ee/bbq-kaste-universaalne-santa-maria-355-g",
   "hind": [
    {
     "hind": "3,99 €"
    }
   ]
  },
  {
   "product": "Balsamico salatikaste, KÜHNE, 250 ml",
   "url": "https://www.selver.ee/balsamico-salatikaste-kuhne-250-ml",
   "hind": [
    {
     "hind": "1,59 €"
    }
   ]
  },
  {
   "product": "Pastakaste Napoletana tomati ja basiilikuga, REGGIA, 350 g",
   "url": "https://www.selver.ee/pastakaste-napoletana-tomati-ja-basiilikuga-reggia-350-g",
   "hind": [
    {
     "hind": "2,29 €"
    }
   ]
  },
  {
   "product": "Tai tšillikaste, LINGHAM´S, 280 ml",
   "url": "https://www.selver.ee/tai-tsillikaste-lingham-s-280-ml",
   "hind": [
    {
     "hind": "1,99 €"
    }
   ]
  },
  {
   "product": "Magus tšillikaste, FELIX, 855 g",
   "url": "https://www.selver.ee/magus-tsillikaste-felix-855-g",
   "hind": [
    {
     "hind": "3,69 €"
    }
   ]
  },
  {
   "product": "BBQ kaste suitsumaitseline, SANTA MARIA, 365 g",
   "url": "https://www.selver.ee/bbq-kaste-suitsumaitseline-santa-maria-365-g",
   "hind": [
    {
     "hind": "3,99 €"
    }
   ]
  },
  {
   "product": "Magushapu Hiina kaste, MAGGI, 500 g",
   "url": "https://www.selver.ee/magushapu-hiina-kaste-maggi-500-g",
   "hind": [
    {
     "hind": "2,59 €"
    }
   ]
  },
  {
   "product": "Primavera pastakaste kanaga, SALVEST, 420 g",
   "url": "https://www.selver.ee/primavera-pastakaste-kanaga-salvest-420-g",
   "hind": [
    {
     "hind": "1,89 €"
    }
   ]
  },
  {
   "product": "Oliiviõli basiilikuga, BORGES, 200 ml",
   "url": "https://www.selver.ee/oliivioli-basiilikuga-borges-200-ml",
   "hind": [
    {
     "hind": "4,79 €"
    }
   ]
  },
  {
   "product": "Rapsiõli sprei, YOLLI, 200 ml",
   "url": "https://www.selver.ee/rapsioli-sprei-yolli-200-ml",
   "hind": [
    {
     "hind": "3,99 €"
    }
   ]
  },
  {
   "product": "Palsamiäädikas, GOURMANTE, 250 ml",
   "url": "https://www.selver.ee/palsamiaadikas-gourmante-250-ml",
   "hind": [
    {
     "hind": "2,29 €"
    }
   ]
  },
  {
   "product": "Palsamiäädikas, CAMPAGNA, 500 ml",
   "url": "https://www.selver.ee/palsamiaadikas-campagna-500-ml",
   "hind": [
    {
     "hind": "2,49 €"
    }
   ]
  },
  {
   "product": "Modena palsamiäädikas, BORGES, 250 ml",
   "url": "https://www.selver.ee/modena-palsamiaadikas-borges-250-ml",
   "hind": [
    {
     "hind": "2,19 €"
    }
   ]
  },
  {
   "product": "Aasia kaste, MAGGI, 500 ml",
   "url": "https://www.selver.ee/aasia-kaste-maggi-500-ml",
   "hind": [
    {
     "hind": "3,29 €"
    }
   ]
  },
  {
   "product": "Palsamiäädikas, KÜHNE, 100 ml",
   "url": "https://www.selver.ee/palsamiaadikas-kuhne-100-ml",
   "hind": [
    {
     "hind": "1,19 €"
    }
   ]
  },
  {
   "product": "Original BBQ kaste, HELLMANN'S, 430 g",
   "url": "https://www.selver.ee/original-bbq-kaste-hellmann-s-430-g",
   "hind": [
    {
     "hind": "2,49 €"
    }
   ]
  },
  {
   "product": "Külmpressitud linaseemneõli, FLORIOL, 250ml",
   "url": "https://www.selver.ee/kulmpressitud-linaseemneoli-floriol-250ml",
   "hind": [
    {
     "hind": "2,99 €"
    }
   ]
  },
  {
   "product": "BBQ kaste magus chipotle, SANTA MARIA, 355 g",
   "url": "https://www.selver.ee/bbq-kaste-magus-chipotle-santa-maria-355-g",
   "hind": [
    {
     "hind": "3,99 €"
    }
   ]
  },
  {
   "product": "HULGI Ekstra neitsioliivõli Fruity 2tk, BORGES, 2 x 500 ml",
   "url": "https://www.selver.ee/hulgi-ekstra-neitsioliivoli-fruity-2tk-borges-2-x-500-ml",
   "hind": [
    {
     "hind": "10,00 €"
    }
   ]
  },
  {
   "product": "Fritüürõli, OILIO, 1 l",
   "url": "https://www.selver.ee/frituuroli-oilio-1-l",
   "hind": [
    {
     "hind": "2,39 €"
    }
   ]
  },
  {
   "product": "Salatikaste Ceasari, HELLMANN'S, 210 ml",
   "url": "https://www.selver.ee/salatikaste-ceasari-hellmann-s-210-ml",
   "hind": [
    {
     "hind": "2,59 €"
    }
   ]
  },
  {
   "product": "Avokaadoõli, rafineerimata, GLORIA, 250 ml",
   "url": "https://www.selver.ee/avokaadooli-rafineerimata-gloria-250-ml",
   "hind": [
    {
     "hind": "4,99 €"
    }
   ]
  },
  {
   "product": "Julge sinep (teravamaitseline), FELIX, 430 g",
   "url": "https://www.selver.ee/julge-sinep-teravamaitseline-felix-430-g",
   "hind": [
    {
     "hind": "2,69 €"
    }
   ]
  },
  {
   "product": "HULGI Söögiäädikas 30% 6tk, SFINX-E, 6 x 300 ml",
   "url": "https://www.selver.ee/hulgi-soogiaadikas-30-6tk-sfinx-e-6-x-300-ml",
   "hind": [
    {
     "hind": "2,00 €"
    }
   ]
  },
  {
   "product": "Rapsiõli ja oliivõli segu 5%, OILIO, 1 L",
   "url": "https://www.selver.ee/rapsioli-ja-oliivoli-segu-5-oilio-1-l",
   "hind": [
    {
     "hind": "2,59 €"
    }
   ]
  },
  {
   "product": "Kõrvitsaõli, rafineerimata, GLORIA, 250 ml",
   "url": "https://www.selver.ee/korvitsaoli-rafineerimata-gloria-250-ml",
   "hind": [
    {
     "hind": "4,99 €"
    }
   ]
  },
  {
   "product": "Punane veiniäädikas 6%, KÜHNE, 500 ml",
   "url": "https://www.selver.ee/punane-veiniaadikas-6-kuhne-500-ml",
   "hind": [
    {
     "hind": "2,39 €"
    }
   ]
  },
  {
   "product": "Viinamarjaseemneõli, ONDOLIVA, 250ml",
   "url": "https://www.selver.ee/viinamarjaseemneoli-ondoliva-250ml",
   "hind": [
    {
     "hind": "2,99 €"
    }
   ]
  },
  {
   "product": "Hariliku Maarjaohaka õli, GLORIA, 500 ml",
   "url": "https://www.selver.ee/hariliku-maarjaohaka-oli-gloria-500-ml",
   "hind": [
    {
     "hind": "3,99 €"
    }
   ]
  },
  {
   "product": "Palsamiäädikakreem, PONTI, 250 g",
   "url": "https://www.selver.ee/palsamiaadikakreem-ponti-250-g",
   "hind": [
    {
     "hind": "3,39 €"
    }
   ]
  },
  {
   "product": "Ekstra neitsioliiviõli sprei, MANTOVA, 250 ml",
   "url": "https://www.selver.ee/ekstra-neitsioliivioli-sprei-mantova-250-ml",
   "hind": [
    {
     "hind": "7,99 €"
    }
   ]
  },
  {
   "product": "BBQ kaste burbooni viski, SANTA MARIA, 370 g",
   "url": "https://www.selver.ee/bbq-kaste-burbooni-viski-santa-maria-370-g",
   "hind": [
    {
     "hind": "3,99 €"
    }
   ]
  },
  {
   "product": "Chili con Herne kaste, VEGESUN, 380 g",
   "url": "https://www.selver.ee/chili-con-herne-kaste-vegesun-380-g",
   "hind": [
    {
     "hind": "4,49 €"
    }
   ]
  },
  {
   "product": "Pastakaste Tomate Cuisinees öko, PANZANI, 400 g",
   "url": "https://www.selver.ee/pastakaste-tomate-cuisinees-oko-panzani-400-g",
   "hind": [
    {
     "hind": "3,19 €"
    }
   ]
  },
  {
   "product": "Maiade habanero kaste ekstra tuline, EL YUCATECO, 120 ml",
   "url": "https://www.selver.ee/maiade-habanero-kaste-ekstra-tuline-el-yucateco-120-ml",
   "hind": [
    {
     "hind": "4,49 €"
    }
   ]
  },
  {
   "product": "BBQ kaste röstitud küüslauk, SANTA MARIA, 355 g",
   "url": "https://www.selver.ee/bbq-kaste-rostitud-kuuslauk-santa-maria-355-g",
   "hind": [
    {
     "hind": "3,99 €"
    }
   ]
  },
  {
   "product": "Kanepiseemneõli, rafineerimata, GLORIA, 250 ml",
   "url": "https://www.selver.ee/kanepiseemneoli-rafineerimata-gloria-250-ml",
   "hind": [
    {
     "hind": "4,99 €"
    }
   ]
  },
  {
   "product": "Palsamikreem sidruniga, GOURMANTE, 250 ml",
   "url": "https://www.selver.ee/palsamikreem-sidruniga-gourmante-250-ml",
   "hind": [
    {
     "hind": "3,89 €"
    }
   ]
  },
  {
   "product": "Viigimarja konjaki sinep, GOURMET CLUB, 240 g",
   "url": "https://www.selver.ee/viigimarja-konjaki-sinep-240-g",
   "hind": [
    {
     "hind": "2,99 €"
    }
   ]
  },
  {
   "product": "Avokaadoõli sprei, MANTOVA, 200 ml",
   "url": "https://www.selver.ee/avokaadooli-sprei-mantova-200-ml",
   "hind": [
    {
     "hind": "7,99 €"
    }
   ]
  },
  {
   "product": "Pastakaste Napolitana vegan, gluteeni-ja laktoosivaba, FOODSTUDIO, 340 g",
   "url": "https://www.selver.ee/pastakaste-napolitana-vegan-gluteeni-ja-laktoosivaba-foodstudio-340-g",
   "hind": [
    {
     "hind": "2,69 €"
    }
   ]
  },
  {
   "product": "Bolognese kaste, VEGESUN, 380 g",
   "url": "https://www.selver.ee/bolognese-kaste-vegesun-380-g",
   "hind": [
    {
     "hind": "4,39 €"
    }
   ]
  },
  {
   "product": "Musta köömne seemneõli, rafineerimata, GLORIA, 250 ml",
   "url": "https://www.selver.ee/musta-koomne-seemneoli-rafineerimata-gloria-250-ml",
   "hind": [
    {
     "hind": "9,99 €"
    }
   ]
  },
  {
   "product": "Valge veiniäädika kaste, GOURMANTE, 250 ml",
   "url": "https://www.selver.ee/valge-veiniaadika-kaste-gourmante-250-ml",
   "hind": [
    {
     "hind": "3,69 €"
    }
   ]
  },
  {
   "product": "Kookosõli sprei, MANTOVA, 200 ml",
   "url": "https://www.selver.ee/kookosoli-sprei-mantova-200-ml",
   "hind": [
    {
     "hind": "8,99 €"
    }
   ]
  },
  {
   "product": "Vaarika gurmeeäädikas, IDEAFARM, 200 ml",
   "url": "https://www.selver.ee/vaarika-gurmeeaadikas-ideafarm-200-ml",
   "hind": [
    {
     "hind": "3,99 €"
    }
   ]
  },
  {
   "product": "HULGI Ketšup 3tk, SALVEST, 3 x 270 g",
   "url": "https://www.selver.ee/hulgi-ketsup-3tk-salvest-3-x-270-g",
   "hind": [
    {
     "hind": "3,50 €"
    }
   ]
  },
  {
   "product": "Buffalo Wings, FRANKS´RED HOT, 354 ml",
   "url": "https://www.selver.ee/buffalo-wings-franks-red-hot-354-ml",
   "hind": [
    {
     "hind": "6,99 €"
    }
   ]
  },
  {
   "product": "Ekstra neitsioliiviõli basiilikuga sprei, MANTOVA, 200 ml",
   "url": "https://www.selver.ee/ekstra-neitsioliivioli-basiilikuga-sprei-mantova-200-ml",
   "hind": [
    {
     "hind": "7,99 €"
    }
   ]
  },
  {
   "product": "Ekstra neitsioliiviõli rosmariiniga sprei, MANTOVA, 200 ml",
   "url": "https://www.selver.ee/ekstra-neitsioliivioli-rosmariiniga-sprei-mantova-200-ml",
   "hind": [
    {
     "hind": "7,99 €"
    }
   ]
  },
  {
   "product": "Cayenne'i piprakaste, FRANKS´RED HOT, 148 ml",
   "url": "https://www.selver.ee/cayenne-i-piprakaste-franks-red-hot-148-ml",
   "hind": [
    {
     "hind": "3,89 €"
    }
   ]
  },
  {
   "product": "Viinamarjaseemneõli sprei, MANTOVA, 200 ml",
   "url": "https://www.selver.ee/viinamarjaseemneoli-sprei-mantova-200-ml",
   "hind": [
    {
     "hind": "7,99 €"
    }
   ]
  }
 ]
}