{
 "name": "Puu- ja köögiviljad",
 "info": [
  {
   "product": "Banaan Chiquita, kg",
   "url": "https://www.selver.ee/banaan-kg",
   "hind": [
    {
     "hind": "1,19 €"
    }
   ]
  },
  {
   "product": "Apelsin Navel Lane Late, kg",
   "url": "https://www.selver.ee/apelsin-kg",
   "hind": [
    {
     "hind": "1,59 €"
    },
    {
     "hind": "1,99 €"
    }
   ]
  },
  {
   "product": "Kirsskobartomat, 500 g",
   "url": "https://www.selver.ee/kirss-kobartomat-500-g",
   "hind": [
    {
     "hind": "2,49 €"
    }
   ]
  },
  {
   "product": "Õun Royal Gala, kg",
   "url": "https://www.selver.ee/oun-royal-gala-kg",
   "hind": [
    {
     "hind": "1,49 €"
    }
   ]
  },
  {
   "product": "Mandariin Nadorcot, kg",
   "url": "https://www.selver.ee/mandariin-kg",
   "hind": [
    {
     "hind": "2,39 €"
    }
   ]
  },
  {
   "product": "Kurk Luunja, kg",
   "url": "https://www.selver.ee/kurk-eesti-kg",
   "hind": [
    {
     "hind": "1,89 €"
    },
    {
     "hind": "2,79 €"
    }
   ]
  },
  {
   "product": "Kirssploomtomat, 250 g",
   "url": "https://www.selver.ee/kirss-ploomtomat-250-g",
   "hind": [
    {
     "hind": "1,39 €"
    }
   ]
  },
  {
   "product": "Pirn Conference, kg",
   "url": "https://www.selver.ee/pirn-conference-vaike-kg",
   "hind": [
    {
     "hind": "1,29 €"
    }
   ]
  },
  {
   "product": "Frillis lõigatud, tk",
   "url": "https://www.selver.ee/frillis-loigatud-grune-fee-tk",
   "hind": [
    {
     "hind": "1,29 €"
    }
   ]
  },
  {
   "product": "Õun Jonagold, kg",
   "url": "https://www.selver.ee/oun-jonagold-jonagored-kg",
   "hind": [
    {
     "hind": "0,89 €"
    }
   ]
  },
  {
   "product": "Õun Golden, kg",
   "url": "https://www.selver.ee/oun-earlygold-kg",
   "hind": [
    {
     "hind": "2,39 €"
    }
   ]
  },
  {
   "product": "Peakapsas, kg",
   "url": "https://www.selver.ee/kapsas-varajane-kg",
   "hind": [
    {
     "hind": "0,45 €"
    }
   ]
  },
  {
   "product": "Porgand pakitud, KADARBIKU KÖÖGIVILI, 500 g",
   "url": "https://www.selver.ee/porgand-pakitud-kadarbiku-koogivili-500-g",
   "hind": [
    {
     "hind": "0,59 €"
    }
   ]
  },
  {
   "product": "Paprika punane, kg",
   "url": "https://www.selver.ee/paprika-punane-kg",
   "hind": [
    {
     "hind": "5,49 €"
    }
   ]
  },
  {
   "product": "Melon kollane, kg",
   "url": "https://www.selver.ee/melon-kollane-kg",
   "hind": [
    {
     "hind": "1,79 €"
    }
   ]
  },
  {
   "product": "Avokaado karbis Ready to Eat, 300 g",
   "url": "https://www.selver.ee/avokaado-karbis-ready-to-eat-300-g",
   "hind": [
    {
     "hind": "2,79 €"
    }
   ]
  },
  {
   "product": "Tomat lahtine, kg",
   "url": "https://www.selver.ee/tomat-lahtine-kg",
   "hind": [
    {
     "hind": "1,69 €"
    }
   ]
  },
  {
   "product": "Sidrun, kg",
   "url": "https://www.selver.ee/sidrun-kg",
   "hind": [
    {
     "hind": "2,49 €"
    }
   ]
  },
  {
   "product": "Mugulsibul pakitud võrgus, 1 kg",
   "url": "https://www.selver.ee/mugulsibul-pakitud-vorgus-1-kg",
   "hind": [
    {
     "hind": "0,89 €"
    }
   ]
  },
  {
   "product": "Kobartomat, kg",
   "url": "https://www.selver.ee/kobartomat-kg",
   "hind": [
    {
     "hind": "1,99 €"
    }
   ]
  },
  {
   "product": "Ploomtomat karbis, 500g",
   "url": "https://www.selver.ee/ploomtomat-karbis-500g",
   "hind": [
    {
     "hind": "1,79 €"
    }
   ]
  },
  {
   "product": "Porgand, LAHEOTSA, 500 g",
   "url": "https://www.selver.ee/porgand-laheotsa-500-g",
   "hind": [
    {
     "hind": "0,69 €"
    }
   ]
  },
  {
   "product": "Viinamari hele seemneteta, 500 g",
   "url": "https://www.selver.ee/hele-viinamari-sweet-globe-500-g",
   "hind": [
    {
     "hind": "2,99 €"
    }
   ]
  },
  {
   "product": "Salat beebispinat, SELVER, 75 g",
   "url": "https://www.selver.ee/salat-beebispinat-selver-75-g",
   "hind": [
    {
     "hind": "0,99 €"
    },
    {
     "hind": "1,29 €"
    }
   ]
  },
  {
   "product": "Õun Kanzi, kg",
   "url": "https://www.selver.ee/oun-kanzi-kg",
   "hind": [
    {
     "hind": "2,29 €"
    },
    {
     "hind": "2,99 €"
    }
   ]
  },
  {
   "product": "Kartul, LAHEOTSA, 2 kg",
   "url": "https://www.selver.ee/kartul-laheotsa-2-kg",
   "hind": [
    {
     "hind": "1,99 €"
    }
   ]
  },
  {
   "product": "Lehtsalat potis, GRÜNE FEE, tk",
   "url": "https://www.selver.ee/lehtsalat-potis-grune-fee-tk",
   "hind": [
    {
     "hind": "1,29 €"
    }
   ]
  },
  {
   "product": "Lillkapsas, kg",
   "url": "https://www.selver.ee/lillkapsas-kg",
   "hind": [
    {
     "hind": "2,79 €"
    }
   ]
  },
  {
   "product": "Kartul Laura pakendatud, 2kg",
   "url": "https://www.selver.ee/kartul-laura-pakendatud-villeri-2-kg",
   "hind": [
    {
     "hind": "2,69 €"
    }
   ]
  },
  {
   "product": "Kirsstomat punane, 250 g",
   "url": "https://www.selver.ee/kirsstomat-punane-250-g",
   "hind": [
    {
     "hind": "0,79 €"
    }
   ]
  },
  {
   "product": "Kirssploomtomat, SAN MAZZO, 500 g",
   "url": "https://www.selver.ee/kirss-ploomtomat-san-mazzo-500-g",
   "hind": [
    {
     "hind": "1,99 €"
    },
    {
     "hind": "3,99 €"
    }
   ]
  },
  {
   "product": "Õun Granny Smith, kg",
   "url": "https://www.selver.ee/oun-granny-smith-kg",
   "hind": [
    {
     "hind": "1,99 €"
    }
   ]
  },
  {
   "product": "Varajane kapsas, kg",
   "url": "https://www.selver.ee/varajane-kapsas-kg",
   "hind": [
    {
     "hind": "1,99 €"
    }
   ]
  },
  {
   "product": "Talukartul pakendatud, 2,5 kg",
   "url": "https://www.selver.ee/talukartul-pakendatud-2-5-kg",
   "hind": [
    {
     "hind": "2,49 €"
    }
   ]
  },
  {
   "product": "Värske pakitud porgand, valmis söömiseks, 200 g",
   "url": "https://www.selver.ee/porgandid-ready-to-eat-200-g",
   "hind": [
    {
     "hind": "1,49 €"
    }
   ]
  },
  {
   "product": "Avokaado võrgus, 700 g",
   "url": "https://www.selver.ee/avokaado-vorgus-700-g-1",
   "hind": [
    {
     "hind": "3,79 €"
    }
   ]
  },
  {
   "product": "Arbuus, kg",
   "url": "https://www.selver.ee/arbuus-kg",
   "hind": [
    {
     "hind": "1,99 €"
    }
   ]
  },
  {
   "product": "Salatisegu, SELVER, 75 g",
   "url": "https://www.selver.ee/salatisegu-selver-75-g",
   "hind": [
    {
     "hind": "1,29 €"
    }
   ]
  },
  {
   "product": "Kaalikas, kg",
   "url": "https://www.selver.ee/kaalikas-kg",
   "hind": [
    {
     "hind": "1,09 €"
    }
   ]
  },
  {
   "product": "Suvikõrvits, kg",
   "url": "https://www.selver.ee/suvikorvits-kg",
   "hind": [
    {
     "hind": "1,49 €"
    }
   ]
  },
  {
   "product": "Beebiporgand, KADARBIKU KÖÖGIVILI, 250 g",
   "url": "https://www.selver.ee/beebiporgand-kadarbiku-koogivili-250-g",
   "hind": [
    {
     "hind": "1,19 €"
    }
   ]
  },
  {
   "product": "Maasikas, 500 g",
   "url": "https://www.selver.ee/maasikad-500-g",
   "hind": [
    {
     "hind": "3,49 €"
    },
    {
     "hind": "3,99 €"
    }
   ]
  },
  {
   "product": "Küüslaugu küüned pakitud, 100 g",
   "url": "https://www.selver.ee/kuuslaugu-kuuned-pakitud-100-g",
   "hind": [
    {
     "hind": "2,29 €"
    }
   ]
  },
  {
   "product": "Roheline sibul, 100 g",
   "url": "https://www.selver.ee/roheline-sibul-100-g",
   "hind": [
    {
     "hind": "0,79 €"
    }
   ]
  },
  {
   "product": "Šampinjonid valged, 230 g",
   "url": "https://www.selver.ee/sampinjonid-valged-230g-230-g",
   "hind": [
    {
     "hind": "1,49 €"
    }
   ]
  },
  {
   "product": "Jääsalat, kg",
   "url": "https://www.selver.ee/jaasalat-kg",
   "hind": [
    {
     "hind": "2,99 €"
    }
   ]
  },
  {
   "product": "Ananass, kg",
   "url": "https://www.selver.ee/ananass-kg",
   "hind": [
    {
     "hind": "1,49 €"
    }
   ]
  },
  {
   "product": "Aurutatud riivitud peet, MÕISAPROUA, 500 g",
   "url": "https://www.selver.ee/aurutatud-riivitud-peet-moisaproua-500-g",
   "hind": [
    {
     "hind": "0,99 €"
    }
   ]
  },
  {
   "product": "Rukola, SELVER, 75 g",
   "url": "https://www.selver.ee/rukola-selver-75-g",
   "hind": [
    {
     "hind": "1,29 €"
    }
   ]
  },
  {
   "product": "Bataat, kg",
   "url": "https://www.selver.ee/bataat-kg",
   "hind": [
    {
     "hind": "3,49 €"
    }
   ]
  },
  {
   "product": "Banaan BIO, kg",
   "url": "https://www.selver.ee/banaan-bio-kg",
   "hind": [
    {
     "hind": "2,99 €"
    }
   ]
  },
  {
   "product": "Vaarikas karbis, 125 g",
   "url": "https://www.selver.ee/vaarikad-karbis-125-g",
   "hind": [
    {
     "hind": "2,99 €"
    }
   ]
  },
  {
   "product": "Õun Royal Gala pakendatud, 1,5 kg",
   "url": "https://www.selver.ee/royal-gala-kilekott-1-5-kg",
   "hind": [
    {
     "hind": "2,49 €"
    },
    {
     "hind": "2,99 €"
    }
   ]
  },
  {
   "product": "Aurutatud punapeet, MOISAPROUA, 500 g",
   "url": "https://www.selver.ee/aurutatud-punapeet-moisaproua-500-g",
   "hind": [
    {
     "hind": "0,99 €"
    }
   ]
  },
  {
   "product": "Spargelkapsas ehk brokoli, kg",
   "url": "https://www.selver.ee/spargelkapsas-kg",
   "hind": [
    {
     "hind": "2,49 €"
    }
   ]
  },
  {
   "product": "Kiivi korvis, 1 kg",
   "url": "https://www.selver.ee/kiivi-korvis-1-kg",
   "hind": [
    {
     "hind": "2,79 €"
    }
   ]
  },
  {
   "product": "Pirn Conference, 1 kg",
   "url": "https://www.selver.ee/pirn-conference-korvis-1-kg",
   "hind": [
    {
     "hind": "1,99 €"
    }
   ]
  },
  {
   "product": "Varsseller, kg",
   "url": "https://www.selver.ee/varsseller-kg",
   "hind": [
    {
     "hind": "1,29 €"
    }
   ]
  },
  {
   "product": "Mahe roheline sibul, 100 g",
   "url": "https://www.selver.ee/mahe-roheline-sibul-100-g",
   "hind": [
    {
     "hind": "1,89 €"
    }
   ]
  },
  {
   "product": "Kartul värske Agata, 1,5 kg",
   "url": "https://www.selver.ee/kartul-varske-1-5-kg",
   "hind": [
    {
     "hind": "1,99 €"
    }
   ]
  },
  {
   "product": "Mustikas karbis, 125 g",
   "url": "https://www.selver.ee/mustikas-karbis-125-g",
   "hind": [
    {
     "hind": "2,59 €"
    }
   ]
  },
  {
   "product": "Viinamari tume seemneteta, 500 g",
   "url": "https://www.selver.ee/viinamari-tume-seemneteta-crimson-500-g",
   "hind": [
    {
     "hind": "3,49 €"
    }
   ]
  },
  {
   "product": "Granaatõun, kg",
   "url": "https://www.selver.ee/granaatoun-kg",
   "hind": [
    {
     "hind": "5,99 €"
    }
   ]
  },
  {
   "product": "Avokaado, kg",
   "url": "https://www.selver.ee/avokaado-kg",
   "hind": [
    {
     "hind": "3,99 €"
    },
    {
     "hind": "5,49 €"
    }
   ]
  },
  {
   "product": "Tume viinamari Ribier, kg",
   "url": "https://www.selver.ee/viinamari-tume-kg",
   "hind": [
    {
     "hind": "5,49 €"
    }
   ]
  },
  {
   "product": "Hiina kapsas, kg",
   "url": "https://www.selver.ee/hiina-kapsas-kg",
   "hind": [
    {
     "hind": "1,79 €"
    },
    {
     "hind": "2,29 €"
    }
   ]
  },
  {
   "product": "Greip punane, kg",
   "url": "https://www.selver.ee/greip-punane-valge-kg",
   "hind": [
    {
     "hind": "2,49 €"
    }
   ]
  },
  {
   "product": "Punane viinamari Red Globe, kg",
   "url": "https://www.selver.ee/viinamari-red-globe-kg",
   "hind": [
    {
     "hind": "3,29 €"
    },
    {
     "hind": "4,49 €"
    }
   ]
  },
  {
   "product": "Redis tuutus, 125 g",
   "url": "https://www.selver.ee/redis-tuutus-125-g",
   "hind": [
    {
     "hind": "0,69 €"
    }
   ]
  },
  {
   "product": "Punane sibul, kg",
   "url": "https://www.selver.ee/punane-sibul-kg",
   "hind": [
    {
     "hind": "0,69 €"
    }
   ]
  },
  {
   "product": "Ploom punane Ruby Star, kg",
   "url": "https://www.selver.ee/ploom-punane-african-rose-kg",
   "hind": [
    {
     "hind": "1,99 €"
    },
    {
     "hind": "2,49 €"
    }
   ]
  },
  {
   "product": "Mustikas topsis, 200 g",
   "url": "https://www.selver.ee/mustikas-topsis-200-g",
   "hind": [
    {
     "hind": "3,79 €"
    },
    {
     "hind": "4,99 €"
    }
   ]
  },
  {
   "product": "Mahlaapelsin võrgus, 1 kg",
   "url": "https://www.selver.ee/mahlaapelsin-vorgus-1-5-kg",
   "hind": [
    {
     "hind": "1,49 €"
    }
   ]
  },
  {
   "product": "Porgand pakitud, 1 kg",
   "url": "https://www.selver.ee/porgand-pakitud-1-kg",
   "hind": [
    {
     "hind": "1,49 €"
    },
    {
     "hind": "1,79 €"
    }
   ]
  },
  {
   "product": "Peet, kg",
   "url": "https://www.selver.ee/peet-kg",
   "hind": [
    {
     "hind": "0,39 €"
    }
   ]
  },
  {
   "product": "Till potis, GRÜNE FEE, tk",
   "url": "https://www.selver.ee/till-potis-grune-fee-tk",
   "hind": [
    {
     "hind": "1,39 €"
    }
   ]
  },
  {
   "product": "Aurutatud peet , KADARBIKU KÖÖGIVILI, 500 g",
   "url": "https://www.selver.ee/aurutatud-peet-kadarbiku-koogivili-500-g",
   "hind": [
    {
     "hind": "1,19 €"
    }
   ]
  },
  {
   "product": "Hapukurk Peipsi pakitud, 400 g",
   "url": "https://www.selver.ee/hapukurk-peipsi-pakitud-400-g",
   "hind": [
    {
     "hind": "2,29 €"
    }
   ]
  },
  {
   "product": "Mango-banaani smuuti, PAI, 280 ml",
   "url": "https://www.selver.ee/mango-banaani-smuuti-pai-280-ml-1",
   "hind": [
    {
     "hind": "1,79 €"
    }
   ]
  },
  {
   "product": "Hapukapsas porgandiga, KADARBIKU KÖÖGIVILI, 500 g",
   "url": "https://www.selver.ee/hapukapsas-kadarbiku-koogivili-500-g",
   "hind": [
    {
     "hind": "0,99 €"
    }
   ]
  },
  {
   "product": "Beebišampinjonid, 230 g",
   "url": "https://www.selver.ee/beebisampinjonid-230-g",
   "hind": [
    {
     "hind": "1,59 €"
    }
   ]
  },
  {
   "product": "Mango Tommy Atkins, kg",
   "url": "https://www.selver.ee/mango-kg",
   "hind": [
    {
     "hind": "2,49 €"
    }
   ]
  },
  {
   "product": "Basiilik potis, ORU FARM, tk",
   "url": "https://www.selver.ee/basiilik-potis-tk",
   "hind": [
    {
     "hind": "1,99 €"
    }
   ]
  },
  {
   "product": "Mungoa idu, LÕUNAIDU, 150 g",
   "url": "https://www.selver.ee/mungoa-idu-150-g",
   "hind": [
    {
     "hind": "1,59 €"
    },
    {
     "hind": "1,99 €"
    }
   ]
  },
  {
   "product": "God Morgon apelsinimahl viljalihaga, RYNKEBY, 1,75 l",
   "url": "https://www.selver.ee/god-morgon-apelsinimahl-viljalihaga-rynkeby-1-75-l",
   "hind": [
    {
     "hind": "3,99 €"
    }
   ]
  },
  {
   "product": "Muskaatkõrvits, kg",
   "url": "https://www.selver.ee/muskaatkorvits-kg",
   "hind": [
    {
     "hind": "0,99 €"
    }
   ]
  },
  {
   "product": "Värske soolakurk ämbris, 500 g",
   "url": "https://www.selver.ee/soolakurk-ambris-500-g",
   "hind": [
    {
     "hind": "4,99 €"
    }
   ]
  },
  {
   "product": "Porgandimahl, KADARBIKU KÖÖGIVILI, 500 ml",
   "url": "https://www.selver.ee/porgandimahl-kadarbiku-koogivili-500-ml-1",
   "hind": [
    {
     "hind": "1,49 €"
    },
    {
     "hind": "2,29 €"
    }
   ]
  },
  {
   "product": "Pirn Abate, kg",
   "url": "https://www.selver.ee/pirn-abate-kg",
   "hind": [
    {
     "hind": "2,59 €"
    }
   ]
  },
  {
   "product": "Laim, kg",
   "url": "https://www.selver.ee/laim-kg",
   "hind": [
    {
     "hind": "2,99 €"
    }
   ]
  },
  {
   "product": "Õun Golden pakitud, 1 kg",
   "url": "https://www.selver.ee/oun-golden-pakitud-1-0kg-1-kg",
   "hind": [
    {
     "hind": "1,29 €"
    }
   ]
  },
  {
   "product": "Vaarika-mustika smuuti, PAI, 280 ml",
   "url": "https://www.selver.ee/vaarika-mustika-smuuti-pai-280-ml-1",
   "hind": [
    {
     "hind": "1,79 €"
    }
   ]
  },
  {
   "product": "Mini roomasalat, 200 g",
   "url": "https://www.selver.ee/mini-roomasalat-200-g",
   "hind": [
    {
     "hind": "1,49 €"
    }
   ]
  },
  {
   "product": "Smuuti vaarika ja mustika, PAI, 750ml",
   "url": "https://www.selver.ee/smuuti-vaarika-ja-mustika-pai-750ml-1",
   "hind": [
    {
     "hind": "3,49 €"
    }
   ]
  },
  {
   "product": "Porrulauk, kg",
   "url": "https://www.selver.ee/porrulauk-kg",
   "hind": [
    {
     "hind": "3,49 €"
    }
   ]
  },
  {
   "product": "Smuut mango ja apelsini, PAI, 750ml",
   "url": "https://www.selver.ee/smuut-mango-ja-apelsini-pai-750ml-1",
   "hind": [
    {
     "hind": "3,49 €"
    }
   ]
  },
  {
   "product": "Supersmuuti Astelpaju-Porgandi-Mango, AURA SMUUTI, 330 ml",
   "url": "https://www.selver.ee/supersmuuti-astelpaju-porgandi-mango-aura-smuuti-330-ml",
   "hind": [
    {
     "hind": "1,29 €"
    }
   ]
  },
  {
   "product": "Hapukapsamahl, TARPLAN, 300 ml",
   "url": "https://www.selver.ee/hapukapsamahl-tarplan-300-ml",
   "hind": [
    {
     "hind": "0,79 €"
    }
   ]
  },
  {
   "product": "Šampinjon viilutatud, 200 g",
   "url": "https://www.selver.ee/sampinjon-viilutatud-230-g",
   "hind": [
    {
     "hind": "1,49 €"
    }
   ]
  },
  {
   "product": "Suhkruhernes, 150 g",
   "url": "https://www.selver.ee/suhkruhernes-150-g",
   "hind": [
    {
     "hind": "1,99 €"
    }
   ]
  },
  {
   "product": "Basiilik, GRÜNE FEE, tk",
   "url": "https://www.selver.ee/basiilik-grune-fee-tk",
   "hind": [
    {
     "hind": "1,39 €"
    }
   ]
  },
  {
   "product": "Pirni-banaani smuuti, PAI, 280 ml",
   "url": "https://www.selver.ee/pirni-banaani-smuuti-pai-280-ml-1",
   "hind": [
    {
     "hind": "1,79 €"
    }
   ]
  },
  {
   "product": "Kartul Jõgeva Kollane, 2 kg",
   "url": "https://www.selver.ee/kartul-jogeva-kollane-2-kg",
   "hind": [
    {
     "hind": "1,79 €"
    }
   ]
  },
  {
   "product": "Hapukapsas Sagro, 500 g",
   "url": "https://www.selver.ee/hapukapsas-sagro-500-g",
   "hind": [
    {
     "hind": "0,99 €"
    }
   ]
  },
  {
   "product": "Koriander, 50 g",
   "url": "https://www.selver.ee/koriander-50-g",
   "hind": [
    {
     "hind": "1,49 €"
    }
   ]
  },
  {
   "product": "Aedmuraka-mustika smuuti chia-seemnetega, PAI+, 280 ml",
   "url": "https://www.selver.ee/aedmuraka-mustika-smuuti-chia-seemnetega-pai-280-ml-1",
   "hind": [
    {
     "hind": "1,79 €"
    }
   ]
  },
  {
   "product": "Smuuti maasika ja banaani, PAI, 750ml",
   "url": "https://www.selver.ee/smuuti-maasika-ja-banaani-pai-750ml-1",
   "hind": [
    {
     "hind": "3,49 €"
    }
   ]
  },
  {
   "product": "Maasikas kastis, 1 kg",
   "url": "https://www.selver.ee/maasikas-kastis-1-kg",
   "hind": [
    {
     "hind": "7,99 €"
    }
   ]
  },
  {
   "product": "Põldsalat, SELVER, 75 g",
   "url": "https://www.selver.ee/poldsalat-selver-75-g",
   "hind": [
    {
     "hind": "1,29 €"
    }
   ]
  },
  {
   "product": "Värske soolakurk, 500 g",
   "url": "https://www.selver.ee/varske-soolakurk-500-g",
   "hind": [
    {
     "hind": "4,59 €"
    }
   ]
  },
  {
   "product": "Apelsini-porgandimahl, KADARBIKU KÖÖGIVILI, 500 ml",
   "url": "https://www.selver.ee/apelsini-porgandimahl-kadarbiku-koogivili-500-ml-1",
   "hind": [
    {
     "hind": "1,99 €"
    }
   ]
  },
  {
   "product": "Mango Ready to Eat karbis, 650 g",
   "url": "https://www.selver.ee/mango-ready-to-eat-karbis-650-g",
   "hind": [
    {
     "hind": "2,99 €"
    }
   ]
  },
  {
   "product": "Hapukapsas, KADARBIKU KÖÖGIVILI, 1 kg",
   "url": "https://www.selver.ee/hapukapsas-kadarbiku-koogivili-1-kg",
   "hind": [
    {
     "hind": "1,49 €"
    }
   ]
  },
  {
   "product": "Smuuti mango-apelsini, AURA, 330 g",
   "url": "https://www.selver.ee/smuuti-mango-apelsini-aura-330-g",
   "hind": [
    {
     "hind": "0,99 €"
    }
   ]
  },
  {
   "product": "Šampinjonid pruunid, 230 g",
   "url": "https://www.selver.ee/sampinjonid-pruunid-230-g",
   "hind": [
    {
     "hind": "1,79 €"
    }
   ]
  },
  {
   "product": "Füüsal karbis, 100 g",
   "url": "https://www.selver.ee/fuusal-karbis-100-g",
   "hind": [
    {
     "hind": "1,59 €"
    }
   ]
  },
  {
   "product": "Smuuti kiivi-ananassi-mango, AURA, 300 g",
   "url": "https://www.selver.ee/smuuti-kiivi-ananassi-mango-aura-300-g",
   "hind": [
    {
     "hind": "0,99 €"
    }
   ]
  },
  {
   "product": "Maasika-banaani smuuti, PAI, 280 ml",
   "url": "https://www.selver.ee/maasika-banaani-smuuti-pai-280-ml-1",
   "hind": [
    {
     "hind": "1,79 €"
    }
   ]
  },
  {
   "product": "Koriander potis, GRÜNE FEE, tk",
   "url": "https://www.selver.ee/koriander-potis-grune-fee-tk",
   "hind": [
    {
     "hind": "1,39 €"
    }
   ]
  },
  {
   "product": "Kiivi-mango smuuti, PAI, 280 ml",
   "url": "https://www.selver.ee/kiivi-mango-smuuti-pai-280-ml-1",
   "hind": [
    {
     "hind": "1,79 €"
    }
   ]
  },
  {
   "product": "Supersmuuti kookose-ananassi-banaani, AURA, 330g",
   "url": "https://www.selver.ee/supersmuuti-kookose-ananassi-banaani-aura-330g",
   "hind": [
    {
     "hind": "1,29 €"
    }
   ]
  },
  {
   "product": "Porgandi-astelpajumahl, KADARBIKU KÖÖGIVILI, 500 ml",
   "url": "https://www.selver.ee/porgandi-astelpajumahl-1",
   "hind": [
    {
     "hind": "1,99 €"
    }
   ]
  },
  {
   "product": "Ingver, kg",
   "url": "https://www.selver.ee/ingver-kg",
   "hind": [
    {
     "hind": "4,99 €"
    }
   ]
  },
  {
   "product": "Kiivi karbis, 400 g",
   "url": "https://www.selver.ee/kiivi-karbis-400-g",
   "hind": [
    {
     "hind": "2,99 €"
    }
   ]
  },
  {
   "product": "Baklažaan, kg",
   "url": "https://www.selver.ee/baklazaan-kg",
   "hind": [
    {
     "hind": "1,69 €"
    }
   ]
  },
  {
   "product": "Kartul, LAHEOTSA, 4 kg",
   "url": "https://www.selver.ee/kartul-laheotsa-4-kg",
   "hind": [
    {
     "hind": "3,79 €"
    }
   ]
  },
  {
   "product": "Mango-apelsini smuuti, PAI, 280 ml",
   "url": "https://www.selver.ee/mango-apelsini-smuuti-pai-280-ml-1",
   "hind": [
    {
     "hind": "1,79 €"
    }
   ]
  },
  {
   "product": "Till potis, ORU FARM, 1 tk",
   "url": "https://www.selver.ee/till-potis-oru-farm-1-tk",
   "hind": [
    {
     "hind": "1,99 €"
    }
   ]
  },
  {
   "product": "Hapukapsas, KADARBIKU KÖÖGIVILI, 800 g",
   "url": "https://www.selver.ee/hapukapsas-kadarbiku-koogivili-800-g",
   "hind": [
    {
     "hind": "1,59 €"
    }
   ]
  },
  {
   "product": "Smuuti meloni ja passiooni, PAI, 280ml",
   "url": "https://www.selver.ee/smuuti-meloni-ja-passiooni-pai-280ml-1",
   "hind": [
    {
     "hind": "1,79 €"
    }
   ]
  },
  {
   "product": "Murulauk potis, GRÜNE FEE, tk",
   "url": "https://www.selver.ee/murulauk-potis-grune-fee-tk",
   "hind": [
    {
     "hind": "1,39 €"
    }
   ]
  },
  {
   "product": "Spargel, 500 g",
   "url": "https://www.selver.ee/spargel-500-g",
   "hind": [
    {
     "hind": "3,99 €"
    },
    {
     "hind": "4,99 €"
    }
   ]
  },
  {
   "product": "Vaarika peedi mustasõstra smuuti, PAI, 280 ml",
   "url": "https://www.selver.ee/vaarika-peedi-mustasostra-smuuti-pai-280-ml-1",
   "hind": [
    {
     "hind": "1,79 €"
    }
   ]
  },
  {
   "product": "Smuuti aprikoosi-banaani-porgandi, AURA, 330 g",
   "url": "https://www.selver.ee/smuuti-aprikoosi-banaani-porgandi-aura-330-g",
   "hind": [
    {
     "hind": "0,99 €"
    }
   ]
  },
  {
   "product": "Roheline sibul pakitud, kg",
   "url": "https://www.selver.ee/roheline-sibul-pakitud-kg",
   "hind": [
    {
     "hind": "8,99 €"
    }
   ]
  },
  {
   "product": "Türgiuba, 250 g",
   "url": "https://www.selver.ee/turgiuba-250-g",
   "hind": [
    {
     "hind": "2,49 €"
    }
   ]
  },
  {
   "product": "Koriander potis, ORU FARM, tk",
   "url": "https://www.selver.ee/koriander-potis-oru-tk",
   "hind": [
    {
     "hind": "1,49 €"
    },
    {
     "hind": "1,99 €"
    }
   ]
  },
  {
   "product": "Supersmuuti mango-banaani-peedi, AURA, 330g",
   "url": "https://www.selver.ee/supersmuuti-mango-banaani-peedi-aura-330g",
   "hind": [
    {
     "hind": "1,29 €"
    }
   ]
  },
  {
   "product": "Mais vaakumis, 450 g",
   "url": "https://www.selver.ee/mais-vaakumis-450-g",
   "hind": [
    {
     "hind": "1,99 €"
    }
   ]
  },
  {
   "product": "Kirsstomat Kumato, 250 g",
   "url": "https://www.selver.ee/kirsstomat-kumato-250-g",
   "hind": [
    {
     "hind": "2,89 €"
    }
   ]
  },
  {
   "product": "Ahjusegu porgand nuikapsas porrulauk kaalikas, KADARBIKU KÖÖGIVILI, 700 g",
   "url": "https://www.selver.ee/ahjusegu-porgand-nuikapsas-porrulauk-kaalikas-kadarbiku-koogivili-700-g",
   "hind": [
    {
     "hind": "1,99 €"
    }
   ]
  },
  {
   "product": "Mahe basiilik potis, tk",
   "url": "https://www.selver.ee/mahe-basiilik-potis-tk",
   "hind": [
    {
     "hind": "1,99 €"
    }
   ]
  },
  {
   "product": "Salatisibul, kg",
   "url": "https://www.selver.ee/salatisibul-kg",
   "hind": [
    {
     "hind": "1,29 €"
    }
   ]
  },
  {
   "product": "Mustika-banaani smuuti, PAI, 280 ml",
   "url": "https://www.selver.ee/mustika-banaani-smuuti-pai-280-ml-1",
   "hind": [
    {
     "hind": "1,79 €"
    }
   ]
  },
  {
   "product": "Minibanaan, 250 g",
   "url": "https://www.selver.ee/minibanaan-250-g",
   "hind": [
    {
     "hind": "1,79 €"
    }
   ]
  },
  {
   "product": "Sidrun võrgus, 500g",
   "url": "https://www.selver.ee/sidrun-vorgus-500g",
   "hind": [
    {
     "hind": "1,19 €"
    }
   ]
  },
  {
   "product": "Rooma salat, kg",
   "url": "https://www.selver.ee/rooma-salat-kg",
   "hind": [
    {
     "hind": "3,49 €"
    }
   ]
  },
  {
   "product": "Smuuti pirni-banaani-viinamarja, AURA, 330 g",
   "url": "https://www.selver.ee/smuuti-pirni-banaani-viinamarja-aura-330-g",
   "hind": [
    {
     "hind": "0,99 €"
    }
   ]
  },
  {
   "product": "Mahe mugulsibul, 500 g",
   "url": "https://www.selver.ee/mahe-mugulsibul-500-g",
   "hind": [
    {
     "hind": "2,99 €"
    }
   ]
  },
  {
   "product": "Idusalat, LÕUNAIDU, 150 g",
   "url": "https://www.selver.ee/idusalat-150-g",
   "hind": [
    {
     "hind": "1,99 €"
    }
   ]
  },
  {
   "product": "Proteiinismuuti maasika-vaarika jook valgulisandiga, PAI+, 280 ml",
   "url": "https://www.selver.ee/proteiinismuuti-maasika-vaarika-jook-valgulisandiga-pai-280-ml-1",
   "hind": [
    {
     "hind": "1,79 €"
    }
   ]
  },
  {
   "product": "Idutrio, LÕUNAIDU, 150 g",
   "url": "https://www.selver.ee/mahe-idutrio-150-g",
   "hind": [
    {
     "hind": "1,99 €"
    }
   ]
  },
  {
   "product": "Kimchi salat, 450 g",
   "url": "https://www.selver.ee/kimchi-salat-450-g",
   "hind": [
    {
     "hind": "1,99 €"
    }
   ]
  },
  {
   "product": "Bechamel valge koorekaste, FOODSTUDIO, 350 ml",
   "url": "https://www.selver.ee/bechamel-valge-koorekaste-foodstudio-350-ml",
   "hind": [
    {
     "hind": "2,99 €"
    }
   ]
  },
  {
   "product": "Ananassi-mango smuuti, PAI, 280 ml",
   "url": "https://www.selver.ee/ananassi-mango-smuuti-pai-280-ml-1",
   "hind": [
    {
     "hind": "1,79 €"
    }
   ]
  },
  {
   "product": "Smushie Mustika-jogurtismuuti kinoa helvestega, SALVEST, 170 g",
   "url": "https://www.selver.ee/smushie-mustika-jogurtismuuti-kinoa-helvestega-salvest-170-g",
   "hind": [
    {
     "hind": "2,29 €"
    }
   ]
  },
  {
   "product": "Grill Šampinjonid, 450 g",
   "url": "https://www.selver.ee/grill-sampinjonid-450-g",
   "hind": [
    {
     "hind": "2,49 €"
    },
    {
     "hind": "2,79 €"
    }
   ]
  },
  {
   "product": "Smuuti mango-kibuvitsa, PAI+, 280 ml",
   "url": "https://www.selver.ee/smuuti-mango-kibuvitsa-pai-280-g-1",
   "hind": [
    {
     "hind": "1,79 €"
    }
   ]
  },
  {
   "product": "Kookose-ananassi smuuti, PAI, 280 ml",
   "url": "https://www.selver.ee/kookose-ananassi-smuuti-pai-280-ml-1",
   "hind": [
    {
     "hind": "1,79 €"
    }
   ]
  },
  {
   "product": "Puuviljasalat, 300 g",
   "url": "https://www.selver.ee/puuviljasalat-300-g",
   "hind": [
    {
     "hind": "3,99 €"
    }
   ]
  },
  {
   "product": "Avokaado söömisküps, kg",
   "url": "https://www.selver.ee/avokaado-vorgus-kg",
   "hind": [
    {
     "hind": "9,99 €"
    }
   ]
  },
  {
   "product": "Lutserni idu, LÕUNAIDU, 100 g",
   "url": "https://www.selver.ee/lutserni-idu-100-g",
   "hind": [
    {
     "hind": "1,99 €"
    }
   ]
  },
  {
   "product": "Rukola potis, GRÜNE FEE, tk",
   "url": "https://www.selver.ee/rukola-potis-grune-fee-tk",
   "hind": [
    {
     "hind": "1,39 €"
    }
   ]
  },
  {
   "product": "Mahe Pirn, 500 g",
   "url": "https://www.selver.ee/oko-pirn-500-g",
   "hind": [
    {
     "hind": "3,99 €"
    }
   ]
  },
  {
   "product": "Smuuti apelsini-porgandi-ingveri, PAI+, 280 ml",
   "url": "https://www.selver.ee/smuuti-apelsini-porgandi-ingveri-pai-280-g-1",
   "hind": [
    {
     "hind": "1,79 €"
    }
   ]
  },
  {
   "product": "Dattel, 200 g",
   "url": "https://www.selver.ee/dattel-200-g",
   "hind": [
    {
     "hind": "0,99 €"
    }
   ]
  },
  {
   "product": "Juurseller, kg",
   "url": "https://www.selver.ee/juurseller-kg",
   "hind": [
    {
     "hind": "0,99 €"
    }
   ]
  },
  {
   "product": "Hapukapsas, 1 kg",
   "url": "https://www.selver.ee/hapukapsas-1-kg",
   "hind": [
    {
     "hind": "1,29 €"
    }
   ]
  },
  {
   "product": "Peedimahl, KADARBIKU KÖÖGIVILI, 330 ml",
   "url": "https://www.selver.ee/peedimahl-kadarbiku-koogivili-330-ml-1",
   "hind": [
    {
     "hind": "1,79 €"
    }
   ]
  },
  {
   "product": "Smushie Mustasõstra-kookosesmuuti chia seemnetega, SALVEST, 170 g",
   "url": "https://www.selver.ee/smushie-mustasostra-kookosesmuuti-chia-seemnetega-salvest-170-g",
   "hind": [
    {
     "hind": "2,29 €"
    }
   ]
  },
  {
   "product": "Õuna-peedimahl, KADARBIKU KÖÖGIVILI, 330 ml",
   "url": "https://www.selver.ee/ouna-peedimahl-kadarbiku-koogivili-330-ml-1",
   "hind": [
    {
     "hind": "1,79 €"
    }
   ]
  },
  {
   "product": "Porgandi-peedimahl, KADARBIKU KÖÖGIVILI, 330 ml",
   "url": "https://www.selver.ee/porgandi-peedimahl-kadarbiku-koogivili-330-ml-1",
   "hind": [
    {
     "hind": "1,79 €"
    }
   ]
  },
  {
   "product": "Tüümian potis, ORU, tk",
   "url": "https://www.selver.ee/tuumian-potis-oru-tk",
   "hind": [
    {
     "hind": "1,99 €"
    }
   ]
  },
  {
   "product": "Soolakurk küüslauguga, EESTI AND, 300 g",
   "url": "https://www.selver.ee/soolakurk-kuuslauguga-eesti-and-300-g",
   "hind": [
    {
     "hind": "1,79 €"
    }
   ]
  },
  {
   "product": "Küüslauk (Eesti), kg",
   "url": "https://www.selver.ee/kuuslauk-varske-kg",
   "hind": [
    {
     "hind": "10,99 €"
    }
   ]
  },
  {
   "product": "Öko pirni-kiivismuuti spirulinaga, SALVEST, 170 g",
   "url": "https://www.selver.ee/oko-pirni-kiivismuuti-spirulinaga-salvest-170-g",
   "hind": [
    {
     "hind": "2,29 €"
    }
   ]
  },
  {
   "product": "Smuuti vaarika ja mustika, SMUSHIE, 240 ml",
   "url": "https://www.selver.ee/smuuti-vaarika-ja-mustika-smushie-240-ml-1",
   "hind": [
    {
     "hind": "2,29 €"
    }
   ]
  },
  {
   "product": "Soolakurgid punase tšilliga, 300g",
   "url": "https://www.selver.ee/soolakurgid-punase-tsilliga-300g",
   "hind": [
    {
     "hind": "1,79 €"
    }
   ]
  },
  {
   "product": "Paprika mix, 500 g",
   "url": "https://www.selver.ee/paprika-mix-500-g",
   "hind": [
    {
     "hind": "3,99 €"
    }
   ]
  },
  {
   "product": "Ühepajatoit, 750 g",
   "url": "https://www.selver.ee/uhepajatoit-750-g",
   "hind": [
    {
     "hind": "2,99 €"
    }
   ]
  },
  {
   "product": "Smuuti ploomi ja mustasõstra, SMUSHIE, 240 ml",
   "url": "https://www.selver.ee/smuuti-ploomi-ja-mustasostra-smushie-240-ml-1",
   "hind": [
    {
     "hind": "2,29 €"
    }
   ]
  },
  {
   "product": "Granaatõunaseemned, 130 g",
   "url": "https://www.selver.ee/granaatounaseemned-130-g",
   "hind": [
    {
     "hind": "3,99 €"
    }
   ]
  },
  {
   "product": "Smuuti mango ja apelsini, SMUSHIE, 240 ml",
   "url": "https://www.selver.ee/smuuti-mango-ja-apelsini-smushie-240-ml-1",
   "hind": [
    {
     "hind": "2,29 €"
    }
   ]
  },
  {
   "product": "Apelsini-mango smuuti, FROOSH, 750 ml",
   "url": "https://www.selver.ee/catalog/product/view/id/41379/s/apelsini-mango-smuuti-froosh-750-ml-1/",
   "hind": [
    {
     "hind": "4,99 €"
    }
   ]
  },
  {
   "product": "Avokaado, 2 tk",
   "url": "https://www.selver.ee/oko-avokaado-2-tk",
   "hind": [
    {
     "hind": "3,49 €"
    }
   ]
  },
  {
   "product": "Banaani-kookose-ananassi smuuti, FROOSH, 750 ml",
   "url": "https://www.selver.ee/catalog/product/view/id/41377/s/banaani-kookose-ananassi-smuuti-froosh-750-ml-1/",
   "hind": [
    {
     "hind": "4,99 €"
    }
   ]
  },
  {
   "product": "Pastinaak, kg",
   "url": "https://www.selver.ee/pastinaak-taldrikul-kg",
   "hind": [
    {
     "hind": "1,29 €"
    }
   ]
  },
  {
   "product": "Mahe Mungoa idud, RÜÜTS, 140 g",
   "url": "https://www.selver.ee/oko-mungoa-idud-125-g",
   "hind": [
    {
     "hind": "1,99 €"
    }
   ]
  },
  {
   "product": "Õuna-banaani-maasika puuviljamiks, POM´BEL, 4x100g",
   "url": "https://www.selver.ee/ouna-banaani-maasika-puuviljamiks-pom-bel-4x100g",
   "hind": [
    {
     "hind": "2,49 €"
    }
   ]
  },
  {
   "product": "Magus paprika Ramiro mix , 180 g",
   "url": "https://www.selver.ee/teravatipuline-paprika-ramiro-mix",
   "hind": [
    {
     "hind": "2,99 €"
    }
   ]
  },
  {
   "product": "Pai ahjuõuna smuuti, PAI, 280 ml",
   "url": "https://www.selver.ee/pai-ahjuouna-smuuti-pai-280-ml-1",
   "hind": [
    {
     "hind": "1,79 €"
    }
   ]
  },
  {
   "product": "Hapukapsas köömnetega, SAAREMAA, 900 g",
   "url": "https://www.selver.ee/hapukapsas-koomnetega-saaremaa-900-g",
   "hind": [
    {
     "hind": "1,59 €"
    }
   ]
  },
  {
   "product": "Viilutatud sibul marinaadis, DIMDINI, 400 g",
   "url": "https://www.selver.ee/viilutatud-sibul-marinaadis-dimdini-400-g",
   "hind": [
    {
     "hind": "1,99 €"
    }
   ]
  },
  {
   "product": "Virsiku ja granadilli smuuti, FROOSH, 750 ml",
   "url": "https://www.selver.ee/virsiku-ja-granadilli-smuuti-froosh-750-ml-1",
   "hind": [
    {
     "hind": "4,99 €"
    }
   ]
  },
  {
   "product": "Smushie Ökoloogiline Peedi-vaarikapüree kanepiseemnetega, SALVEST, 170 g",
   "url": "https://www.selver.ee/smushie-okoloogiline-peedi-vaarikapuree-kanepiseemnetega-salvest-170-g",
   "hind": [
    {
     "hind": "2,29 €"
    }
   ]
  },
  {
   "product": "Apelsinimahl, MANA, 750 ml",
   "url": "https://www.selver.ee/apelsinimahl-750ml-mana-1",
   "hind": [
    {
     "hind": "3,59 €"
    }
   ]
  },
  {
   "product": "Pirnõun ehk Nashi pirn, kg",
   "url": "https://www.selver.ee/pirnoun-ehk-nashi-pirnkg",
   "hind": [
    {
     "hind": "2,99 €"
    }
   ]
  },
  {
   "product": "Koorene piprakaste, FOODSTUDIO, 230 ml",
   "url": "https://www.selver.ee/koorene-piprakaste-foodstudio-230-ml",
   "hind": [
    {
     "hind": "2,99 €"
    }
   ]
  },
  {
   "product": "Õuna-mango puuviljamiks, POM´BEL, 4x100g",
   "url": "https://www.selver.ee/ouna-mango-puuviljamiks-pom-bel-4x100g",
   "hind": [
    {
     "hind": "2,49 €"
    }
   ]
  },
  {
   "product": "Passionfruit pakitud, 4 tk",
   "url": "https://www.selver.ee/passionfruit-pakitud-4-tk",
   "hind": [
    {
     "hind": "4,99 €"
    }
   ]
  },
  {
   "product": "Küüslaugu idandid, LÕUNAIDU, 70 g",
   "url": "https://www.selver.ee/kuuslaugu-idandid-50-g",
   "hind": [
    {
     "hind": "1,99 €"
    }
   ]
  },
  {
   "product": "Smuuti Antioxidant, INNOCENT, 300 ml",
   "url": "https://www.selver.ee/smuuti-antioxidant-innocent-300-ml-1",
   "hind": [
    {
     "hind": "2,79 €"
    }
   ]
  },
  {
   "product": "Smushie Mango-apelsinismuuti datlitega, SALVEST, 170 g",
   "url": "https://www.selver.ee/smushie-mango-apelsinismuuti-datlitega-salvest-170-g",
   "hind": [
    {
     "hind": "2,29 €"
    }
   ]
  },
  {
   "product": "Porgandimahl, KADARBIKU KÖÖGIVILI, 330 ml",
   "url": "https://www.selver.ee/porgandimahl-kadarbiku-koogivili-330-ml-1",
   "hind": [
    {
     "hind": "1,79 €"
    }
   ]
  },
  {
   "product": "Mustika-vaarika smuuti, FROOSH, 750 ml",
   "url": "https://www.selver.ee/catalog/product/view/id/41378/s/mustika-vaarika-smuuti-froosh-750-ml-1/",
   "hind": [
    {
     "hind": "4,99 €"
    }
   ]
  },
  {
   "product": "Paksoi pakis Eat me, 2 tk",
   "url": "https://www.selver.ee/paksoi-pakis-eat-me-2-tk",
   "hind": [
    {
     "hind": "3,99 €"
    }
   ]
  },
  {
   "product": "Beebibrokoli, 200 g",
   "url": "https://www.selver.ee/beebibrokoli-200-g",
   "hind": [
    {
     "hind": "2,99 €"
    }
   ]
  },
  {
   "product": "Mahe mugulsibula mix, 500 g",
   "url": "https://www.selver.ee/mahe-mugulsibula-mix-500-g",
   "hind": [
    {
     "hind": "2,99 €"
    }
   ]
  },
  {
   "product": "Koorene sidrunikaste, FOODSTUDIO, 230 ml",
   "url": "https://www.selver.ee/koorene-sidrunikaste-foodstudio-230-ml",
   "hind": [
    {
     "hind": "2,99 €"
    }
   ]
  },
  {
   "product": "Kartulisektor Viibergi, 500 g",
   "url": "https://www.selver.ee/kartulisektor-viibergi-500-g",
   "hind": [
    {
     "hind": "1,39 €"
    }
   ]
  },
  {
   "product": "Ökoloogiline Aprikoosi-ananassismuuti linaseemnetega, SMUSHIE, 170 g",
   "url": "https://www.selver.ee/okoloogiline-aprikoosi-ananassipuree-linaseemnetega-smushie-170-g",
   "hind": [
    {
     "hind": "2,29 €"
    }
   ]
  },
  {
   "product": "Ingver, 200 g",
   "url": "https://www.selver.ee/oko-ingver-200-g",
   "hind": [
    {
     "hind": "1,99 €"
    }
   ]
  },
  {
   "product": "Petersell pakitud, kg",
   "url": "https://www.selver.ee/petersell-pakitud-kg",
   "hind": [
    {
     "hind": "9,99 €"
    }
   ]
  },
  {
   "product": "Mango-apelsini smuuti, FROOSH, 250 ml",
   "url": "https://www.selver.ee/catalog/product/view/id/41373/s/mango-apelsini-smuuti-froosh-250-ml-1/",
   "hind": [
    {
     "hind": "2,69 €"
    }
   ]
  },
  {
   "product": "Õunamahl, PÕLTSAMAA VÄRSKE, 280 ml",
   "url": "https://www.selver.ee/ounamahl-poltsamaa-varske-280-ml-1",
   "hind": [
    {
     "hind": "1,29 €"
    }
   ]
  },
  {
   "product": "Laim võrgus, 500 g",
   "url": "https://www.selver.ee/laim-vorgus-500-g",
   "hind": [
    {
     "hind": "3,99 €"
    }
   ]
  },
  {
   "product": "Avokaado värskelt pressitud mahl, KADARBIKU KÖÖGIVILI, 250 ml",
   "url": "https://www.selver.ee/avokaado-varskelt-pressitud-mahl-kadarbiku-koogivili-250-ml-1",
   "hind": [
    {
     "hind": "2,99 €"
    }
   ]
  },
  {
   "product": "Ingveri Shot, FRANKLY, 60 ml",
   "url": "https://www.selver.ee/ingveri-shot-frankly-60-ml",
   "hind": [
    {
     "hind": "2,29 €"
    }
   ]
  },
  {
   "product": "Kollane smuuti (mango, õun, apelsin, banaan, acerola), GRANINI, 250ml",
   "url": "https://www.selver.ee/kollane-smuuti-mango-oun-apelsin-banaan-acerola-granini-250ml-1",
   "hind": [
    {
     "hind": "2,39 €"
    }
   ]
  },
  {
   "product": "Õuna-Aprikoosi puuviljamiks, POM`BEL, 4x100g",
   "url": "https://www.selver.ee/ouna-aprikoosi-puuviljamiks-4x100g-pom-bel-400-g",
   "hind": [
    {
     "hind": "2,49 €"
    }
   ]
  },
  {
   "product": "Ingveri, kurkumi ja tšilli Shot, FRANKLY, 60 ml",
   "url": "https://www.selver.ee/ingveri-kurkumi-ja-tsilli-shot-frankly-60-ml",
   "hind": [
    {
     "hind": "2,29 €"
    }
   ]
  },
  {
   "product": "Papaia, kg",
   "url": "https://www.selver.ee/papaia-kg",
   "hind": [
    {
     "hind": "5,99 €"
    }
   ]
  },
  {
   "product": "Sidrunhein pakis, 50 g",
   "url": "https://www.selver.ee/sidrunhein-pakis-50-g",
   "hind": [
    {
     "hind": "1,29 €"
    }
   ]
  },
  {
   "product": "Ananassi-banaani-kookose smuuti, FROOSH, 250 ml",
   "url": "https://www.selver.ee/catalog/product/view/id/41375/s/ananassi-banaani-kookose-smuuti-froosh-250-ml-1/",
   "hind": [
    {
     "hind": "2,69 €"
    }
   ]
  },
  {
   "product": "Mahe Mungoa-Redise idusalat, RÜÜTS, 140 g",
   "url": "https://www.selver.ee/oko-mungoa-redise-idusalat-125-g",
   "hind": [
    {
     "hind": "1,99 €"
    }
   ]
  },
  {
   "product": "Ploom punane, karbis, 500 g",
   "url": "https://www.selver.ee/tume-ploom-karbis-500-g",
   "hind": [
    {
     "hind": "1,99 €"
    }
   ]
  },
  {
   "product": "Apelsinimahl viljalihaga, FRUUTI, 750 ml",
   "url": "https://www.selver.ee/apelsinimahl-viljalihaga-fruuti-750-ml-1",
   "hind": [
    {
     "hind": "3,79 €"
    }
   ]
  },
  {
   "product": "Apelsinimahl, PÕLTSAMAA VÄRSKE, 280 ml",
   "url": "https://www.selver.ee/apelsinimahl-poltsamaa-varske-280-ml-1",
   "hind": [
    {
     "hind": "1,59 €"
    }
   ]
  },
  {
   "product": "Õuna sidruni piparmündi värskelt pressitud mahl, KADARBIKU KÖÖGIVILI, 750 ml",
   "url": "https://www.selver.ee/ouna-sidruni-piparmundi-varskelt-pressitud-mahl-kadarbiku-koogivili-750-ml-1",
   "hind": [
    {
     "hind": "4,99 €"
    }
   ]
  },
  {
   "product": "Fenkol (apteegitill), kg",
   "url": "https://www.selver.ee/fenkol-apteegitill-taldrikul-kg",
   "hind": [
    {
     "hind": "4,99 €"
    }
   ]
  },
  {
   "product": "Mahe Lutserni idud, RÜÜTS, 100 g",
   "url": "https://www.selver.ee/oko-lutserni-idud-100-g",
   "hind": [
    {
     "hind": "1,99 €"
    }
   ]
  },
  {
   "product": "Rosmariin, JÄRVIKYLA, tk",
   "url": "https://www.selver.ee/rosmariin-jarvikyla-tk",
   "hind": [
    {
     "hind": "4,99 €"
    }
   ]
  },
  {
   "product": "Värskekapsasalat tilliga, DIMDINI, 650 g",
   "url": "https://www.selver.ee/varskekapsasalat-tilliga-650-g",
   "hind": [
    {
     "hind": "1,49 €"
    }
   ]
  },
  {
   "product": "Maasika-banaani-guajaavi smuuti, FROOSH, 750 ml",
   "url": "https://www.selver.ee/maasika-banaani-guajaavi-smuuti-froosh-750-ml",
   "hind": [
    {
     "hind": "4,99 €"
    }
   ]
  },
  {
   "product": "Punane smuuti (maasika, banaan), GRANINI, 250ml",
   "url": "https://www.selver.ee/punane-smuuti-maasika-banaan-granini-250ml-1",
   "hind": [
    {
     "hind": "2,39 €"
    }
   ]
  },
  {
   "product": "Mahe Idusalat (Lutserni, Mungoa- ja Läätse idud), RÜÜTS, 140 g",
   "url": "https://www.selver.ee/oko-idusalat-lutserni-mungoa-ja-laatse-idud-125-g",
   "hind": [
    {
     "hind": "1,99 €"
    }
   ]
  },
  {
   "product": "Punase apelsini mahl, RYNKEBY, 1 l",
   "url": "https://www.selver.ee/punase-apelsini-mahl-rynkeby-1-l",
   "hind": [
    {
     "hind": "3,59 €"
    }
   ]
  },
  {
   "product": "Dattel Medjoul eksklusiivne, 400 g",
   "url": "https://www.selver.ee/dattel-400-g",
   "hind": [
    {
     "hind": "4,99 €"
    }
   ]
  },
  {
   "product": "Õuna-mangomahl, PÕLTSAMAA VÄRSKE, 280 ml",
   "url": "https://www.selver.ee/ouna-mangomahl-poltsamaa-varske-280-ml-1",
   "hind": [
    {
     "hind": "1,59 €"
    }
   ]
  },
  {
   "product": "Marineeritud männiriisikad, 450 g",
   "url": "https://www.selver.ee/marineeritud-manniriisikas-450-g",
   "hind": [
    {
     "hind": "3,99 €"
    }
   ]
  },
  {
   "product": "Valge smuuti (õun, küdoonia, virsik, banaan, acerola), GRANINI, 250ml",
   "url": "https://www.selver.ee/valge-smuuti-oun-kudoonia-virsik-banaan-acerola-granini-250ml-1",
   "hind": [
    {
     "hind": "2,39 €"
    }
   ]
  },
  {
   "product": "Troopiline segumahl mango ja passioniviljaga, RYNKEBY, 1 l",
   "url": "https://www.selver.ee/troopiline-segumahl-mango-ja-passioniviljaga-rynkeby-1-l",
   "hind": [
    {
     "hind": "3,59 €"
    }
   ]
  },
  {
   "product": "Smuuti Into the blue, INNOCENT, 300 ml",
   "url": "https://www.selver.ee/smuuti-into-the-blue-innocent-300-ml-1",
   "hind": [
    {
     "hind": "2,79 €"
    }
   ]
  },
  {
   "product": "Hernes, 500 g",
   "url": "https://www.selver.ee/hernes-500-g",
   "hind": [
    {
     "hind": "3,99 €"
    }
   ]
  },
  {
   "product": "Mahe hapukapsas ämbris, 900 g",
   "url": "https://www.selver.ee/mahe-hapukapsas-ambris-900-g",
   "hind": [
    {
     "hind": "4,69 €"
    }
   ]
  },
  {
   "product": "God Morgon Limonaad sidruniga, RYNKEBY, 1 l",
   "url": "https://www.selver.ee/god-morgon-limonaad-sidruniga-rynkeby-1-l",
   "hind": [
    {
     "hind": "2,69 €"
    }
   ]
  },
  {
   "product": "Shiitake karbis, 150 g",
   "url": "https://www.selver.ee/shiitake-karbis-150-g",
   "hind": [
    {
     "hind": "4,99 €"
    }
   ]
  },
  {
   "product": "Marineeritud kuuseriisikad, 450 g",
   "url": "https://www.selver.ee/marineeritud-kuuseriisikas-450-g",
   "hind": [
    {
     "hind": "3,99 €"
    }
   ]
  },
  {
   "product": "Smuuti kiivi ja spinati, orgaaniline, HUMBLE, 300 ml",
   "url": "https://www.selver.ee/smuuti-kiivi-ja-spinati-orgaaniline-humble-300-ml-1",
   "hind": [
    {
     "hind": "2,69 €"
    }
   ]
  },
  {
   "product": "Basiilik Tai (potis), ORU FARM, 1 tk",
   "url": "https://www.selver.ee/basiilik-tai-potis-tk",
   "hind": [
    {
     "hind": "1,99 €"
    }
   ]
  },
  {
   "product": "Mustika mahl, TAARAPÕLLU TALU, 500 ml",
   "url": "https://www.selver.ee/mustika-mahl-taarapollu-talu-500-ml-1",
   "hind": [
    {
     "hind": "6,49 €"
    }
   ]
  },
  {
   "product": "Maasika,pirni,õuna värskelt pressitud mahl, KADARBIKU KÖÖGIVILI, 250 ml",
   "url": "https://www.selver.ee/maasika-pirni-ouna-varskelt-pressitud-mahl-kadarbiku-koogivili-250-ml-1",
   "hind": [
    {
     "hind": "2,99 €"
    }
   ]
  },
  {
   "product": "Õuna, sidruni, piparmündi värskelt pressitud mahl, KADARBIKU KÖÖGIVILI, 250 ml",
   "url": "https://www.selver.ee/ouna-sidruni-piparmundi-varskelt-pressitud-mahl-kadarbiku-koogivili-250-ml-1",
   "hind": [
    {
     "hind": "2,99 €"
    }
   ]
  },
  {
   "product": "Banaan punane, kg",
   "url": "https://www.selver.ee/banaan-punane-kg",
   "hind": [
    {
     "hind": "3,99 €"
    }
   ]
  },
  {
   "product": "Smuuti ananassi, peedi, aloe vera ja ingveri, FROOSH, 250 ml",
   "url": "https://www.selver.ee/smuuti-ananassi-peedi-aloe-vera-ja-ingveri-froosh-250-ml-1",
   "hind": [
    {
     "hind": "2,69 €"
    }
   ]
  },
  {
   "product": "Ingveri, rohelise tšilli ja spinati Shot, FRANKLY, 60 ml",
   "url": "https://www.selver.ee/ingveri-rohelise-tsilli-ja-spinati-shot-frankly-60-ml",
   "hind": [
    {
     "hind": "2,29 €"
    }
   ]
  },
  {
   "product": "Smuuti kiivi ja spinati „Clean Green“, FROOSH, 250ml",
   "url": "https://www.selver.ee/smuuti-kiivi-ja-spinati-clean-green-froosh-250ml-1",
   "hind": [
    {
     "hind": "2,69 €"
    }
   ]
  },
  {
   "product": "Smuuti maasika ja marja, orgaaniline, HUMBLE, 300 ml",
   "url": "https://www.selver.ee/smuuti-maasika-ja-marja-orgaaniline-humble-300-ml-1",
   "hind": [
    {
     "hind": "2,69 €"
    }
   ]
  },
  {
   "product": "Marineeritud šampinjonid, EESTI AND, 500 g",
   "url": "https://www.selver.ee/marineeritud-sampinjonid-500-g",
   "hind": [
    {
     "hind": "3,99 €"
    }
   ]
  },
  {
   "product": "Riivitud keedupeet vaakumis, SAGRO, 400 g",
   "url": "https://www.selver.ee/riivitud-keedupeet-vaakumis-sagro-400-g",
   "hind": [
    {
     "hind": "1,09 €"
    }
   ]
  },
  {
   "product": "Mango, banaani, õuna värskelt pressitud mahl, KADARBIKU KÖÖGIVILI, 250 ml",
   "url": "https://www.selver.ee/mango-banaani-ouna-varskelt-pressitud-mahl-kadarbiku-koogivili-250-ml-1",
   "hind": [
    {
     "hind": "2,29 €"
    },
    {
     "hind": "2,99 €"
    }
   ]
  },
  {
   "product": "Oregano potis, ORU FARM, tk",
   "url": "https://www.selver.ee/oregano-potis-oru-tk",
   "hind": [
    {
     "hind": "1,99 €"
    }
   ]
  },
  {
   "product": "God Morgon Punase greibi mahl, RYNKEBY, 1 l",
   "url": "https://www.selver.ee/god-morgon-punase-greibi-mahl-rynkeby-1-l",
   "hind": [
    {
     "hind": "3,29 €"
    }
   ]
  },
  {
   "product": "Smuuti Mango, orgaaniline, HUMBLE, 300 ml",
   "url": "https://www.selver.ee/smuuti-mango-orgaaniline-humble-300-ml-1",
   "hind": [
    {
     "hind": "2,69 €"
    }
   ]
  },
  {
   "product": "Smuuti sidrunmelissi, kummeli ja ananassi \"Slow Down\", FROOSH, 250ml",
   "url": "https://www.selver.ee/smuuti-sidrunmelissi-kummeli-ja-ananassi-slow-down-froosh-250ml-1",
   "hind": [
    {
     "hind": "2,69 €"
    }
   ]
  },
  {
   "product": "Porgandi-õunamahl, MANA, 750 ml",
   "url": "https://www.selver.ee/porgandi-ounamahl-750ml-mana-1",
   "hind": [
    {
     "hind": "2,79 €"
    }
   ]
  },
  {
   "product": "Apelsinimahl värskeltpressitud, GRANINI, 250ml",
   "url": "https://www.selver.ee/apelsinimahl-varskeltpressitud-granini-250ml-1",
   "hind": [
    {
     "hind": "2,39 €"
    }
   ]
  },
  {
   "product": "Jõhvika mahl, TAARAPÕLLU TALU, 500 ml",
   "url": "https://www.selver.ee/johvika-mahl-taarapollu-talu-500-ml-1",
   "hind": [
    {
     "hind": "6,49 €"
    }
   ]
  },
  {
   "product": "Avokaado värskelt pressitud mahl, KADARBIKU KÖÖGIVILI, 750 ml",
   "url": "https://www.selver.ee/avokaado-varskelt-pressitud-mahl-kadarbiku-koogivili-750-ml-1",
   "hind": [
    {
     "hind": "4,99 €"
    }
   ]
  },
  {
   "product": "Mango, banaani, õuna värskelt pressitud mahl, KADARBIKU KÖÖGIVILI, 750 ml",
   "url": "https://www.selver.ee/mango-banaani-ouna-varskelt-pressitud-mahl-kadarbiku-koogivili-750-ml-1",
   "hind": [
    {
     "hind": "4,99 €"
    }
   ]
  },
  {
   "product": "Tšillipipar pakitud taldrikule, kg",
   "url": "https://www.selver.ee/tsillipipar-pakitud-taldrikule-kg",
   "hind": [
    {
     "hind": "18,99 €"
    }
   ]
  },
  {
   "product": "Smuuti ananassi ja kookose, orgaaniline, HUMBLE, 300 ml",
   "url": "https://www.selver.ee/smuuti-ananassi-ja-kookose-orgaaniline-humble-300-ml-1",
   "hind": [
    {
     "hind": "2,69 €"
    }
   ]
  },
  {
   "product": "Apelsini õuna värskelt pressitud mahl, KADARBIKU KÖÖGIVILI, 750 ml",
   "url": "https://www.selver.ee/apelsini-ouna-varskelt-pressitud-mahl-kadarbiku-koogivili-750-ml-1",
   "hind": [
    {
     "hind": "4,99 €"
    }
   ]
  },
  {
   "product": "Apelsinimahl, MANA, 250 ml",
   "url": "https://www.selver.ee/apelsinimahl-250ml-mana-1",
   "hind": [
    {
     "hind": "1,69 €"
    }
   ]
  },
  {
   "product": "Lehtkapsas Kale, 250 g",
   "url": "https://www.selver.ee/lehtkapsas-kale-250-g",
   "hind": [
    {
     "hind": "1,99 €"
    }
   ]
  },
  {
   "product": "Tsillipiparde mix Spice planet, 75 g",
   "url": "https://www.selver.ee/tsillipiparde-mix-spice-planet-75-g",
   "hind": [
    {
     "hind": "2,49 €"
    }
   ]
  },
  {
   "product": "Mustsõstra mahl, TAARAPÕLLU TALU, 500 ml",
   "url": "https://www.selver.ee/mustsostra-mahl-taarapollu-talu-500-ml-1",
   "hind": [
    {
     "hind": "5,49 €"
    }
   ]
  },
  {
   "product": "Eelkeedetud kaalika-porgandi segu tüümianiga, , 300 g",
   "url": "https://www.selver.ee/eelkeedetud-kaalika-porgandi-segu-tuumianiga-300-g",
   "hind": [
    {
     "hind": "1,99 €"
    }
   ]
  },
  {
   "product": "Aroonia mahl, TAARAPÕLLU TALU, 500 ml",
   "url": "https://www.selver.ee/aroonia-mahl-taarapollu-talu-500-ml-1",
   "hind": [
    {
     "hind": "6,49 €"
    }
   ]
  },
  {
   "product": "Astelpaju mahl, TAARAPÕLLU TALU, 500 ml",
   "url": "https://www.selver.ee/astelpaju-mahl-taarapollu-talu-500-ml-1",
   "hind": [
    {
     "hind": "6,49 €"
    }
   ]
  },
  {
   "product": "Kukeseen marineeritud, EESTI AND, 500 g",
   "url": "https://www.selver.ee/kukeseen-marineeritud-eesti-and-500-g",
   "hind": [
    {
     "hind": "4,99 €"
    }
   ]
  },
  {
   "product": "Kuivatatud kivipuravik, EESTI AND, 35 g",
   "url": "https://www.selver.ee/kuivatatud-kivipuravik-eesti-and-35-g",
   "hind": [
    {
     "hind": "4,99 €"
    }
   ]
  },
  {
   "product": "Kukeseened soolatud, EESTI AND, 500 g",
   "url": "https://www.selver.ee/kukeseened-soolatud-eesti-and-500-g",
   "hind": [
    {
     "hind": "4,99 €"
    }
   ]
  },
  {
   "product": "Ahjus röstitud peet küüslaugu ürtidega, , 300 g",
   "url": "https://www.selver.ee/ahjus-rostitud-peet-kuuslaugu-urtidega-300-g",
   "hind": [
    {
     "hind": "1,59 €"
    }
   ]
  },
  {
   "product": "Smuuti Culture Crush, INNOCENT, 300 ml",
   "url": "https://www.selver.ee/smuuti-culture-crush-innocent-300-ml-1",
   "hind": [
    {
     "hind": "2,79 €"
    }
   ]
  },
  {
   "product": "Astelpaju mahlajook, 330 ml",
   "url": "https://www.selver.ee/astelpaju-mahlajook-330-ml-1",
   "hind": [
    {
     "hind": "1,99 €"
    }
   ]
  },
  {
   "product": "Jõhvikad šokoladi glasuuris, 80 g",
   "url": "https://www.selver.ee/johvikad-tuhksuhkru-ja-kakaoga-80-g",
   "hind": [
    {
     "hind": "2,49 €"
    }
   ]
  },
  {
   "product": "Mitme marja mahl, TAARAPÕLLU TALU, 500 ml",
   "url": "https://www.selver.ee/mitme-marja-mahl-taarapollu-talu-500-ml-1",
   "hind": [
    {
     "hind": "4,49 €"
    }
   ]
  },
  {
   "product": "Smuuti Up and Oat, INNOCENT, 300 ml",
   "url": "https://www.selver.ee/smuuti-up-and-oat-innocent-300-ml-1",
   "hind": [
    {
     "hind": "2,79 €"
    }
   ]
  },
  {
   "product": "Kurkum pakitud, 125 g",
   "url": "https://www.selver.ee/kurkum-pakitud-125-g",
   "hind": [
    {
     "hind": "2,59 €"
    }
   ]
  },
  {
   "product": "Pohla mahl, TAARAPÕLLU TALU, 500 ml",
   "url": "https://www.selver.ee/pohla-mahl-taarapollu-talu-500-ml-1",
   "hind": [
    {
     "hind": "5,49 €"
    }
   ]
  },
  {
   "product": "Mahe Läätse idusalat (Beluga-ja Rohelise läätse idud), RÜÜTS, 140 g",
   "url": "https://www.selver.ee/oko-laatse-idusalat-beluga-ja-rohelise-laatse-idud-ruuts-125-g",
   "hind": [
    {
     "hind": "1,99 €"
    }
   ]
  },
  {
   "product": "Smuuti Protein bream, INNOCENT, 300 ml",
   "url": "https://www.selver.ee/smuuti-protein-bream-innocent-300-ml-1",
   "hind": [
    {
     "hind": "2,79 €"
    }
   ]
  },
  {
   "product": "Mango-banaani smuuti, FRUUTI, 750 ml",
   "url": "https://www.selver.ee/mango-banaani-smuuti-fruuti-750-ml-1",
   "hind": [
    {
     "hind": "4,79 €"
    }
   ]
  },
  {
   "product": "Porgandi-apelsini-ingveri smuuti, FROOSH, 250 ml",
   "url": "https://www.selver.ee/catalog/product/view/id/41478/s/porgandi-apelsini-ingveri-smuuti-froosh-250-ml-1/",
   "hind": [
    {
     "hind": "2,69 €"
    }
   ]
  },
  {
   "product": "Õunamahl, TAARAPÕLLU TALU, 500 ml",
   "url": "https://www.selver.ee/ounamahl-taarapollu-talu-500-ml-1",
   "hind": [
    {
     "hind": "2,99 €"
    }
   ]
  },
  {
   "product": "Smuuti maasika, banaani ja guajaavi, FROOSH, 250 ml",
   "url": "https://www.selver.ee/catalog/product/view/id/41477/s/maasika-banaani-guaave-smuuti-froosh-250-ml-1/",
   "hind": [
    {
     "hind": "2,69 €"
    }
   ]
  },
  {
   "product": "Porgandi-õunamahl, MANA, 250 ml",
   "url": "https://www.selver.ee/porgandi-ounamahl-250ml-mana-1",
   "hind": [
    {
     "hind": "1,69 €"
    }
   ]
  },
  {
   "product": "Kumkvaat, kg",
   "url": "https://www.selver.ee/kumkvaat-kg",
   "hind": [
    {
     "hind": "9,99 €"
    }
   ]
  },
  {
   "product": "Smuuti mango, guaraana & kohviekstrakti, FROOSH, 250ml",
   "url": "https://www.selver.ee/smuuti-mango-guaraana-kohviekstrakti-froosh-250ml-1",
   "hind": [
    {
     "hind": "2,69 €"
    }
   ]
  },
  {
   "product": "Ananassi-kookose smuuti, FRUUTI, 750 ml",
   "url": "https://www.selver.ee/ananassi-kookose-smuuti-fruuti-750-ml-1",
   "hind": [
    {
     "hind": "4,79 €"
    }
   ]
  },
  {
   "product": "HULGI God Morgon apelsinimahl Sweet Brazil 6x1L, RYNKEBY, 6 L",
   "url": "https://www.selver.ee/god-morning-apelsinimahl-sweet-brazil-6x1l-rynkeby-6-l",
   "hind": [
    {
     "hind": "13,99 €"
    }
   ]
  },
  {
   "product": "Granaatõuna mahl 100%, VITALGRANA, 700 ml",
   "url": "https://www.selver.ee/granaatouna-mahl-100-vitalgrana-700-ml-1",
   "hind": [
    {
     "hind": "4,99 €"
    }
   ]
  },
  {
   "product": "Mahe Ebaküdoonia mahl, TAARAPÕLLU TALU, 500 ml",
   "url": "https://www.selver.ee/mahe-ebakudoonia-mahl-taarapollu-talu-500-ml-1",
   "hind": [
    {
     "hind": "5,49 €"
    }
   ]
  },
  {
   "product": "Marineeritud soolakurgi salat, 300 g",
   "url": "https://www.selver.ee/marineeritud-soolakurgi-salat-300-g",
   "hind": [
    {
     "hind": "2,49 €"
    }
   ]
  },
  {
   "product": "Smuuti Love Berries (klaas), LARGO, 250 ml",
   "url": "https://www.selver.ee/smuuti-love-berries-klaas-largo-250-ml-1",
   "hind": [
    {
     "hind": "1,69 €"
    }
   ]
  },
  {
   "product": "Tamarind, 450 g",
   "url": "https://www.selver.ee/tamarind-500-g",
   "hind": [
    {
     "hind": "4,99 €"
    }
   ]
  },
  {
   "product": "Kuivatatud kukeseen, EESTI AND, 30 g",
   "url": "https://www.selver.ee/kuivatatud-kukeseen-eesti-and-30-g",
   "hind": [
    {
     "hind": "4,99 €"
    }
   ]
  },
  {
   "product": "Virsik, kg",
   "url": "https://www.selver.ee/virsik-kg",
   "hind": [
    {
     "hind": "3,99 €"
    }
   ]
  },
  {
   "product": "Pitahaia, kg",
   "url": "https://www.selver.ee/pitahaia-kg",
   "hind": [
    {
     "hind": "25,90 €"
    }
   ]
  },
  {
   "product": "Granaatõuna mahl 100%, VITALGRANA, 200 ml",
   "url": "https://www.selver.ee/granaatouna-mahl-100-vitalgrana-200-ml-1",
   "hind": [
    {
     "hind": "1,99 €"
    }
   ]
  },
  {
   "product": "Apelsini ökosmuuti, FRUUTI, 750 ml",
   "url": "https://www.selver.ee/apelsini-okosmuuti-fruuti-750-ml-1",
   "hind": [
    {
     "hind": "4,79 €"
    }
   ]
  },
  {
   "product": "Rabarberi mahl, TAARAPÕLLU TALU, 500 ml",
   "url": "https://www.selver.ee/rabarberi-mahl-taarapollu-talu-500-ml-1",
   "hind": [
    {
     "hind": "5,49 €"
    }
   ]
  },
  {
   "product": "Smuuti Ever Green (klaas), LARGO, 250 ml",
   "url": "https://www.selver.ee/smuuti-ever-green-klaas-largo-250-ml-1",
   "hind": [
    {
     "hind": "1,69 €"
    }
   ]
  },
  {
   "product": "Kuivatatud lehterkukeseened 20 g",
   "url": "https://www.selver.ee/kuivatatud-lehterkukeseened-20-g",
   "hind": [
    {
     "hind": "4,99 €"
    }
   ]
  },
  {
   "product": "Tomat, INTSU, kg",
   "url": "https://www.selver.ee/tomat-intsu-kg",
   "hind": [
    {
     "hind": "7,99 €"
    }
   ]
  },
  {
   "product": "Kirsstomat punane, INTSU, 250 g",
   "url": "https://www.selver.ee/kirsstomat-punane-intsu-250-g",
   "hind": [
    {
     "hind": "3,99 €"
    }
   ]
  },
  {
   "product": "Keedupeedi kuubikud, SAGRO, 400 g",
   "url": "https://www.selver.ee/keedupeedi-kuubikud-sagro-400-g",
   "hind": [
    {
     "hind": "1,09 €"
    }
   ]
  },
  {
   "product": "Kuivatatud Must torbikseen, EESTI AND, 25 g",
   "url": "https://www.selver.ee/kuivatatud-must-torbikseen-eesti-and-25-g",
   "hind": [
    {
     "hind": "4,99 €"
    }
   ]
  },
  {
   "product": "Aprikoos, kg",
   "url": "https://www.selver.ee/aprikoos-kg",
   "hind": [
    {
     "hind": "7,99 €"
    }
   ]
  },
  {
   "product": "Avokaado lõikur",
   "url": "https://www.selver.ee/avokaado-loikur",
   "hind": [
    {
     "hind": "3,99 €"
    }
   ]
  },
  {
   "product": "Mustjuur, kg",
   "url": "https://www.selver.ee/mustjuur-kg",
   "hind": [
    {
     "hind": "6,99 €"
    }
   ]
  }
 ]
}